id,name,slug,category__name,description,price,original_price,stock,brand,sku,is_active,is_featured,meta_keywords,meta_description
1,ProMax Webcam HD Pro,promax-webcam-hd-pro,Electronics,High-quality ProMax Webcam HD Pro from ProMax. Perfect for everyday use with premium features. Available in multiple colors and sizes.,326.97,438.28,65,ProMax,ELE-PRO-00001,True,False,"ProMax Webcam HD Pro, Electronics, ProMax, affordable, quality",Buy ProMax Webcam HD Pro online. Premium quality product at best price. ProMax - trusted brand.
2,Organic Wireless Earbuds Max,organic-wireless-earbuds-max,Electronics,High-quality Organic Wireless Earbuds Max from Organic. Perfect for everyday use with premium features. Available in multiple colors and sizes.,407.31,592.61,57,Organic,ELE-ORG-00002,False,False,"Organic Wireless Earbuds Max, Electronics, Organic, affordable, quality",Buy Organic Wireless Earbuds Max online. Premium quality product at best price. Organic - trusted brand.
3,tech Screen Protector Plus,tech-screen-protector-plus,Electronics,High-quality tech Screen Protector Plus from tech. Perfect for everyday use with premium features. Available in multiple colors and sizes.,422.29,473.34,88,tech,ELE-TEC-00003,True,False,"tech Screen Protector Plus, Electronics, tech, affordable, quality",Buy tech Screen Protector Plus online. Premium quality product at best price. tech - trusted brand.
4,ProMax Cable Organizer Plus,promax-cable-organizer-plus,Electronics,High-quality ProMax Cable Organizer Plus from ProMax. Perfect for everyday use with premium features. Available in multiple colors and sizes.,365.07,446.59,24,ProMax,ELE-PRO-00004,True,False,"ProMax Cable Organizer Plus, Electronics, ProMax, affordable, quality",Buy ProMax Cable Organizer Plus online. Premium quality product at best price. ProMax - trusted brand.
5,ProMax Mechanical Keyboard Max,promax-mechanical-keyboard-max,Electronics,High-quality ProMax Mechanical Keyboard Max from ProMax. Perfect for everyday use with premium features. Available in multiple colors and sizes.,237.87,287.46,11,ProMax,ELE-PRO-00005,True,False,"ProMax Mechanical Keyboard Max, Electronics, ProMax, affordable, quality",Buy ProMax Mechanical Keyboard Max online. Premium quality product at best price. ProMax - trusted brand.
6,luxury Mechanical Keyboard Max,luxury-mechanical-keyboard-max,Electronics,High-quality luxury Mechanical Keyboard Max from luxury. Perfect for everyday use with premium features. Available in multiple colors and sizes.,402.69,559.85,81,luxury,ELE-LUX-00006,True,True,"luxury Mechanical Keyboard Max, Electronics, luxury, affordable, quality",Buy luxury Mechanical Keyboard Max online. Premium quality product at best price. luxury - trusted brand.
7,Organic Laptop Stand Plus,organic-laptop-stand-plus,Electronics,High-quality Organic Laptop Stand Plus from Organic. Perfect for everyday use with premium features. Available in multiple colors and sizes.,454.13,515.09,27,Organic,ELE-ORG-00007,True,False,"Organic Laptop Stand Plus, Electronics, Organic, affordable, quality",Buy Organic Laptop Stand Plus online. Premium quality product at best price. Organic - trusted brand.
8,standard Monitor Pro,standard-monitor-pro,Electronics,High-quality standard Monitor Pro from standard. Perfect for everyday use with premium features. Available in multiple colors and sizes.,139.73,158.67,29,standard,ELE-STA-00008,False,False,"standard Monitor Pro, Electronics, standard, affordable, quality",Buy standard Monitor Pro online. Premium quality product at best price. standard - trusted brand.
9,comfort Smart Watch Lite,comfort-smart-watch-lite,Electronics,High-quality comfort Smart Watch Lite from comfort. Perfect for everyday use with premium features. Available in multiple colors and sizes.,330.54,365.61,70,comfort,ELE-COM-00009,False,False,"comfort Smart Watch Lite, Electronics, comfort, affordable, quality",Buy comfort Smart Watch Lite online. Premium quality product at best price. comfort - trusted brand.
10,value LED Desk Lamp Ultra,value-led-desk-lamp-ultra,Electronics,High-quality value LED Desk Lamp Ultra from value. Perfect for everyday use with premium features. Available in multiple colors and sizes.,193.61,216.95,73,value,ELE-VAL-00010,True,True,"value LED Desk Lamp Ultra, Electronics, value, affordable, quality",Buy value LED Desk Lamp Ultra online. Premium quality product at best price. value - trusted brand.
11,Smart LED Desk Lamp Plus,smart-led-desk-lamp-plus,Electronics,High-quality Smart LED Desk Lamp Plus from Smart. Perfect for everyday use with premium features. Available in multiple colors and sizes.,191.01,218.82,51,Smart,ELE-SMA-00011,True,True,"Smart LED Desk Lamp Plus, Electronics, Smart, affordable, quality",Buy Smart LED Desk Lamp Plus online. Premium quality product at best price. Smart - trusted brand.
12,Pro Monitor Premium,pro-monitor-premium,Electronics,High-quality Pro Monitor Premium from Pro. Perfect for everyday use with premium features. Available in multiple colors and sizes.,226.64,250.57,31,Pro,ELE-PRO-00012,True,False,"Pro Monitor Premium, Electronics, Pro, affordable, quality",Buy Pro Monitor Premium online. Premium quality product at best price. Pro - trusted brand.
13,tech Phone Case,tech-phone-case,Electronics,High-quality tech Phone Case from tech. Perfect for everyday use with premium features. Available in multiple colors and sizes.,467.65,657.05,25,tech,ELE-TEC-00013,False,True,"tech Phone Case, Electronics, tech, affordable, quality",Buy tech Phone Case online. Premium quality product at best price. tech - trusted brand.
14,tech Phone Mount Premium,tech-phone-mount-premium,Electronics,High-quality tech Phone Mount Premium from tech. Perfect for everyday use with premium features. Available in multiple colors and sizes.,175.24,214.04,54,tech,ELE-TEC-00014,False,False,"tech Phone Mount Premium, Electronics, tech, affordable, quality",Buy tech Phone Mount Premium online. Premium quality product at best price. tech - trusted brand.
15,BrandX LED Desk Lamp,brandx-led-desk-lamp,Electronics,High-quality BrandX LED Desk Lamp from BrandX. Perfect for everyday use with premium features. Available in multiple colors and sizes.,28.22,40.64,90,BrandX,ELE-BRA-00015,True,False,"BrandX LED Desk Lamp, Electronics, BrandX, affordable, quality",Buy BrandX LED Desk Lamp online. Premium quality product at best price. BrandX - trusted brand.
16,Elite Mechanical Keyboard Standard,elite-mechanical-keyboard-standard,Electronics,High-quality Elite Mechanical Keyboard Standard from Elite. Perfect for everyday use with premium features. Available in multiple colors and sizes.,202.5,243.93,53,Elite,ELE-ELI-00016,True,False,"Elite Mechanical Keyboard Standard, Electronics, Elite, affordable, quality",Buy Elite Mechanical Keyboard Standard online. Premium quality product at best price. Elite - trusted brand.
17,Pro Webcam HD Lite,pro-webcam-hd-lite,Electronics,High-quality Pro Webcam HD Lite from Pro. Perfect for everyday use with premium features. Available in multiple colors and sizes.,140.14,189.75,41,Pro,ELE-PRO-00017,True,False,"Pro Webcam HD Lite, Electronics, Pro, affordable, quality",Buy Pro Webcam HD Lite online. Premium quality product at best price. Pro - trusted brand.
18,Organic Phone Case Max,organic-phone-case-max,Electronics,High-quality Organic Phone Case Max from Organic. Perfect for everyday use with premium features. Available in multiple colors and sizes.,404.63,506.54,89,Organic,ELE-ORG-00018,True,True,"Organic Phone Case Max, Electronics, Organic, affordable, quality",Buy Organic Phone Case Max online. Premium quality product at best price. Organic - trusted brand.
19,value USB-C Cable Max,value-usb-c-cable-max,Electronics,High-quality value USB-C Cable Max from value. Perfect for everyday use with premium features. Available in multiple colors and sizes.,173.2,197.36,12,value,ELE-VAL-00019,True,False,"value USB-C Cable Max, Electronics, value, affordable, quality",Buy value USB-C Cable Max online. Premium quality product at best price. value - trusted brand.
20,Classic Gaming Mouse Premium,classic-gaming-mouse-premium,Electronics,High-quality Classic Gaming Mouse Premium from Classic. Perfect for everyday use with premium features. Available in multiple colors and sizes.,157.76,177.52,45,Classic,ELE-CLA-00020,True,False,"Classic Gaming Mouse Premium, Electronics, Classic, affordable, quality",Buy Classic Gaming Mouse Premium online. Premium quality product at best price. Classic - trusted brand.
21,eco Charger Fast Premium,eco-charger-fast-premium,Electronics,High-quality eco Charger Fast Premium from eco. Perfect for everyday use with premium features. Available in multiple colors and sizes.,289.14,417.55,65,eco,ELE-ECO-00021,True,True,"eco Charger Fast Premium, Electronics, eco, affordable, quality",Buy eco Charger Fast Premium online. Premium quality product at best price. eco - trusted brand.
22,Classic Monitor Lite,classic-monitor-lite,Electronics,High-quality Classic Monitor Lite from Classic. Perfect for everyday use with premium features. Available in multiple colors and sizes.,389.33,440.07,98,Classic,ELE-CLA-00022,True,False,"Classic Monitor Lite, Electronics, Classic, affordable, quality",Buy Classic Monitor Lite online. Premium quality product at best price. Classic - trusted brand.
23,luxury Charger Fast Plus,luxury-charger-fast-plus,Electronics,High-quality luxury Charger Fast Plus from luxury. Perfect for everyday use with premium features. Available in multiple colors and sizes.,85.82,112.69,0,luxury,ELE-LUX-00023,True,False,"luxury Charger Fast Plus, Electronics, luxury, affordable, quality",Buy luxury Charger Fast Plus online. Premium quality product at best price. luxury - trusted brand.
24,Smart Wireless Earbuds Plus,smart-wireless-earbuds-plus,Electronics,High-quality Smart Wireless Earbuds Plus from Smart. Perfect for everyday use with premium features. Available in multiple colors and sizes.,147.61,192.63,90,Smart,ELE-SMA-00024,True,False,"Smart Wireless Earbuds Plus, Electronics, Smart, affordable, quality",Buy Smart Wireless Earbuds Plus online. Premium quality product at best price. Smart - trusted brand.
25,Premium Bluetooth Speaker Premium,premium-bluetooth-speaker-premium,Electronics,High-quality Premium Bluetooth Speaker Premium from Premium. Perfect for everyday use with premium features. Available in multiple colors and sizes.,126.6,144.83,68,Premium,ELE-PRE-00025,True,False,"Premium Bluetooth Speaker Premium, Electronics, Premium, affordable, quality",Buy Premium Bluetooth Speaker Premium online. Premium quality product at best price. Premium - trusted brand.
26,quality Cable Organizer,quality-cable-organizer,Electronics,High-quality quality Cable Organizer from quality. Perfect for everyday use with premium features. Available in multiple colors and sizes.,403.14,580.79,73,quality,ELE-QUA-00026,False,False,"quality Cable Organizer, Electronics, quality, affordable, quality",Buy quality Cable Organizer online. Premium quality product at best price. quality - trusted brand.
27,basic Webcam HD Lite,basic-webcam-hd-lite,Electronics,High-quality basic Webcam HD Lite from basic. Perfect for everyday use with premium features. Available in multiple colors and sizes.,459.52,537.71,28,basic,ELE-BAS-00027,True,False,"basic Webcam HD Lite, Electronics, basic, affordable, quality",Buy basic Webcam HD Lite online. Premium quality product at best price. basic - trusted brand.
28,Classic USB-C Cable Standard,classic-usb-c-cable-standard,Electronics,High-quality Classic USB-C Cable Standard from Classic. Perfect for everyday use with premium features. Available in multiple colors and sizes.,374.63,493.9,55,Classic,ELE-CLA-00028,True,False,"Classic USB-C Cable Standard, Electronics, Classic, affordable, quality",Buy Classic USB-C Cable Standard online. Premium quality product at best price. Classic - trusted brand.
29,comfort Power Bank Pro,comfort-power-bank-pro,Electronics,High-quality comfort Power Bank Pro from comfort. Perfect for everyday use with premium features. Available in multiple colors and sizes.,311.94,424.42,11,comfort,ELE-COM-00029,True,False,"comfort Power Bank Pro, Electronics, comfort, affordable, quality",Buy comfort Power Bank Pro online. Premium quality product at best price. comfort - trusted brand.
30,value Bluetooth Speaker Lite,value-bluetooth-speaker-lite,Electronics,High-quality value Bluetooth Speaker Lite from value. Perfect for everyday use with premium features. Available in multiple colors and sizes.,223.09,291.77,8,value,ELE-VAL-00030,False,False,"value Bluetooth Speaker Lite, Electronics, value, affordable, quality",Buy value Bluetooth Speaker Lite online. Premium quality product at best price. value - trusted brand.
31,standard Mechanical Keyboard Premium,standard-mechanical-keyboard-premium,Electronics,High-quality standard Mechanical Keyboard Premium from standard. Perfect for everyday use with premium features. Available in multiple colors and sizes.,265.11,305.59,55,standard,ELE-STA-00031,False,False,"standard Mechanical Keyboard Premium, Electronics, standard, affordable, quality",Buy standard Mechanical Keyboard Premium online. Premium quality product at best price. standard - trusted brand.
32,Smart Charger Fast Pro,smart-charger-fast-pro,Electronics,High-quality Smart Charger Fast Pro from Smart. Perfect for everyday use with premium features. Available in multiple colors and sizes.,33.82,46.25,76,Smart,ELE-SMA-00032,False,False,"Smart Charger Fast Pro, Electronics, Smart, affordable, quality",Buy Smart Charger Fast Pro online. Premium quality product at best price. Smart - trusted brand.
33,BrandX Webcam HD Pro,brandx-webcam-hd-pro,Electronics,High-quality BrandX Webcam HD Pro from BrandX. Perfect for everyday use with premium features. Available in multiple colors and sizes.,401.18,501.95,90,BrandX,ELE-BRA-00033,True,False,"BrandX Webcam HD Pro, Electronics, BrandX, affordable, quality",Buy BrandX Webcam HD Pro online. Premium quality product at best price. BrandX - trusted brand.
34,Pro Tank Top Lite,pro-tank-top-lite,Clothing,High-quality Pro Tank Top Lite from Pro. Perfect for everyday use with premium features. Available in multiple colors and sizes.,267.85,345.05,45,Pro,CLO-PRO-00034,True,False,"Pro Tank Top Lite, Clothing, Pro, affordable, quality",Buy Pro Tank Top Lite online. Premium quality product at best price. Pro - trusted brand.
35,eco Sweater Premium,eco-sweater-premium,Clothing,High-quality eco Sweater Premium from eco. Perfect for everyday use with premium features. Available in multiple colors and sizes.,493.94,572.39,2,eco,CLO-ECO-00035,True,True,"eco Sweater Premium, Clothing, eco, affordable, quality",Buy eco Sweater Premium online. Premium quality product at best price. eco - trusted brand.
36,BrandX Jeans Lite,brandx-jeans-lite,Clothing,High-quality BrandX Jeans Lite from BrandX. Perfect for everyday use with premium features. Available in multiple colors and sizes.,434.89,558.08,7,BrandX,CLO-BRA-00036,True,False,"BrandX Jeans Lite, Clothing, BrandX, affordable, quality",Buy BrandX Jeans Lite online. Premium quality product at best price. BrandX - trusted brand.
37,value Hoodie Max,value-hoodie-max,Clothing,High-quality value Hoodie Max from value. Perfect for everyday use with premium features. Available in multiple colors and sizes.,11.98,15.12,96,value,CLO-VAL-00037,True,False,"value Hoodie Max, Clothing, value, affordable, quality",Buy value Hoodie Max online. Premium quality product at best price. value - trusted brand.
38,style Jacket Ultra,style-jacket-ultra,Clothing,High-quality style Jacket Ultra from style. Perfect for everyday use with premium features. Available in multiple colors and sizes.,43.01,50.78,57,style,CLO-STY-00038,True,False,"style Jacket Ultra, Clothing, style, affordable, quality",Buy style Jacket Ultra online. Premium quality product at best price. style - trusted brand.
39,Organic Sweater Ultra,organic-sweater-ultra,Clothing,High-quality Organic Sweater Ultra from Organic. Perfect for everyday use with premium features. Available in multiple colors and sizes.,152.82,181.32,43,Organic,CLO-ORG-00039,True,False,"Organic Sweater Ultra, Clothing, Organic, affordable, quality",Buy Organic Sweater Ultra online. Premium quality product at best price. Organic - trusted brand.
40,Pro Jacket,pro-jacket,Clothing,High-quality Pro Jacket from Pro. Perfect for everyday use with premium features. Available in multiple colors and sizes.,436.52,566.69,4,Pro,CLO-PRO-00040,True,True,"Pro Jacket, Clothing, Pro, affordable, quality",Buy Pro Jacket online. Premium quality product at best price. Pro - trusted brand.
41,Premium Jacket Standard,premium-jacket-standard,Clothing,High-quality Premium Jacket Standard from Premium. Perfect for everyday use with premium features. Available in multiple colors and sizes.,277.61,377.04,60,Premium,CLO-PRE-00041,False,False,"Premium Jacket Standard, Clothing, Premium, affordable, quality",Buy Premium Jacket Standard online. Premium quality product at best price. Premium - trusted brand.
42,Premium Polo Ultra,premium-polo-ultra,Clothing,High-quality Premium Polo Ultra from Premium. Perfect for everyday use with premium features. Available in multiple colors and sizes.,329.51,428.35,46,Premium,CLO-PRE-00042,True,True,"Premium Polo Ultra, Clothing, Premium, affordable, quality",Buy Premium Polo Ultra online. Premium quality product at best price. Premium - trusted brand.
43,Ultra Hoodie Ultra,ultra-hoodie-ultra,Clothing,High-quality Ultra Hoodie Ultra from Ultra. Perfect for everyday use with premium features. Available in multiple colors and sizes.,64.64,81.32,68,Ultra,CLO-ULT-00043,True,False,"Ultra Hoodie Ultra, Clothing, Ultra, affordable, quality",Buy Ultra Hoodie Ultra online. Premium quality product at best price. Ultra - trusted brand.
44,Organic Dress Max,organic-dress-max,Clothing,High-quality Organic Dress Max from Organic. Perfect for everyday use with premium features. Available in multiple colors and sizes.,348.24,384.11,92,Organic,CLO-ORG-00044,True,True,"Organic Dress Max, Clothing, Organic, affordable, quality",Buy Organic Dress Max online. Premium quality product at best price. Organic - trusted brand.
45,Ultra Jacket Pro,ultra-jacket-pro,Clothing,High-quality Ultra Jacket Pro from Ultra. Perfect for everyday use with premium features. Available in multiple colors and sizes.,207.47,311.12,94,Ultra,CLO-ULT-00045,False,False,"Ultra Jacket Pro, Clothing, Ultra, affordable, quality",Buy Ultra Jacket Pro online. Premium quality product at best price. Ultra - trusted brand.
46,Organic Cargo Pants Pro,organic-cargo-pants-pro,Clothing,High-quality Organic Cargo Pants Pro from Organic. Perfect for everyday use with premium features. Available in multiple colors and sizes.,51.7,70.1,18,Organic,CLO-ORG-00046,True,False,"Organic Cargo Pants Pro, Clothing, Organic, affordable, quality",Buy Organic Cargo Pants Pro online. Premium quality product at best price. Organic - trusted brand.
47,Elite Cargo Pants Premium,elite-cargo-pants-premium,Clothing,High-quality Elite Cargo Pants Premium from Elite. Perfect for everyday use with premium features. Available in multiple colors and sizes.,240.92,302.94,9,Elite,CLO-ELI-00047,True,False,"Elite Cargo Pants Premium, Clothing, Elite, affordable, quality",Buy Elite Cargo Pants Premium online. Premium quality product at best price. Elite - trusted brand.
48,Classic Cargo Pants Premium,classic-cargo-pants-premium,Clothing,High-quality Classic Cargo Pants Premium from Classic. Perfect for everyday use with premium features. Available in multiple colors and sizes.,52.07,75.86,98,Classic,CLO-CLA-00048,True,False,"Classic Cargo Pants Premium, Clothing, Classic, affordable, quality",Buy Classic Cargo Pants Premium online. Premium quality product at best price. Classic - trusted brand.
49,tech Leggings Premium,tech-leggings-premium,Clothing,High-quality tech Leggings Premium from tech. Perfect for everyday use with premium features. Available in multiple colors and sizes.,268.64,343.38,94,tech,CLO-TEC-00049,True,False,"tech Leggings Premium, Clothing, tech, affordable, quality",Buy tech Leggings Premium online. Premium quality product at best price. tech - trusted brand.
50,Premium Tank Top Max,premium-tank-top-max,Clothing,High-quality Premium Tank Top Max from Premium. Perfect for everyday use with premium features. Available in multiple colors and sizes.,208.05,281.7,50,Premium,CLO-PRE-00050,False,False,"Premium Tank Top Max, Clothing, Premium, affordable, quality",Buy Premium Tank Top Max online. Premium quality product at best price. Premium - trusted brand.
51,Premium Jeans Max,premium-jeans-max,Clothing,High-quality Premium Jeans Max from Premium. Perfect for everyday use with premium features. Available in multiple colors and sizes.,319.51,431.5,85,Premium,CLO-PRE-00051,True,False,"Premium Jeans Max, Clothing, Premium, affordable, quality",Buy Premium Jeans Max online. Premium quality product at best price. Premium - trusted brand.
52,Ultra Hoodie Lite,ultra-hoodie-lite,Clothing,High-quality Ultra Hoodie Lite from Ultra. Perfect for everyday use with premium features. Available in multiple colors and sizes.,150.44,180.57,23,Ultra,CLO-ULT-00052,True,True,"Ultra Hoodie Lite, Clothing, Ultra, affordable, quality",Buy Ultra Hoodie Lite online. Premium quality product at best price. Ultra - trusted brand.
53,Classic Leggings Standard,classic-leggings-standard,Clothing,High-quality Classic Leggings Standard from Classic. Perfect for everyday use with premium features. Available in multiple colors and sizes.,154.44,174.68,99,Classic,CLO-CLA-00053,True,True,"Classic Leggings Standard, Clothing, Classic, affordable, quality",Buy Classic Leggings Standard online. Premium quality product at best price. Classic - trusted brand.
54,Pro Hoodie Standard,pro-hoodie-standard,Clothing,High-quality Pro Hoodie Standard from Pro. Perfect for everyday use with premium features. Available in multiple colors and sizes.,90.69,127.17,69,Pro,CLO-PRO-00054,True,False,"Pro Hoodie Standard, Clothing, Pro, affordable, quality",Buy Pro Hoodie Standard online. Premium quality product at best price. Pro - trusted brand.
55,Pro Jacket Pro,pro-jacket-pro,Clothing,High-quality Pro Jacket Pro from Pro. Perfect for everyday use with premium features. Available in multiple colors and sizes.,225.57,260.08,24,Pro,CLO-PRO-00055,True,False,"Pro Jacket Pro, Clothing, Pro, affordable, quality",Buy Pro Jacket Pro online. Premium quality product at best price. Pro - trusted brand.
56,BrandX Polo Plus,brandx-polo-plus,Clothing,High-quality BrandX Polo Plus from BrandX. Perfect for everyday use with premium features. Available in multiple colors and sizes.,57.65,65.08,69,BrandX,CLO-BRA-00056,True,True,"BrandX Polo Plus, Clothing, BrandX, affordable, quality",Buy BrandX Polo Plus online. Premium quality product at best price. BrandX - trusted brand.
57,value Dress Premium,value-dress-premium,Clothing,High-quality value Dress Premium from value. Perfect for everyday use with premium features. Available in multiple colors and sizes.,349.73,391.57,30,value,CLO-VAL-00057,True,False,"value Dress Premium, Clothing, value, affordable, quality",Buy value Dress Premium online. Premium quality product at best price. value - trusted brand.
58,Organic Sweater Max,organic-sweater-max,Clothing,High-quality Organic Sweater Max from Organic. Perfect for everyday use with premium features. Available in multiple colors and sizes.,443.61,660.96,72,Organic,CLO-ORG-00058,True,False,"Organic Sweater Max, Clothing, Organic, affordable, quality",Buy Organic Sweater Max online. Premium quality product at best price. Organic - trusted brand.
59,Ultra Jacket Max,ultra-jacket-max,Clothing,High-quality Ultra Jacket Max from Ultra. Perfect for everyday use with premium features. Available in multiple colors and sizes.,479.44,543.22,10,Ultra,CLO-ULT-00059,True,False,"Ultra Jacket Max, Clothing, Ultra, affordable, quality",Buy Ultra Jacket Max online. Premium quality product at best price. Ultra - trusted brand.
60,ProMax Blazer,promax-blazer,Clothing,High-quality ProMax Blazer from ProMax. Perfect for everyday use with premium features. Available in multiple colors and sizes.,64.7,88.35,8,ProMax,CLO-PRO-00060,True,False,"ProMax Blazer, Clothing, ProMax, affordable, quality",Buy ProMax Blazer online. Premium quality product at best price. ProMax - trusted brand.
61,eco Cardigan Max,eco-cardigan-max,Clothing,High-quality eco Cardigan Max from eco. Perfect for everyday use with premium features. Available in multiple colors and sizes.,191.5,274.67,9,eco,CLO-ECO-00061,True,False,"eco Cardigan Max, Clothing, eco, affordable, quality",Buy eco Cardigan Max online. Premium quality product at best price. eco - trusted brand.
62,tech Shirt Ultra,tech-shirt-ultra,Clothing,High-quality tech Shirt Ultra from tech. Perfect for everyday use with premium features. Available in multiple colors and sizes.,416.01,555.74,6,tech,CLO-TEC-00062,True,False,"tech Shirt Ultra, Clothing, tech, affordable, quality",Buy tech Shirt Ultra online. Premium quality product at best price. tech - trusted brand.
63,Premium Hoodie Max,premium-hoodie-max,Clothing,High-quality Premium Hoodie Max from Premium. Perfect for everyday use with premium features. Available in multiple colors and sizes.,78.94,97.25,27,Premium,CLO-PRE-00063,True,False,"Premium Hoodie Max, Clothing, Premium, affordable, quality",Buy Premium Hoodie Max online. Premium quality product at best price. Premium - trusted brand.
64,basic Sweater Standard,basic-sweater-standard,Clothing,High-quality basic Sweater Standard from basic. Perfect for everyday use with premium features. Available in multiple colors and sizes.,337.74,417.18,15,basic,CLO-BAS-00064,True,True,"basic Sweater Standard, Clothing, basic, affordable, quality",Buy basic Sweater Standard online. Premium quality product at best price. basic - trusted brand.
65,Organic Leggings,organic-leggings,Clothing,High-quality Organic Leggings from Organic. Perfect for everyday use with premium features. Available in multiple colors and sizes.,273.34,311.49,94,Organic,CLO-ORG-00065,True,True,"Organic Leggings, Clothing, Organic, affordable, quality",Buy Organic Leggings online. Premium quality product at best price. Organic - trusted brand.
66,Premium Dress,premium-dress,Clothing,High-quality Premium Dress from Premium. Perfect for everyday use with premium features. Available in multiple colors and sizes.,444.85,660.94,3,Premium,CLO-PRE-00066,False,False,"Premium Dress, Clothing, Premium, affordable, quality",Buy Premium Dress online. Premium quality product at best price. Premium - trusted brand.
67,basic Toaster Plus,basic-toaster-plus,Home & Kitchen,High-quality basic Toaster Plus from basic. Perfect for everyday use with premium features. Available in multiple colors and sizes.,285.95,334.63,43,basic,HOM-BAS-00067,True,False,"basic Toaster Plus, Home & Kitchen, basic, affordable, quality",Buy basic Toaster Plus online. Premium quality product at best price. basic - trusted brand.
68,Natural Pillow Max,natural-pillow-max,Home & Kitchen,High-quality Natural Pillow Max from Natural. Perfect for everyday use with premium features. Available in multiple colors and sizes.,166.07,210.31,13,Natural,HOM-NAT-00068,False,False,"Natural Pillow Max, Home & Kitchen, Natural, affordable, quality",Buy Natural Pillow Max online. Premium quality product at best price. Natural - trusted brand.
69,BrandX Blender Standard,brandx-blender-standard,Home & Kitchen,High-quality BrandX Blender Standard from BrandX. Perfect for everyday use with premium features. Available in multiple colors and sizes.,200.98,242.98,55,BrandX,HOM-BRA-00069,True,False,"BrandX Blender Standard, Home & Kitchen, BrandX, affordable, quality",Buy BrandX Blender Standard online. Premium quality product at best price. BrandX - trusted brand.
70,ProMax Bedsheet Standard,promax-bedsheet-standard,Home & Kitchen,High-quality ProMax Bedsheet Standard from ProMax. Perfect for everyday use with premium features. Available in multiple colors and sizes.,367.39,551.04,34,ProMax,HOM-PRO-00070,False,False,"ProMax Bedsheet Standard, Home & Kitchen, ProMax, affordable, quality",Buy ProMax Bedsheet Standard online. Premium quality product at best price. ProMax - trusted brand.
71,BrandX Toaster Pro,brandx-toaster-pro,Home & Kitchen,High-quality BrandX Toaster Pro from BrandX. Perfect for everyday use with premium features. Available in multiple colors and sizes.,490.29,540.88,83,BrandX,HOM-BRA-00071,True,True,"BrandX Toaster Pro, Home & Kitchen, BrandX, affordable, quality",Buy BrandX Toaster Pro online. Premium quality product at best price. BrandX - trusted brand.
72,eco Pillow Standard,eco-pillow-standard,Home & Kitchen,High-quality eco Pillow Standard from eco. Perfect for everyday use with premium features. Available in multiple colors and sizes.,299.88,430.82,21,eco,HOM-ECO-00072,True,False,"eco Pillow Standard, Home & Kitchen, eco, affordable, quality",Buy eco Pillow Standard online. Premium quality product at best price. eco - trusted brand.
73,ProMax Lamp Standard,promax-lamp-standard,Home & Kitchen,High-quality ProMax Lamp Standard from ProMax. Perfect for everyday use with premium features. Available in multiple colors and sizes.,16.3,21.25,50,ProMax,HOM-PRO-00073,False,False,"ProMax Lamp Standard, Home & Kitchen, ProMax, affordable, quality",Buy ProMax Lamp Standard online. Premium quality product at best price. ProMax - trusted brand.
74,value Air Fryer Ultra,value-air-fryer-ultra,Home & Kitchen,High-quality value Air Fryer Ultra from value. Perfect for everyday use with premium features. Available in multiple colors and sizes.,435.4,523.49,81,value,HOM-VAL-00074,False,False,"value Air Fryer Ultra, Home & Kitchen, value, affordable, quality",Buy value Air Fryer Ultra online. Premium quality product at best price. value - trusted brand.
75,Classic Coffee Maker Pro,classic-coffee-maker-pro,Home & Kitchen,High-quality Classic Coffee Maker Pro from Classic. Perfect for everyday use with premium features. Available in multiple colors and sizes.,90.0,133.0,40,Classic,HOM-CLA-00075,True,False,"Classic Coffee Maker Pro, Home & Kitchen, Classic, affordable, quality",Buy Classic Coffee Maker Pro online. Premium quality product at best price. Classic - trusted brand.
76,tech Microwave Lite,tech-microwave-lite,Home & Kitchen,High-quality tech Microwave Lite from tech. Perfect for everyday use with premium features. Available in multiple colors and sizes.,485.88,672.92,70,tech,HOM-TEC-00076,True,False,"tech Microwave Lite, Home & Kitchen, tech, affordable, quality",Buy tech Microwave Lite online. Premium quality product at best price. tech - trusted brand.
77,style Microwave Premium,style-microwave-premium,Home & Kitchen,High-quality style Microwave Premium from style. Perfect for everyday use with premium features. Available in multiple colors and sizes.,427.36,524.41,11,style,HOM-STY-00077,True,True,"style Microwave Premium, Home & Kitchen, style, affordable, quality",Buy style Microwave Premium online. Premium quality product at best price. style - trusted brand.
78,tech Curtains Ultra,tech-curtains-ultra,Home & Kitchen,High-quality tech Curtains Ultra from tech. Perfect for everyday use with premium features. Available in multiple colors and sizes.,470.08,697.31,67,tech,HOM-TEC-00078,True,False,"tech Curtains Ultra, Home & Kitchen, tech, affordable, quality",Buy tech Curtains Ultra online. Premium quality product at best price. tech - trusted brand.
79,eco Lamp Ultra,eco-lamp-ultra,Home & Kitchen,High-quality eco Lamp Ultra from eco. Perfect for everyday use with premium features. Available in multiple colors and sizes.,32.39,46.16,43,eco,HOM-ECO-00079,True,False,"eco Lamp Ultra, Home & Kitchen, eco, affordable, quality",Buy eco Lamp Ultra online. Premium quality product at best price. eco - trusted brand.
80,Pro Toaster Standard,pro-toaster-standard,Home & Kitchen,High-quality Pro Toaster Standard from Pro. Perfect for everyday use with premium features. Available in multiple colors and sizes.,14.29,15.76,1,Pro,HOM-PRO-00080,False,False,"Pro Toaster Standard, Home & Kitchen, Pro, affordable, quality",Buy Pro Toaster Standard online. Premium quality product at best price. Pro - trusted brand.
81,ProMax Toaster Plus,promax-toaster-plus,Home & Kitchen,High-quality ProMax Toaster Plus from ProMax. Perfect for everyday use with premium features. Available in multiple colors and sizes.,81.66,116.15,34,ProMax,HOM-PRO-00081,True,False,"ProMax Toaster Plus, Home & Kitchen, ProMax, affordable, quality",Buy ProMax Toaster Plus online. Premium quality product at best price. ProMax - trusted brand.
82,quality Air Fryer,quality-air-fryer,Home & Kitchen,High-quality quality Air Fryer from quality. Perfect for everyday use with premium features. Available in multiple colors and sizes.,304.89,376.85,16,quality,HOM-QUA-00082,True,False,"quality Air Fryer, Home & Kitchen, quality, affordable, quality",Buy quality Air Fryer online. Premium quality product at best price. quality - trusted brand.
83,BrandX Knife Set Lite,brandx-knife-set-lite,Home & Kitchen,High-quality BrandX Knife Set Lite from BrandX. Perfect for everyday use with premium features. Available in multiple colors and sizes.,424.65,561.58,100,BrandX,HOM-BRA-00083,True,False,"BrandX Knife Set Lite, Home & Kitchen, BrandX, affordable, quality",Buy BrandX Knife Set Lite online. Premium quality product at best price. BrandX - trusted brand.
84,style Microwave Ultra,style-microwave-ultra,Home & Kitchen,High-quality style Microwave Ultra from style. Perfect for everyday use with premium features. Available in multiple colors and sizes.,254.95,361.87,46,style,HOM-STY-00084,True,True,"style Microwave Ultra, Home & Kitchen, style, affordable, quality",Buy style Microwave Ultra online. Premium quality product at best price. style - trusted brand.
85,Ultra Microwave Lite,ultra-microwave-lite,Home & Kitchen,High-quality Ultra Microwave Lite from Ultra. Perfect for everyday use with premium features. Available in multiple colors and sizes.,49.41,66.05,19,Ultra,HOM-ULT-00085,True,False,"Ultra Microwave Lite, Home & Kitchen, Ultra, affordable, quality",Buy Ultra Microwave Lite online. Premium quality product at best price. Ultra - trusted brand.
86,Classic Bedsheet Ultra,classic-bedsheet-ultra,Home & Kitchen,High-quality Classic Bedsheet Ultra from Classic. Perfect for everyday use with premium features. Available in multiple colors and sizes.,157.84,176.3,88,Classic,HOM-CLA-00086,True,False,"Classic Bedsheet Ultra, Home & Kitchen, Classic, affordable, quality",Buy Classic Bedsheet Ultra online. Premium quality product at best price. Classic - trusted brand.
87,comfort Storage Containers Ultra,comfort-storage-containers-ultra,Home & Kitchen,High-quality comfort Storage Containers Ultra from comfort. Perfect for everyday use with premium features. Available in multiple colors and sizes.,236.82,264.03,64,comfort,HOM-COM-00087,True,False,"comfort Storage Containers Ultra, Home & Kitchen, comfort, affordable, quality",Buy comfort Storage Containers Ultra online. Premium quality product at best price. comfort - trusted brand.
88,Elite Lamp Ultra,elite-lamp-ultra,Home & Kitchen,High-quality Elite Lamp Ultra from Elite. Perfect for everyday use with premium features. Available in multiple colors and sizes.,64.34,96.02,92,Elite,HOM-ELI-00088,True,True,"Elite Lamp Ultra, Home & Kitchen, Elite, affordable, quality",Buy Elite Lamp Ultra online. Premium quality product at best price. Elite - trusted brand.
89,quality Blender Lite,quality-blender-lite,Home & Kitchen,High-quality quality Blender Lite from quality. Perfect for everyday use with premium features. Available in multiple colors and sizes.,113.99,132.21,7,quality,HOM-QUA-00089,False,True,"quality Blender Lite, Home & Kitchen, quality, affordable, quality",Buy quality Blender Lite online. Premium quality product at best price. quality - trusted brand.
90,Ultra Knife Set Lite,ultra-knife-set-lite,Home & Kitchen,High-quality Ultra Knife Set Lite from Ultra. Perfect for everyday use with premium features. Available in multiple colors and sizes.,42.1,55.77,27,Ultra,HOM-ULT-00090,True,True,"Ultra Knife Set Lite, Home & Kitchen, Ultra, affordable, quality",Buy Ultra Knife Set Lite online. Premium quality product at best price. Ultra - trusted brand.
91,eco Microwave Premium,eco-microwave-premium,Home & Kitchen,High-quality eco Microwave Premium from eco. Perfect for everyday use with premium features. Available in multiple colors and sizes.,317.79,357.64,15,eco,HOM-ECO-00091,False,False,"eco Microwave Premium, Home & Kitchen, eco, affordable, quality",Buy eco Microwave Premium online. Premium quality product at best price. eco - trusted brand.
92,Elite Mirror Lite,elite-mirror-lite,Home & Kitchen,High-quality Elite Mirror Lite from Elite. Perfect for everyday use with premium features. Available in multiple colors and sizes.,50.27,69.45,45,Elite,HOM-ELI-00092,False,False,"Elite Mirror Lite, Home & Kitchen, Elite, affordable, quality",Buy Elite Mirror Lite online. Premium quality product at best price. Elite - trusted brand.
93,basic Pillow Standard,basic-pillow-standard,Home & Kitchen,High-quality basic Pillow Standard from basic. Perfect for everyday use with premium features. Available in multiple colors and sizes.,177.41,217.44,41,basic,HOM-BAS-00093,True,True,"basic Pillow Standard, Home & Kitchen, basic, affordable, quality",Buy basic Pillow Standard online. Premium quality product at best price. basic - trusted brand.
94,luxury Microwave Plus,luxury-microwave-plus,Home & Kitchen,High-quality luxury Microwave Plus from luxury. Perfect for everyday use with premium features. Available in multiple colors and sizes.,149.5,178.23,19,luxury,HOM-LUX-00094,False,False,"luxury Microwave Plus, Home & Kitchen, luxury, affordable, quality",Buy luxury Microwave Plus online. Premium quality product at best price. luxury - trusted brand.
95,comfort Air Fryer Standard,comfort-air-fryer-standard,Home & Kitchen,High-quality comfort Air Fryer Standard from comfort. Perfect for everyday use with premium features. Available in multiple colors and sizes.,82.62,121.56,86,comfort,HOM-COM-00095,True,True,"comfort Air Fryer Standard, Home & Kitchen, comfort, affordable, quality",Buy comfort Air Fryer Standard online. Premium quality product at best price. comfort - trusted brand.
96,style Rug Standard,style-rug-standard,Home & Kitchen,High-quality style Rug Standard from style. Perfect for everyday use with premium features. Available in multiple colors and sizes.,106.36,147.78,23,style,HOM-STY-00096,True,False,"style Rug Standard, Home & Kitchen, style, affordable, quality",Buy style Rug Standard online. Premium quality product at best price. style - trusted brand.
97,Ultra Curtains,ultra-curtains,Home & Kitchen,High-quality Ultra Curtains from Ultra. Perfect for everyday use with premium features. Available in multiple colors and sizes.,131.3,168.17,8,Ultra,HOM-ULT-00097,True,True,"Ultra Curtains, Home & Kitchen, Ultra, affordable, quality",Buy Ultra Curtains online. Premium quality product at best price. Ultra - trusted brand.
98,tech Toaster Plus,tech-toaster-plus,Home & Kitchen,High-quality tech Toaster Plus from tech. Perfect for everyday use with premium features. Available in multiple colors and sizes.,426.68,512.61,85,tech,HOM-TEC-00098,True,False,"tech Toaster Plus, Home & Kitchen, tech, affordable, quality",Buy tech Toaster Plus online. Premium quality product at best price. tech - trusted brand.
99,Pro Knife Set Lite,pro-knife-set-lite,Home & Kitchen,High-quality Pro Knife Set Lite from Pro. Perfect for everyday use with premium features. Available in multiple colors and sizes.,157.99,213.75,61,Pro,HOM-PRO-00099,True,False,"Pro Knife Set Lite, Home & Kitchen, Pro, affordable, quality",Buy Pro Knife Set Lite online. Premium quality product at best price. Pro - trusted brand.
100,Natural Skateboard Pro,natural-skateboard-pro,Sports,High-quality Natural Skateboard Pro from Natural. Perfect for everyday use with premium features. Available in multiple colors and sizes.,73.6,90.02,52,Natural,SPO-NAT-00100,True,False,"Natural Skateboard Pro, Sports, Natural, affordable, quality",Buy Natural Skateboard Pro online. Premium quality product at best price. Natural - trusted brand.
101,Classic Football Pro,classic-football-pro,Sports,High-quality Classic Football Pro from Classic. Perfect for everyday use with premium features. Available in multiple colors and sizes.,443.24,649.89,16,Classic,SPO-CLA-00101,False,False,"Classic Football Pro, Sports, Classic, affordable, quality",Buy Classic Football Pro online. Premium quality product at best price. Classic - trusted brand.
102,tech Football Lite,tech-football-lite,Sports,High-quality tech Football Lite from tech. Perfect for everyday use with premium features. Available in multiple colors and sizes.,279.81,361.6,87,tech,SPO-TEC-00102,True,False,"tech Football Lite, Sports, tech, affordable, quality",Buy tech Football Lite online. Premium quality product at best price. tech - trusted brand.
103,Smart Dumbbells Standard,smart-dumbbells-standard,Sports,High-quality Smart Dumbbells Standard from Smart. Perfect for everyday use with premium features. Available in multiple colors and sizes.,351.22,440.08,12,Smart,SPO-SMA-00103,False,True,"Smart Dumbbells Standard, Sports, Smart, affordable, quality",Buy Smart Dumbbells Standard online. Premium quality product at best price. Smart - trusted brand.
104,Classic Dumbbells Premium,classic-dumbbells-premium,Sports,High-quality Classic Dumbbells Premium from Classic. Perfect for everyday use with premium features. Available in multiple colors and sizes.,94.41,118.87,83,Classic,SPO-CLA-00104,True,False,"Classic Dumbbells Premium, Sports, Classic, affordable, quality",Buy Classic Dumbbells Premium online. Premium quality product at best price. Classic - trusted brand.
105,Pro Basketball,pro-basketball,Sports,High-quality Pro Basketball from Pro. Perfect for everyday use with premium features. Available in multiple colors and sizes.,496.45,677.06,43,Pro,SPO-PRO-00105,True,False,"Pro Basketball, Sports, Pro, affordable, quality",Buy Pro Basketball online. Premium quality product at best price. Pro - trusted brand.
106,Organic Football Ultra,organic-football-ultra,Sports,High-quality Organic Football Ultra from Organic. Perfect for everyday use with premium features. Available in multiple colors and sizes.,377.86,447.13,64,Organic,SPO-ORG-00106,True,False,"Organic Football Ultra, Sports, Organic, affordable, quality",Buy Organic Football Ultra online. Premium quality product at best price. Organic - trusted brand.
107,style Skateboard Max,style-skateboard-max,Sports,High-quality style Skateboard Max from style. Perfect for everyday use with premium features. Available in multiple colors and sizes.,118.78,167.99,0,style,SPO-STY-00107,False,True,"style Skateboard Max, Sports, style, affordable, quality",Buy style Skateboard Max online. Premium quality product at best price. style - trusted brand.
108,BrandX Yoga Mat Premium,brandx-yoga-mat-premium,Sports,High-quality BrandX Yoga Mat Premium from BrandX. Perfect for everyday use with premium features. Available in multiple colors and sizes.,354.35,398.67,31,BrandX,SPO-BRA-00108,False,True,"BrandX Yoga Mat Premium, Sports, BrandX, affordable, quality",Buy BrandX Yoga Mat Premium online. Premium quality product at best price. BrandX - trusted brand.
109,Organic Skateboard Standard,organic-skateboard-standard,Sports,High-quality Organic Skateboard Standard from Organic. Perfect for everyday use with premium features. Available in multiple colors and sizes.,371.77,422.23,59,Organic,SPO-ORG-00109,True,False,"Organic Skateboard Standard, Sports, Organic, affordable, quality",Buy Organic Skateboard Standard online. Premium quality product at best price. Organic - trusted brand.
110,Ultra Cricket Bat,ultra-cricket-bat,Sports,High-quality Ultra Cricket Bat from Ultra. Perfect for everyday use with premium features. Available in multiple colors and sizes.,226.54,316.31,54,Ultra,SPO-ULT-00110,True,False,"Ultra Cricket Bat, Sports, Ultra, affordable, quality",Buy Ultra Cricket Bat online. Premium quality product at best price. Ultra - trusted brand.
111,basic Tennis Racket Lite,basic-tennis-racket-lite,Sports,High-quality basic Tennis Racket Lite from basic. Perfect for everyday use with premium features. Available in multiple colors and sizes.,93.65,105.0,65,basic,SPO-BAS-00111,True,False,"basic Tennis Racket Lite, Sports, basic, affordable, quality",Buy basic Tennis Racket Lite online. Premium quality product at best price. basic - trusted brand.
112,Smart Basketball Premium,smart-basketball-premium,Sports,High-quality Smart Basketball Premium from Smart. Perfect for everyday use with premium features. Available in multiple colors and sizes.,361.01,490.65,48,Smart,SPO-SMA-00112,True,False,"Smart Basketball Premium, Sports, Smart, affordable, quality",Buy Smart Basketball Premium online. Premium quality product at best price. Smart - trusted brand.
113,Smart Running Shoes Standard,smart-running-shoes-standard,Sports,High-quality Smart Running Shoes Standard from Smart. Perfect for everyday use with premium features. Available in multiple colors and sizes.,375.24,525.1,84,Smart,SPO-SMA-00113,True,False,"Smart Running Shoes Standard, Sports, Smart, affordable, quality",Buy Smart Running Shoes Standard online. Premium quality product at best price. Smart - trusted brand.
114,Ultra Resistance Bands Standard,ultra-resistance-bands-standard,Sports,High-quality Ultra Resistance Bands Standard from Ultra. Perfect for everyday use with premium features. Available in multiple colors and sizes.,200.16,260.95,91,Ultra,SPO-ULT-00114,True,True,"Ultra Resistance Bands Standard, Sports, Ultra, affordable, quality",Buy Ultra Resistance Bands Standard online. Premium quality product at best price. Ultra - trusted brand.
115,tech Tennis Racket Ultra,tech-tennis-racket-ultra,Sports,High-quality tech Tennis Racket Ultra from tech. Perfect for everyday use with premium features. Available in multiple colors and sizes.,216.59,253.02,92,tech,SPO-TEC-00115,False,False,"tech Tennis Racket Ultra, Sports, tech, affordable, quality",Buy tech Tennis Racket Ultra online. Premium quality product at best price. tech - trusted brand.
116,basic Basketball,basic-basketball,Sports,High-quality basic Basketball from basic. Perfect for everyday use with premium features. Available in multiple colors and sizes.,41.5,56.96,96,basic,SPO-BAS-00116,True,False,"basic Basketball, Sports, basic, affordable, quality",Buy basic Basketball online. Premium quality product at best price. basic - trusted brand.
117,Elite Fitness Tracker Max,elite-fitness-tracker-max,Sports,High-quality Elite Fitness Tracker Max from Elite. Perfect for everyday use with premium features. Available in multiple colors and sizes.,78.05,88.38,43,Elite,SPO-ELI-00117,True,False,"Elite Fitness Tracker Max, Sports, Elite, affordable, quality",Buy Elite Fitness Tracker Max online. Premium quality product at best price. Elite - trusted brand.
118,value Yoga Block Lite,value-yoga-block-lite,Sports,High-quality value Yoga Block Lite from value. Perfect for everyday use with premium features. Available in multiple colors and sizes.,274.1,393.3,35,value,SPO-VAL-00118,True,False,"value Yoga Block Lite, Sports, value, affordable, quality",Buy value Yoga Block Lite online. Premium quality product at best price. value - trusted brand.
119,value Water Bottle Pro,value-water-bottle-pro,Sports,High-quality value Water Bottle Pro from value. Perfect for everyday use with premium features. Available in multiple colors and sizes.,447.16,657.15,52,value,SPO-VAL-00119,False,False,"value Water Bottle Pro, Sports, value, affordable, quality",Buy value Water Bottle Pro online. Premium quality product at best price. value - trusted brand.
120,standard Tennis Racket Standard,standard-tennis-racket-standard,Sports,High-quality standard Tennis Racket Standard from standard. Perfect for everyday use with premium features. Available in multiple colors and sizes.,493.15,547.36,14,standard,SPO-STA-00120,True,False,"standard Tennis Racket Standard, Sports, standard, affordable, quality",Buy standard Tennis Racket Standard online. Premium quality product at best price. standard - trusted brand.
121,BrandX Yoga Block Ultra,brandx-yoga-block-ultra,Sports,High-quality BrandX Yoga Block Ultra from BrandX. Perfect for everyday use with premium features. Available in multiple colors and sizes.,349.59,507.49,7,BrandX,SPO-BRA-00121,True,False,"BrandX Yoga Block Ultra, Sports, BrandX, affordable, quality",Buy BrandX Yoga Block Ultra online. Premium quality product at best price. BrandX - trusted brand.
122,style Water Bottle Standard,style-water-bottle-standard,Sports,High-quality style Water Bottle Standard from style. Perfect for everyday use with premium features. Available in multiple colors and sizes.,244.52,356.41,78,style,SPO-STY-00122,True,False,"style Water Bottle Standard, Sports, style, affordable, quality",Buy style Water Bottle Standard online. Premium quality product at best price. style - trusted brand.
123,Natural Yoga Block Plus,natural-yoga-block-plus,Sports,High-quality Natural Yoga Block Plus from Natural. Perfect for everyday use with premium features. Available in multiple colors and sizes.,174.97,221.23,54,Natural,SPO-NAT-00123,True,False,"Natural Yoga Block Plus, Sports, Natural, affordable, quality",Buy Natural Yoga Block Plus online. Premium quality product at best price. Natural - trusted brand.
124,Pro Bicycle Ultra,pro-bicycle-ultra,Sports,High-quality Pro Bicycle Ultra from Pro. Perfect for everyday use with premium features. Available in multiple colors and sizes.,393.03,482.92,93,Pro,SPO-PRO-00124,True,True,"Pro Bicycle Ultra, Sports, Pro, affordable, quality",Buy Pro Bicycle Ultra online. Premium quality product at best price. Pro - trusted brand.
125,standard Water Bottle Standard,standard-water-bottle-standard,Sports,High-quality standard Water Bottle Standard from standard. Perfect for everyday use with premium features. Available in multiple colors and sizes.,408.48,553.95,29,standard,SPO-STA-00125,False,False,"standard Water Bottle Standard, Sports, standard, affordable, quality",Buy standard Water Bottle Standard online. Premium quality product at best price. standard - trusted brand.
126,luxury Dumbbells Ultra,luxury-dumbbells-ultra,Sports,High-quality luxury Dumbbells Ultra from luxury. Perfect for everyday use with premium features. Available in multiple colors and sizes.,348.75,483.91,0,luxury,SPO-LUX-00126,True,False,"luxury Dumbbells Ultra, Sports, luxury, affordable, quality",Buy luxury Dumbbells Ultra online. Premium quality product at best price. luxury - trusted brand.
127,standard Basketball Plus,standard-basketball-plus,Sports,High-quality standard Basketball Plus from standard. Perfect for everyday use with premium features. Available in multiple colors and sizes.,474.82,617.4,99,standard,SPO-STA-00127,False,False,"standard Basketball Plus, Sports, standard, affordable, quality",Buy standard Basketball Plus online. Premium quality product at best price. standard - trusted brand.
128,Organic Skateboard Pro,organic-skateboard-pro,Sports,High-quality Organic Skateboard Pro from Organic. Perfect for everyday use with premium features. Available in multiple colors and sizes.,368.22,447.55,40,Organic,SPO-ORG-00128,True,False,"Organic Skateboard Pro, Sports, Organic, affordable, quality",Buy Organic Skateboard Pro online. Premium quality product at best price. Organic - trusted brand.
129,Natural Football,natural-football,Sports,High-quality Natural Football from Natural. Perfect for everyday use with premium features. Available in multiple colors and sizes.,251.71,363.35,71,Natural,SPO-NAT-00129,False,False,"Natural Football, Sports, Natural, affordable, quality",Buy Natural Football online. Premium quality product at best price. Natural - trusted brand.
130,Natural Running Shoes Plus,natural-running-shoes-plus,Sports,High-quality Natural Running Shoes Plus from Natural. Perfect for everyday use with premium features. Available in multiple colors and sizes.,219.1,255.41,66,Natural,SPO-NAT-00130,True,False,"Natural Running Shoes Plus, Sports, Natural, affordable, quality",Buy Natural Running Shoes Plus online. Premium quality product at best price. Natural - trusted brand.
131,Natural Running Shoes Plus,natural-running-shoes-plus,Sports,High-quality Natural Running Shoes Plus from Natural. Perfect for everyday use with premium features. Available in multiple colors and sizes.,368.89,509.89,35,Natural,SPO-NAT-00131,True,False,"Natural Running Shoes Plus, Sports, Natural, affordable, quality",Buy Natural Running Shoes Plus online. Premium quality product at best price. Natural - trusted brand.
132,style Yoga Block,style-yoga-block,Sports,High-quality style Yoga Block from style. Perfect for everyday use with premium features. Available in multiple colors and sizes.,343.79,462.81,91,style,SPO-STY-00132,False,False,"style Yoga Block, Sports, style, affordable, quality",Buy style Yoga Block online. Premium quality product at best price. style - trusted brand.
133,basic Science Fiction Plus,basic-science-fiction-plus,Books,High-quality basic Science Fiction Plus from basic. Perfect for everyday use with premium features. Available in multiple colors and sizes.,86.87,112.77,65,basic,BOO-BAS-00133,True,False,"basic Science Fiction Plus, Books, basic, affordable, quality",Buy basic Science Fiction Plus online. Premium quality product at best price. basic - trusted brand.
134,standard Self-Help Book Pro,standard-self-help-book-pro,Books,High-quality standard Self-Help Book Pro from standard. Perfect for everyday use with premium features. Available in multiple colors and sizes.,166.85,190.07,11,standard,BOO-STA-00134,True,False,"standard Self-Help Book Pro, Books, standard, affordable, quality",Buy standard Self-Help Book Pro online. Premium quality product at best price. standard - trusted brand.
135,Pro Comic Book Plus,pro-comic-book-plus,Books,High-quality Pro Comic Book Plus from Pro. Perfect for everyday use with premium features. Available in multiple colors and sizes.,497.63,728.18,80,Pro,BOO-PRO-00135,True,False,"Pro Comic Book Plus, Books, Pro, affordable, quality",Buy Pro Comic Book Plus online. Premium quality product at best price. Pro - trusted brand.
136,style Photography Manual Pro,style-photography-manual-pro,Books,High-quality style Photography Manual Pro from style. Perfect for everyday use with premium features. Available in multiple colors and sizes.,206.92,258.83,71,style,BOO-STY-00136,True,False,"style Photography Manual Pro, Books, style, affordable, quality",Buy style Photography Manual Pro online. Premium quality product at best price. style - trusted brand.
137,eco History Book Ultra,eco-history-book-ultra,Books,High-quality eco History Book Ultra from eco. Perfect for everyday use with premium features. Available in multiple colors and sizes.,490.62,556.31,24,eco,BOO-ECO-00137,True,True,"eco History Book Ultra, Books, eco, affordable, quality",Buy eco History Book Ultra online. Premium quality product at best price. eco - trusted brand.
138,Classic Comic Book Standard,classic-comic-book-standard,Books,High-quality Classic Comic Book Standard from Classic. Perfect for everyday use with premium features. Available in multiple colors and sizes.,14.01,19.72,10,Classic,BOO-CLA-00138,True,True,"Classic Comic Book Standard, Books, Classic, affordable, quality",Buy Classic Comic Book Standard online. Premium quality product at best price. Classic - trusted brand.
139,value Science Fiction Pro,value-science-fiction-pro,Books,High-quality value Science Fiction Pro from value. Perfect for everyday use with premium features. Available in multiple colors and sizes.,153.6,204.07,16,value,BOO-VAL-00139,True,False,"value Science Fiction Pro, Books, value, affordable, quality",Buy value Science Fiction Pro online. Premium quality product at best price. value - trusted brand.
140,value Romance Novel Ultra,value-romance-novel-ultra,Books,High-quality value Romance Novel Ultra from value. Perfect for everyday use with premium features. Available in multiple colors and sizes.,153.14,193.8,19,value,BOO-VAL-00140,True,False,"value Romance Novel Ultra, Books, value, affordable, quality",Buy value Romance Novel Ultra online. Premium quality product at best price. value - trusted brand.
141,quality Mystery Thriller Plus,quality-mystery-thriller-plus,Books,High-quality quality Mystery Thriller Plus from quality. Perfect for everyday use with premium features. Available in multiple colors and sizes.,309.59,378.86,58,quality,BOO-QUA-00141,True,False,"quality Mystery Thriller Plus, Books, quality, affordable, quality",Buy quality Mystery Thriller Plus online. Premium quality product at best price. quality - trusted brand.
142,comfort Programming Guide,comfort-programming-guide,Books,High-quality comfort Programming Guide from comfort. Perfect for everyday use with premium features. Available in multiple colors and sizes.,130.96,159.59,72,comfort,BOO-COM-00142,True,True,"comfort Programming Guide, Books, comfort, affordable, quality",Buy comfort Programming Guide online. Premium quality product at best price. comfort - trusted brand.
143,basic History Book Pro,basic-history-book-pro,Books,High-quality basic History Book Pro from basic. Perfect for everyday use with premium features. Available in multiple colors and sizes.,263.03,317.32,42,basic,BOO-BAS-00143,True,True,"basic History Book Pro, Books, basic, affordable, quality",Buy basic History Book Pro online. Premium quality product at best price. basic - trusted brand.
144,Organic Art Book Ultra,organic-art-book-ultra,Books,High-quality Organic Art Book Ultra from Organic. Perfect for everyday use with premium features. Available in multiple colors and sizes.,473.05,624.55,63,Organic,BOO-ORG-00144,False,False,"Organic Art Book Ultra, Books, Organic, affordable, quality",Buy Organic Art Book Ultra online. Premium quality product at best price. Organic - trusted brand.
145,style Self-Help Book Ultra,style-self-help-book-ultra,Books,High-quality style Self-Help Book Ultra from style. Perfect for everyday use with premium features. Available in multiple colors and sizes.,223.13,316.35,61,style,BOO-STY-00145,True,True,"style Self-Help Book Ultra, Books, style, affordable, quality",Buy style Self-Help Book Ultra online. Premium quality product at best price. style - trusted brand.
146,style Mystery Thriller Max,style-mystery-thriller-max,Books,High-quality style Mystery Thriller Max from style. Perfect for everyday use with premium features. Available in multiple colors and sizes.,287.06,382.2,21,style,BOO-STY-00146,True,False,"style Mystery Thriller Max, Books, style, affordable, quality",Buy style Mystery Thriller Max online. Premium quality product at best price. style - trusted brand.
147,Ultra Science Fiction Pro,ultra-science-fiction-pro,Books,High-quality Ultra Science Fiction Pro from Ultra. Perfect for everyday use with premium features. Available in multiple colors and sizes.,149.89,180.91,55,Ultra,BOO-ULT-00147,True,False,"Ultra Science Fiction Pro, Books, Ultra, affordable, quality",Buy Ultra Science Fiction Pro online. Premium quality product at best price. Ultra - trusted brand.
148,Smart Romance Novel Plus,smart-romance-novel-plus,Books,High-quality Smart Romance Novel Plus from Smart. Perfect for everyday use with premium features. Available in multiple colors and sizes.,272.03,368.25,63,Smart,BOO-SMA-00148,False,False,"Smart Romance Novel Plus, Books, Smart, affordable, quality",Buy Smart Romance Novel Plus online. Premium quality product at best price. Smart - trusted brand.
149,luxury Cooking Book Max,luxury-cooking-book-max,Books,High-quality luxury Cooking Book Max from luxury. Perfect for everyday use with premium features. Available in multiple colors and sizes.,104.68,122.61,18,luxury,BOO-LUX-00149,True,True,"luxury Cooking Book Max, Books, luxury, affordable, quality",Buy luxury Cooking Book Max online. Premium quality product at best price. luxury - trusted brand.
150,tech Romance Novel Max,tech-romance-novel-max,Books,High-quality tech Romance Novel Max from tech. Perfect for everyday use with premium features. Available in multiple colors and sizes.,290.37,366.41,46,tech,BOO-TEC-00150,True,True,"tech Romance Novel Max, Books, tech, affordable, quality",Buy tech Romance Novel Max online. Premium quality product at best price. tech - trusted brand.
151,luxury Cooking Book Standard,luxury-cooking-book-standard,Books,High-quality luxury Cooking Book Standard from luxury. Perfect for everyday use with premium features. Available in multiple colors and sizes.,373.21,509.09,2,luxury,BOO-LUX-00151,True,True,"luxury Cooking Book Standard, Books, luxury, affordable, quality",Buy luxury Cooking Book Standard online. Premium quality product at best price. luxury - trusted brand.
152,Modern Biography Ultra,modern-biography-ultra,Books,High-quality Modern Biography Ultra from Modern. Perfect for everyday use with premium features. Available in multiple colors and sizes.,272.95,361.69,86,Modern,BOO-MOD-00152,False,False,"Modern Biography Ultra, Books, Modern, affordable, quality",Buy Modern Biography Ultra online. Premium quality product at best price. Modern - trusted brand.
153,ProMax Comic Book Plus,promax-comic-book-plus,Books,High-quality ProMax Comic Book Plus from ProMax. Perfect for everyday use with premium features. Available in multiple colors and sizes.,78.11,91.66,84,ProMax,BOO-PRO-00153,True,False,"ProMax Comic Book Plus, Books, ProMax, affordable, quality",Buy ProMax Comic Book Plus online. Premium quality product at best price. ProMax - trusted brand.
154,eco Cooking Book,eco-cooking-book,Books,High-quality eco Cooking Book from eco. Perfect for everyday use with premium features. Available in multiple colors and sizes.,294.1,397.66,35,eco,BOO-ECO-00154,True,False,"eco Cooking Book, Books, eco, affordable, quality",Buy eco Cooking Book online. Premium quality product at best price. eco - trusted brand.
155,Organic Romance Novel Max,organic-romance-novel-max,Books,High-quality Organic Romance Novel Max from Organic. Perfect for everyday use with premium features. Available in multiple colors and sizes.,73.08,82.95,3,Organic,BOO-ORG-00155,False,True,"Organic Romance Novel Max, Books, Organic, affordable, quality",Buy Organic Romance Novel Max online. Premium quality product at best price. Organic - trusted brand.
156,quality Art Book Plus,quality-art-book-plus,Books,High-quality quality Art Book Plus from quality. Perfect for everyday use with premium features. Available in multiple colors and sizes.,339.77,377.91,73,quality,BOO-QUA-00156,True,False,"quality Art Book Plus, Books, quality, affordable, quality",Buy quality Art Book Plus online. Premium quality product at best price. quality - trusted brand.
157,Classic Romance Novel Pro,classic-romance-novel-pro,Books,High-quality Classic Romance Novel Pro from Classic. Perfect for everyday use with premium features. Available in multiple colors and sizes.,66.05,82.16,43,Classic,BOO-CLA-00157,False,False,"Classic Romance Novel Pro, Books, Classic, affordable, quality",Buy Classic Romance Novel Pro online. Premium quality product at best price. Classic - trusted brand.
158,BrandX Cooking Book Max,brandx-cooking-book-max,Books,High-quality BrandX Cooking Book Max from BrandX. Perfect for everyday use with premium features. Available in multiple colors and sizes.,169.9,236.38,40,BrandX,BOO-BRA-00158,True,False,"BrandX Cooking Book Max, Books, BrandX, affordable, quality",Buy BrandX Cooking Book Max online. Premium quality product at best price. BrandX - trusted brand.
159,standard Mystery Thriller Premium,standard-mystery-thriller-premium,Books,High-quality standard Mystery Thriller Premium from standard. Perfect for everyday use with premium features. Available in multiple colors and sizes.,55.16,79.67,55,standard,BOO-STA-00159,True,False,"standard Mystery Thriller Premium, Books, standard, affordable, quality",Buy standard Mystery Thriller Premium online. Premium quality product at best price. standard - trusted brand.
160,Premium Art Book Lite,premium-art-book-lite,Books,High-quality Premium Art Book Lite from Premium. Perfect for everyday use with premium features. Available in multiple colors and sizes.,294.65,434.45,37,Premium,BOO-PRE-00160,False,False,"Premium Art Book Lite, Books, Premium, affordable, quality",Buy Premium Art Book Lite online. Premium quality product at best price. Premium - trusted brand.
161,luxury Art Book,luxury-art-book,Books,High-quality luxury Art Book from luxury. Perfect for everyday use with premium features. Available in multiple colors and sizes.,247.21,330.08,12,luxury,BOO-LUX-00161,False,True,"luxury Art Book, Books, luxury, affordable, quality",Buy luxury Art Book online. Premium quality product at best price. luxury - trusted brand.
162,value Comic Book Standard,value-comic-book-standard,Books,High-quality value Comic Book Standard from value. Perfect for everyday use with premium features. Available in multiple colors and sizes.,340.55,493.85,5,value,BOO-VAL-00162,True,False,"value Comic Book Standard, Books, value, affordable, quality",Buy value Comic Book Standard online. Premium quality product at best price. value - trusted brand.
163,tech Mystery Thriller Pro,tech-mystery-thriller-pro,Books,High-quality tech Mystery Thriller Pro from tech. Perfect for everyday use with premium features. Available in multiple colors and sizes.,125.3,143.33,88,tech,BOO-TEC-00163,False,False,"tech Mystery Thriller Pro, Books, tech, affordable, quality",Buy tech Mystery Thriller Pro online. Premium quality product at best price. tech - trusted brand.
164,eco Romance Novel Plus,eco-romance-novel-plus,Books,High-quality eco Romance Novel Plus from eco. Perfect for everyday use with premium features. Available in multiple colors and sizes.,343.83,459.97,17,eco,BOO-ECO-00164,True,False,"eco Romance Novel Plus, Books, eco, affordable, quality",Buy eco Romance Novel Plus online. Premium quality product at best price. eco - trusted brand.
165,eco Biography Pro,eco-biography-pro,Books,High-quality eco Biography Pro from eco. Perfect for everyday use with premium features. Available in multiple colors and sizes.,88.23,123.1,2,eco,BOO-ECO-00165,True,False,"eco Biography Pro, Books, eco, affordable, quality",Buy eco Biography Pro online. Premium quality product at best price. eco - trusted brand.
166,basic Puzzle Max,basic-puzzle-max,Toys,High-quality basic Puzzle Max from basic. Perfect for everyday use with premium features. Available in multiple colors and sizes.,112.77,157.25,99,basic,TOY-BAS-00166,True,False,"basic Puzzle Max, Toys, basic, affordable, quality",Buy basic Puzzle Max online. Premium quality product at best price. basic - trusted brand.
167,Ultra Card Game Premium,ultra-card-game-premium,Toys,High-quality Ultra Card Game Premium from Ultra. Perfect for everyday use with premium features. Available in multiple colors and sizes.,349.32,494.98,31,Ultra,TOY-ULT-00167,True,False,"Ultra Card Game Premium, Toys, Ultra, affordable, quality",Buy Ultra Card Game Premium online. Premium quality product at best price. Ultra - trusted brand.
168,Premium LEGO Set Plus,premium-lego-set-plus,Toys,High-quality Premium LEGO Set Plus from Premium. Perfect for everyday use with premium features. Available in multiple colors and sizes.,280.81,311.72,10,Premium,TOY-PRE-00168,True,False,"Premium LEGO Set Plus, Toys, Premium, affordable, quality",Buy Premium LEGO Set Plus online. Premium quality product at best price. Premium - trusted brand.
169,Natural Drone,natural-drone,Toys,High-quality Natural Drone from Natural. Perfect for everyday use with premium features. Available in multiple colors and sizes.,134.54,168.65,88,Natural,TOY-NAT-00169,True,False,"Natural Drone, Toys, Natural, affordable, quality",Buy Natural Drone online. Premium quality product at best price. Natural - trusted brand.
170,value Remote Control Car,value-remote-control-car,Toys,High-quality value Remote Control Car from value. Perfect for everyday use with premium features. Available in multiple colors and sizes.,323.79,369.64,11,value,TOY-VAL-00170,True,False,"value Remote Control Car, Toys, value, affordable, quality",Buy value Remote Control Car online. Premium quality product at best price. value - trusted brand.
171,ProMax Building Blocks Pro,promax-building-blocks-pro,Toys,High-quality ProMax Building Blocks Pro from ProMax. Perfect for everyday use with premium features. Available in multiple colors and sizes.,52.59,68.43,18,ProMax,TOY-PRO-00171,True,False,"ProMax Building Blocks Pro, Toys, ProMax, affordable, quality",Buy ProMax Building Blocks Pro online. Premium quality product at best price. ProMax - trusted brand.
172,style Board Game Lite,style-board-game-lite,Toys,High-quality style Board Game Lite from style. Perfect for everyday use with premium features. Available in multiple colors and sizes.,442.4,548.04,29,style,TOY-STY-00172,True,True,"style Board Game Lite, Toys, style, affordable, quality",Buy style Board Game Lite online. Premium quality product at best price. style - trusted brand.
173,ProMax Robot Pro,promax-robot-pro,Toys,High-quality ProMax Robot Pro from ProMax. Perfect for everyday use with premium features. Available in multiple colors and sizes.,184.25,264.96,24,ProMax,TOY-PRO-00173,True,False,"ProMax Robot Pro, Toys, ProMax, affordable, quality",Buy ProMax Robot Pro online. Premium quality product at best price. ProMax - trusted brand.
174,standard Remote Control Car Premium,standard-remote-control-car-premium,Toys,High-quality standard Remote Control Car Premium from standard. Perfect for everyday use with premium features. Available in multiple colors and sizes.,109.1,135.33,26,standard,TOY-STA-00174,True,False,"standard Remote Control Car Premium, Toys, standard, affordable, quality",Buy standard Remote Control Car Premium online. Premium quality product at best price. standard - trusted brand.
175,ProMax Card Game,promax-card-game,Toys,High-quality ProMax Card Game from ProMax. Perfect for everyday use with premium features. Available in multiple colors and sizes.,414.42,539.02,47,ProMax,TOY-PRO-00175,True,False,"ProMax Card Game, Toys, ProMax, affordable, quality",Buy ProMax Card Game online. Premium quality product at best price. ProMax - trusted brand.
176,value Board Game Max,value-board-game-max,Toys,High-quality value Board Game Max from value. Perfect for everyday use with premium features. Available in multiple colors and sizes.,63.8,70.95,33,value,TOY-VAL-00176,True,False,"value Board Game Max, Toys, value, affordable, quality",Buy value Board Game Max online. Premium quality product at best price. value - trusted brand.
177,luxury Doll Max,luxury-doll-max,Toys,High-quality luxury Doll Max from luxury. Perfect for everyday use with premium features. Available in multiple colors and sizes.,54.26,74.91,85,luxury,TOY-LUX-00177,True,False,"luxury Doll Max, Toys, luxury, affordable, quality",Buy luxury Doll Max online. Premium quality product at best price. luxury - trusted brand.
178,comfort Doll Standard,comfort-doll-standard,Toys,High-quality comfort Doll Standard from comfort. Perfect for everyday use with premium features. Available in multiple colors and sizes.,98.1,125.53,51,comfort,TOY-COM-00178,True,False,"comfort Doll Standard, Toys, comfort, affordable, quality",Buy comfort Doll Standard online. Premium quality product at best price. comfort - trusted brand.
179,Elite Remote Control Car Max,elite-remote-control-car-max,Toys,High-quality Elite Remote Control Car Max from Elite. Perfect for everyday use with premium features. Available in multiple colors and sizes.,401.59,460.81,79,Elite,TOY-ELI-00179,True,False,"Elite Remote Control Car Max, Toys, Elite, affordable, quality",Buy Elite Remote Control Car Max online. Premium quality product at best price. Elite - trusted brand.
180,Elite Doll Plus,elite-doll-plus,Toys,High-quality Elite Doll Plus from Elite. Perfect for everyday use with premium features. Available in multiple colors and sizes.,125.42,154.29,33,Elite,TOY-ELI-00180,True,False,"Elite Doll Plus, Toys, Elite, affordable, quality",Buy Elite Doll Plus online. Premium quality product at best price. Elite - trusted brand.
181,value Drone Plus,value-drone-plus,Toys,High-quality value Drone Plus from value. Perfect for everyday use with premium features. Available in multiple colors and sizes.,63.72,79.83,78,value,TOY-VAL-00181,True,False,"value Drone Plus, Toys, value, affordable, quality",Buy value Drone Plus online. Premium quality product at best price. value - trusted brand.
182,Modern Robot Ultra,modern-robot-ultra,Toys,High-quality Modern Robot Ultra from Modern. Perfect for everyday use with premium features. Available in multiple colors and sizes.,312.9,386.77,9,Modern,TOY-MOD-00182,False,False,"Modern Robot Ultra, Toys, Modern, affordable, quality",Buy Modern Robot Ultra online. Premium quality product at best price. Modern - trusted brand.
183,Classic Remote Control Car,classic-remote-control-car,Toys,High-quality Classic Remote Control Car from Classic. Perfect for everyday use with premium features. Available in multiple colors and sizes.,190.82,246.07,59,Classic,TOY-CLA-00183,False,True,"Classic Remote Control Car, Toys, Classic, affordable, quality",Buy Classic Remote Control Car online. Premium quality product at best price. Classic - trusted brand.
184,Classic LEGO Set,classic-lego-set,Toys,High-quality Classic LEGO Set from Classic. Perfect for everyday use with premium features. Available in multiple colors and sizes.,331.46,427.21,98,Classic,TOY-CLA-00184,True,True,"Classic LEGO Set, Toys, Classic, affordable, quality",Buy Classic LEGO Set online. Premium quality product at best price. Classic - trusted brand.
185,Ultra Building Blocks Premium,ultra-building-blocks-premium,Toys,High-quality Ultra Building Blocks Premium from Ultra. Perfect for everyday use with premium features. Available in multiple colors and sizes.,284.56,346.0,49,Ultra,TOY-ULT-00185,True,False,"Ultra Building Blocks Premium, Toys, Ultra, affordable, quality",Buy Ultra Building Blocks Premium online. Premium quality product at best price. Ultra - trusted brand.
186,standard Remote Control Car Plus,standard-remote-control-car-plus,Toys,High-quality standard Remote Control Car Plus from standard. Perfect for everyday use with premium features. Available in multiple colors and sizes.,135.05,171.73,98,standard,TOY-STA-00186,True,False,"standard Remote Control Car Plus, Toys, standard, affordable, quality",Buy standard Remote Control Car Plus online. Premium quality product at best price. standard - trusted brand.
187,Natural Board Game Pro,natural-board-game-pro,Toys,High-quality Natural Board Game Pro from Natural. Perfect for everyday use with premium features. Available in multiple colors and sizes.,325.18,397.27,11,Natural,TOY-NAT-00187,True,True,"Natural Board Game Pro, Toys, Natural, affordable, quality",Buy Natural Board Game Pro online. Premium quality product at best price. Natural - trusted brand.
188,Classic Drone Ultra,classic-drone-ultra,Toys,High-quality Classic Drone Ultra from Classic. Perfect for everyday use with premium features. Available in multiple colors and sizes.,192.97,269.29,36,Classic,TOY-CLA-00188,True,False,"Classic Drone Ultra, Toys, Classic, affordable, quality",Buy Classic Drone Ultra online. Premium quality product at best price. Classic - trusted brand.
189,Elite Drone Plus,elite-drone-plus,Toys,High-quality Elite Drone Plus from Elite. Perfect for everyday use with premium features. Available in multiple colors and sizes.,255.82,345.91,92,Elite,TOY-ELI-00189,True,True,"Elite Drone Plus, Toys, Elite, affordable, quality",Buy Elite Drone Plus online. Premium quality product at best price. Elite - trusted brand.
190,BrandX Action Figure Plus,brandx-action-figure-plus,Toys,High-quality BrandX Action Figure Plus from BrandX. Perfect for everyday use with premium features. Available in multiple colors and sizes.,247.48,310.76,74,BrandX,TOY-BRA-00190,True,False,"BrandX Action Figure Plus, Toys, BrandX, affordable, quality",Buy BrandX Action Figure Plus online. Premium quality product at best price. BrandX - trusted brand.
191,Smart Board Game Max,smart-board-game-max,Toys,High-quality Smart Board Game Max from Smart. Perfect for everyday use with premium features. Available in multiple colors and sizes.,255.28,364.68,53,Smart,TOY-SMA-00191,False,False,"Smart Board Game Max, Toys, Smart, affordable, quality",Buy Smart Board Game Max online. Premium quality product at best price. Smart - trusted brand.
192,style Remote Control Car,style-remote-control-car,Toys,High-quality style Remote Control Car from style. Perfect for everyday use with premium features. Available in multiple colors and sizes.,124.37,157.11,17,style,TOY-STY-00192,False,False,"style Remote Control Car, Toys, style, affordable, quality",Buy style Remote Control Car online. Premium quality product at best price. style - trusted brand.
193,value Building Blocks Plus,value-building-blocks-plus,Toys,High-quality value Building Blocks Plus from value. Perfect for everyday use with premium features. Available in multiple colors and sizes.,202.03,276.79,98,value,TOY-VAL-00193,False,False,"value Building Blocks Plus, Toys, value, affordable, quality",Buy value Building Blocks Plus online. Premium quality product at best price. value - trusted brand.
194,style Board Game Max,style-board-game-max,Toys,High-quality style Board Game Max from style. Perfect for everyday use with premium features. Available in multiple colors and sizes.,428.66,479.4,47,style,TOY-STY-00194,True,False,"style Board Game Max, Toys, style, affordable, quality",Buy style Board Game Max online. Premium quality product at best price. style - trusted brand.
195,BrandX Puzzle Standard,brandx-puzzle-standard,Toys,High-quality BrandX Puzzle Standard from BrandX. Perfect for everyday use with premium features. Available in multiple colors and sizes.,306.87,352.85,41,BrandX,TOY-BRA-00195,True,True,"BrandX Puzzle Standard, Toys, BrandX, affordable, quality",Buy BrandX Puzzle Standard online. Premium quality product at best price. BrandX - trusted brand.
196,basic Remote Control Car Pro,basic-remote-control-car-pro,Toys,High-quality basic Remote Control Car Pro from basic. Perfect for everyday use with premium features. Available in multiple colors and sizes.,42.13,54.68,67,basic,TOY-BAS-00196,True,False,"basic Remote Control Car Pro, Toys, basic, affordable, quality",Buy basic Remote Control Car Pro online. Premium quality product at best price. basic - trusted brand.
197,value Puzzle Max,value-puzzle-max,Toys,High-quality value Puzzle Max from value. Perfect for everyday use with premium features. Available in multiple colors and sizes.,99.43,133.59,48,value,TOY-VAL-00197,True,False,"value Puzzle Max, Toys, value, affordable, quality",Buy value Puzzle Max online. Premium quality product at best price. value - trusted brand.
198,Elite Doll,elite-doll,Toys,High-quality Elite Doll from Elite. Perfect for everyday use with premium features. Available in multiple colors and sizes.,43.51,49.24,26,Elite,TOY-ELI-00198,True,True,"Elite Doll, Toys, Elite, affordable, quality",Buy Elite Doll online. Premium quality product at best price. Elite - trusted brand.
199,Elite Serum Ultra,elite-serum-ultra,Beauty,High-quality Elite Serum Ultra from Elite. Perfect for everyday use with premium features. Available in multiple colors and sizes.,318.17,422.77,92,Elite,BEA-ELI-00199,True,False,"Elite Serum Ultra, Beauty, Elite, affordable, quality",Buy Elite Serum Ultra online. Premium quality product at best price. Elite - trusted brand.
200,quality Night Cream,quality-night-cream,Beauty,High-quality quality Night Cream from quality. Perfect for everyday use with premium features. Available in multiple colors and sizes.,127.91,141.97,73,quality,BEA-QUA-00200,True,False,"quality Night Cream, Beauty, quality, affordable, quality",Buy quality Night Cream online. Premium quality product at best price. quality - trusted brand.
201,tech Serum Standard,tech-serum-standard,Beauty,High-quality tech Serum Standard from tech. Perfect for everyday use with premium features. Available in multiple colors and sizes.,266.64,354.75,48,tech,BEA-TEC-00201,True,False,"tech Serum Standard, Beauty, tech, affordable, quality",Buy tech Serum Standard online. Premium quality product at best price. tech - trusted brand.
202,Pro Lipstick Standard,pro-lipstick-standard,Beauty,High-quality Pro Lipstick Standard from Pro. Perfect for everyday use with premium features. Available in multiple colors and sizes.,179.11,254.91,10,Pro,BEA-PRO-00202,True,False,"Pro Lipstick Standard, Beauty, Pro, affordable, quality",Buy Pro Lipstick Standard online. Premium quality product at best price. Pro - trusted brand.
203,comfort Face Wash,comfort-face-wash,Beauty,High-quality comfort Face Wash from comfort. Perfect for everyday use with premium features. Available in multiple colors and sizes.,198.29,220.42,10,comfort,BEA-COM-00203,True,False,"comfort Face Wash, Beauty, comfort, affordable, quality",Buy comfort Face Wash online. Premium quality product at best price. comfort - trusted brand.
204,Ultra Face Oil Ultra,ultra-face-oil-ultra,Beauty,High-quality Ultra Face Oil Ultra from Ultra. Perfect for everyday use with premium features. Available in multiple colors and sizes.,214.37,312.89,79,Ultra,BEA-ULT-00204,True,False,"Ultra Face Oil Ultra, Beauty, Ultra, affordable, quality",Buy Ultra Face Oil Ultra online. Premium quality product at best price. Ultra - trusted brand.
205,value Shampoo Premium,value-shampoo-premium,Beauty,High-quality value Shampoo Premium from value. Perfect for everyday use with premium features. Available in multiple colors and sizes.,116.55,174.81,3,value,BEA-VAL-00205,True,True,"value Shampoo Premium, Beauty, value, affordable, quality",Buy value Shampoo Premium online. Premium quality product at best price. value - trusted brand.
206,Smart Night Cream Premium,smart-night-cream-premium,Beauty,High-quality Smart Night Cream Premium from Smart. Perfect for everyday use with premium features. Available in multiple colors and sizes.,333.28,391.67,86,Smart,BEA-SMA-00206,True,False,"Smart Night Cream Premium, Beauty, Smart, affordable, quality",Buy Smart Night Cream Premium online. Premium quality product at best price. Smart - trusted brand.
207,standard Face Wash Plus,standard-face-wash-plus,Beauty,High-quality standard Face Wash Plus from standard. Perfect for everyday use with premium features. Available in multiple colors and sizes.,188.11,246.82,5,standard,BEA-STA-00207,False,True,"standard Face Wash Plus, Beauty, standard, affordable, quality",Buy standard Face Wash Plus online. Premium quality product at best price. standard - trusted brand.
208,value Perfume Standard,value-perfume-standard,Beauty,High-quality value Perfume Standard from value. Perfect for everyday use with premium features. Available in multiple colors and sizes.,314.71,433.73,86,value,BEA-VAL-00208,True,False,"value Perfume Standard, Beauty, value, affordable, quality",Buy value Perfume Standard online. Premium quality product at best price. value - trusted brand.
209,Organic Body Lotion Lite,organic-body-lotion-lite,Beauty,High-quality Organic Body Lotion Lite from Organic. Perfect for everyday use with premium features. Available in multiple colors and sizes.,36.92,41.22,22,Organic,BEA-ORG-00209,False,False,"Organic Body Lotion Lite, Beauty, Organic, affordable, quality",Buy Organic Body Lotion Lite online. Premium quality product at best price. Organic - trusted brand.
210,Classic Foundation Lite,classic-foundation-lite,Beauty,High-quality Classic Foundation Lite from Classic. Perfect for everyday use with premium features. Available in multiple colors and sizes.,38.82,57.16,9,Classic,BEA-CLA-00210,True,False,"Classic Foundation Lite, Beauty, Classic, affordable, quality",Buy Classic Foundation Lite online. Premium quality product at best price. Classic - trusted brand.
211,Premium Moisturizer Standard,premium-moisturizer-standard,Beauty,High-quality Premium Moisturizer Standard from Premium. Perfect for everyday use with premium features. Available in multiple colors and sizes.,112.59,142.58,48,Premium,BEA-PRE-00211,True,False,"Premium Moisturizer Standard, Beauty, Premium, affordable, quality",Buy Premium Moisturizer Standard online. Premium quality product at best price. Premium - trusted brand.
212,Organic Night Cream Max,organic-night-cream-max,Beauty,High-quality Organic Night Cream Max from Organic. Perfect for everyday use with premium features. Available in multiple colors and sizes.,451.82,587.37,86,Organic,BEA-ORG-00212,True,True,"Organic Night Cream Max, Beauty, Organic, affordable, quality",Buy Organic Night Cream Max online. Premium quality product at best price. Organic - trusted brand.
213,Premium Sunscreen Standard,premium-sunscreen-standard,Beauty,High-quality Premium Sunscreen Standard from Premium. Perfect for everyday use with premium features. Available in multiple colors and sizes.,304.28,435.42,31,Premium,BEA-PRE-00213,True,False,"Premium Sunscreen Standard, Beauty, Premium, affordable, quality",Buy Premium Sunscreen Standard online. Premium quality product at best price. Premium - trusted brand.
214,value Foundation Standard,value-foundation-standard,Beauty,High-quality value Foundation Standard from value. Perfect for everyday use with premium features. Available in multiple colors and sizes.,238.45,341.3,13,value,BEA-VAL-00214,True,False,"value Foundation Standard, Beauty, value, affordable, quality",Buy value Foundation Standard online. Premium quality product at best price. value - trusted brand.
215,eco Face Mask Plus,eco-face-mask-plus,Beauty,High-quality eco Face Mask Plus from eco. Perfect for everyday use with premium features. Available in multiple colors and sizes.,389.02,525.31,95,eco,BEA-ECO-00215,True,False,"eco Face Mask Plus, Beauty, eco, affordable, quality",Buy eco Face Mask Plus online. Premium quality product at best price. eco - trusted brand.
216,Pro Body Lotion Premium,pro-body-lotion-premium,Beauty,High-quality Pro Body Lotion Premium from Pro. Perfect for everyday use with premium features. Available in multiple colors and sizes.,313.94,354.17,4,Pro,BEA-PRO-00216,True,False,"Pro Body Lotion Premium, Beauty, Pro, affordable, quality",Buy Pro Body Lotion Premium online. Premium quality product at best price. Pro - trusted brand.
217,Elite Face Wash Premium,elite-face-wash-premium,Beauty,High-quality Elite Face Wash Premium from Elite. Perfect for everyday use with premium features. Available in multiple colors and sizes.,464.62,549.54,62,Elite,BEA-ELI-00217,True,False,"Elite Face Wash Premium, Beauty, Elite, affordable, quality",Buy Elite Face Wash Premium online. Premium quality product at best price. Elite - trusted brand.
218,style Lipstick Max,style-lipstick-max,Beauty,High-quality style Lipstick Max from style. Perfect for everyday use with premium features. Available in multiple colors and sizes.,431.23,587.04,75,style,BEA-STY-00218,True,False,"style Lipstick Max, Beauty, style, affordable, quality",Buy style Lipstick Max online. Premium quality product at best price. style - trusted brand.
219,comfort Shampoo Ultra,comfort-shampoo-ultra,Beauty,High-quality comfort Shampoo Ultra from comfort. Perfect for everyday use with premium features. Available in multiple colors and sizes.,33.52,47.38,100,comfort,BEA-COM-00219,True,False,"comfort Shampoo Ultra, Beauty, comfort, affordable, quality",Buy comfort Shampoo Ultra online. Premium quality product at best price. comfort - trusted brand.
220,Organic Face Oil Plus,organic-face-oil-plus,Beauty,High-quality Organic Face Oil Plus from Organic. Perfect for everyday use with premium features. Available in multiple colors and sizes.,369.94,498.52,44,Organic,BEA-ORG-00220,True,False,"Organic Face Oil Plus, Beauty, Organic, affordable, quality",Buy Organic Face Oil Plus online. Premium quality product at best price. Organic - trusted brand.
221,Modern Face Oil Plus,modern-face-oil-plus,Beauty,High-quality Modern Face Oil Plus from Modern. Perfect for everyday use with premium features. Available in multiple colors and sizes.,350.34,392.43,65,Modern,BEA-MOD-00221,True,False,"Modern Face Oil Plus, Beauty, Modern, affordable, quality",Buy Modern Face Oil Plus online. Premium quality product at best price. Modern - trusted brand.
222,quality Face Oil Lite,quality-face-oil-lite,Beauty,High-quality quality Face Oil Lite from quality. Perfect for everyday use with premium features. Available in multiple colors and sizes.,125.14,146.78,21,quality,BEA-QUA-00222,True,False,"quality Face Oil Lite, Beauty, quality, affordable, quality",Buy quality Face Oil Lite online. Premium quality product at best price. quality - trusted brand.
223,Elite Eye Shadow,elite-eye-shadow,Beauty,High-quality Elite Eye Shadow from Elite. Perfect for everyday use with premium features. Available in multiple colors and sizes.,263.79,298.02,60,Elite,BEA-ELI-00223,True,False,"Elite Eye Shadow, Beauty, Elite, affordable, quality",Buy Elite Eye Shadow online. Premium quality product at best price. Elite - trusted brand.
224,Natural Foundation Max,natural-foundation-max,Beauty,High-quality Natural Foundation Max from Natural. Perfect for everyday use with premium features. Available in multiple colors and sizes.,150.88,197.11,57,Natural,BEA-NAT-00224,False,False,"Natural Foundation Max, Beauty, Natural, affordable, quality",Buy Natural Foundation Max online. Premium quality product at best price. Natural - trusted brand.
225,Natural Night Cream Lite,natural-night-cream-lite,Beauty,High-quality Natural Night Cream Lite from Natural. Perfect for everyday use with premium features. Available in multiple colors and sizes.,356.99,525.48,18,Natural,BEA-NAT-00225,True,False,"Natural Night Cream Lite, Beauty, Natural, affordable, quality",Buy Natural Night Cream Lite online. Premium quality product at best price. Natural - trusted brand.
226,Modern Moisturizer Max,modern-moisturizer-max,Beauty,High-quality Modern Moisturizer Max from Modern. Perfect for everyday use with premium features. Available in multiple colors and sizes.,289.67,401.49,40,Modern,BEA-MOD-00226,True,False,"Modern Moisturizer Max, Beauty, Modern, affordable, quality",Buy Modern Moisturizer Max online. Premium quality product at best price. Modern - trusted brand.
227,basic Moisturizer Max,basic-moisturizer-max,Beauty,High-quality basic Moisturizer Max from basic. Perfect for everyday use with premium features. Available in multiple colors and sizes.,496.2,632.34,83,basic,BEA-BAS-00227,True,True,"basic Moisturizer Max, Beauty, basic, affordable, quality",Buy basic Moisturizer Max online. Premium quality product at best price. basic - trusted brand.
228,BrandX Soap Plus,brandx-soap-plus,Beauty,High-quality BrandX Soap Plus from BrandX. Perfect for everyday use with premium features. Available in multiple colors and sizes.,132.21,195.69,80,BrandX,BEA-BRA-00228,True,False,"BrandX Soap Plus, Beauty, BrandX, affordable, quality",Buy BrandX Soap Plus online. Premium quality product at best price. BrandX - trusted brand.
229,ProMax Conditioner Pro,promax-conditioner-pro,Beauty,High-quality ProMax Conditioner Pro from ProMax. Perfect for everyday use with premium features. Available in multiple colors and sizes.,43.39,62.49,96,ProMax,BEA-PRO-00229,False,False,"ProMax Conditioner Pro, Beauty, ProMax, affordable, quality",Buy ProMax Conditioner Pro online. Premium quality product at best price. ProMax - trusted brand.
230,Elite Perfume Standard,elite-perfume-standard,Beauty,High-quality Elite Perfume Standard from Elite. Perfect for everyday use with premium features. Available in multiple colors and sizes.,170.12,226.85,67,Elite,BEA-ELI-00230,True,False,"Elite Perfume Standard, Beauty, Elite, affordable, quality",Buy Elite Perfume Standard online. Premium quality product at best price. Elite - trusted brand.
231,Modern Night Cream Pro,modern-night-cream-pro,Beauty,High-quality Modern Night Cream Pro from Modern. Perfect for everyday use with premium features. Available in multiple colors and sizes.,202.9,269.41,71,Modern,BEA-MOD-00231,True,False,"Modern Night Cream Pro, Beauty, Modern, affordable, quality",Buy Modern Night Cream Pro online. Premium quality product at best price. Modern - trusted brand.
232,ProMax Multivitamin,promax-multivitamin,Health,High-quality ProMax Multivitamin from ProMax. Perfect for everyday use with premium features. Available in multiple colors and sizes.,221.66,326.58,41,ProMax,HEA-PRO-00232,True,False,"ProMax Multivitamin, Health, ProMax, affordable, quality",Buy ProMax Multivitamin online. Premium quality product at best price. ProMax - trusted brand.
233,Natural Multivitamin Lite,natural-multivitamin-lite,Health,High-quality Natural Multivitamin Lite from Natural. Perfect for everyday use with premium features. Available in multiple colors and sizes.,421.48,465.82,29,Natural,HEA-NAT-00233,True,False,"Natural Multivitamin Lite, Health, Natural, affordable, quality",Buy Natural Multivitamin Lite online. Premium quality product at best price. Natural - trusted brand.
234,Smart Tablets Pro,smart-tablets-pro,Health,High-quality Smart Tablets Pro from Smart. Perfect for everyday use with premium features. Available in multiple colors and sizes.,55.16,64.12,98,Smart,HEA-SMA-00234,True,False,"Smart Tablets Pro, Health, Smart, affordable, quality",Buy Smart Tablets Pro online. Premium quality product at best price. Smart - trusted brand.
235,tech Pain Relief Standard,tech-pain-relief-standard,Health,High-quality tech Pain Relief Standard from tech. Perfect for everyday use with premium features. Available in multiple colors and sizes.,173.07,257.88,57,tech,HEA-TEC-00235,True,False,"tech Pain Relief Standard, Health, tech, affordable, quality",Buy tech Pain Relief Standard online. Premium quality product at best price. tech - trusted brand.
236,Natural First Aid Kit Standard,natural-first-aid-kit-standard,Health,High-quality Natural First Aid Kit Standard from Natural. Perfect for everyday use with premium features. Available in multiple colors and sizes.,496.73,564.9,64,Natural,HEA-NAT-00236,True,False,"Natural First Aid Kit Standard, Health, Natural, affordable, quality",Buy Natural First Aid Kit Standard online. Premium quality product at best price. Natural - trusted brand.
237,value Pulse Oximeter Ultra,value-pulse-oximeter-ultra,Health,High-quality value Pulse Oximeter Ultra from value. Perfect for everyday use with premium features. Available in multiple colors and sizes.,306.24,441.48,37,value,HEA-VAL-00237,True,False,"value Pulse Oximeter Ultra, Health, value, affordable, quality",Buy value Pulse Oximeter Ultra online. Premium quality product at best price. value - trusted brand.
238,value Face Mask Premium,value-face-mask-premium,Health,High-quality value Face Mask Premium from value. Perfect for everyday use with premium features. Available in multiple colors and sizes.,105.13,117.7,3,value,HEA-VAL-00238,False,False,"value Face Mask Premium, Health, value, affordable, quality",Buy value Face Mask Premium online. Premium quality product at best price. value - trusted brand.
239,Pro Protein Powder Plus,pro-protein-powder-plus,Health,High-quality Pro Protein Powder Plus from Pro. Perfect for everyday use with premium features. Available in multiple colors and sizes.,252.85,366.45,90,Pro,HEA-PRO-00239,True,False,"Pro Protein Powder Plus, Health, Pro, affordable, quality",Buy Pro Protein Powder Plus online. Premium quality product at best price. Pro - trusted brand.
240,tech Protein Powder Standard,tech-protein-powder-standard,Health,High-quality tech Protein Powder Standard from tech. Perfect for everyday use with premium features. Available in multiple colors and sizes.,499.87,636.25,83,tech,HEA-TEC-00240,True,False,"tech Protein Powder Standard, Health, tech, affordable, quality",Buy tech Protein Powder Standard online. Premium quality product at best price. tech - trusted brand.
241,tech Tablets Standard,tech-tablets-standard,Health,High-quality tech Tablets Standard from tech. Perfect for everyday use with premium features. Available in multiple colors and sizes.,96.02,133.01,11,tech,HEA-TEC-00241,True,False,"tech Tablets Standard, Health, tech, affordable, quality",Buy tech Tablets Standard online. Premium quality product at best price. tech - trusted brand.
242,Pro Hand Sanitizer,pro-hand-sanitizer,Health,High-quality Pro Hand Sanitizer from Pro. Perfect for everyday use with premium features. Available in multiple colors and sizes.,340.61,386.17,61,Pro,HEA-PRO-00242,True,False,"Pro Hand Sanitizer, Health, Pro, affordable, quality",Buy Pro Hand Sanitizer online. Premium quality product at best price. Pro - trusted brand.
243,comfort Thermometer Lite,comfort-thermometer-lite,Health,High-quality comfort Thermometer Lite from comfort. Perfect for everyday use with premium features. Available in multiple colors and sizes.,456.45,644.17,13,comfort,HEA-COM-00243,True,True,"comfort Thermometer Lite, Health, comfort, affordable, quality",Buy comfort Thermometer Lite online. Premium quality product at best price. comfort - trusted brand.
244,luxury Blood Pressure Monitor Lite,luxury-blood-pressure-monitor-lite,Health,High-quality luxury Blood Pressure Monitor Lite from luxury. Perfect for everyday use with premium features. Available in multiple colors and sizes.,271.54,321.69,2,luxury,HEA-LUX-00244,True,False,"luxury Blood Pressure Monitor Lite, Health, luxury, affordable, quality",Buy luxury Blood Pressure Monitor Lite online. Premium quality product at best price. luxury - trusted brand.
245,comfort Hand Sanitizer Max,comfort-hand-sanitizer-max,Health,High-quality comfort Hand Sanitizer Max from comfort. Perfect for everyday use with premium features. Available in multiple colors and sizes.,429.66,571.53,17,comfort,HEA-COM-00245,False,True,"comfort Hand Sanitizer Max, Health, comfort, affordable, quality",Buy comfort Hand Sanitizer Max online. Premium quality product at best price. comfort - trusted brand.
246,luxury Thermometer Max,luxury-thermometer-max,Health,High-quality luxury Thermometer Max from luxury. Perfect for everyday use with premium features. Available in multiple colors and sizes.,283.11,383.96,7,luxury,HEA-LUX-00246,True,True,"luxury Thermometer Max, Health, luxury, affordable, quality",Buy luxury Thermometer Max online. Premium quality product at best price. luxury - trusted brand.
247,Pro Thermometer,pro-thermometer,Health,High-quality Pro Thermometer from Pro. Perfect for everyday use with premium features. Available in multiple colors and sizes.,249.68,296.76,92,Pro,HEA-PRO-00247,True,False,"Pro Thermometer, Health, Pro, affordable, quality",Buy Pro Thermometer online. Premium quality product at best price. Pro - trusted brand.
248,Natural First Aid Kit Premium,natural-first-aid-kit-premium,Health,High-quality Natural First Aid Kit Premium from Natural. Perfect for everyday use with premium features. Available in multiple colors and sizes.,331.44,481.33,71,Natural,HEA-NAT-00248,True,False,"Natural First Aid Kit Premium, Health, Natural, affordable, quality",Buy Natural First Aid Kit Premium online. Premium quality product at best price. Natural - trusted brand.
249,value Vitamins Ultra,value-vitamins-ultra,Health,High-quality value Vitamins Ultra from value. Perfect for everyday use with premium features. Available in multiple colors and sizes.,310.68,367.5,50,value,HEA-VAL-00249,True,True,"value Vitamins Ultra, Health, value, affordable, quality",Buy value Vitamins Ultra online. Premium quality product at best price. value - trusted brand.
250,Classic Pain Relief Lite,classic-pain-relief-lite,Health,High-quality Classic Pain Relief Lite from Classic. Perfect for everyday use with premium features. Available in multiple colors and sizes.,213.27,307.27,91,Classic,HEA-CLA-00250,True,False,"Classic Pain Relief Lite, Health, Classic, affordable, quality",Buy Classic Pain Relief Lite online. Premium quality product at best price. Classic - trusted brand.
251,Classic Protein Powder Pro,classic-protein-powder-pro,Health,High-quality Classic Protein Powder Pro from Classic. Perfect for everyday use with premium features. Available in multiple colors and sizes.,298.65,357.73,27,Classic,HEA-CLA-00251,True,False,"Classic Protein Powder Pro, Health, Classic, affordable, quality",Buy Classic Protein Powder Pro online. Premium quality product at best price. Classic - trusted brand.
252,BrandX First Aid Kit Premium,brandx-first-aid-kit-premium,Health,High-quality BrandX First Aid Kit Premium from BrandX. Perfect for everyday use with premium features. Available in multiple colors and sizes.,314.77,457.93,5,BrandX,HEA-BRA-00252,True,False,"BrandX First Aid Kit Premium, Health, BrandX, affordable, quality",Buy BrandX First Aid Kit Premium online. Premium quality product at best price. BrandX - trusted brand.
253,Classic Pulse Oximeter Max,classic-pulse-oximeter-max,Health,High-quality Classic Pulse Oximeter Max from Classic. Perfect for everyday use with premium features. Available in multiple colors and sizes.,352.07,429.27,99,Classic,HEA-CLA-00253,True,True,"Classic Pulse Oximeter Max, Health, Classic, affordable, quality",Buy Classic Pulse Oximeter Max online. Premium quality product at best price. Classic - trusted brand.
254,value Protein Powder Premium,value-protein-powder-premium,Health,High-quality value Protein Powder Premium from value. Perfect for everyday use with premium features. Available in multiple colors and sizes.,160.68,196.13,86,value,HEA-VAL-00254,False,False,"value Protein Powder Premium, Health, value, affordable, quality",Buy value Protein Powder Premium online. Premium quality product at best price. value - trusted brand.
255,Modern Vitamins Lite,modern-vitamins-lite,Health,High-quality Modern Vitamins Lite from Modern. Perfect for everyday use with premium features. Available in multiple colors and sizes.,109.94,146.28,89,Modern,HEA-MOD-00255,True,False,"Modern Vitamins Lite, Health, Modern, affordable, quality",Buy Modern Vitamins Lite online. Premium quality product at best price. Modern - trusted brand.
256,BrandX Thermometer Standard,brandx-thermometer-standard,Health,High-quality BrandX Thermometer Standard from BrandX. Perfect for everyday use with premium features. Available in multiple colors and sizes.,32.2,44.14,0,BrandX,HEA-BRA-00256,False,False,"BrandX Thermometer Standard, Health, BrandX, affordable, quality",Buy BrandX Thermometer Standard online. Premium quality product at best price. BrandX - trusted brand.
257,Ultra Blood Pressure Monitor Lite,ultra-blood-pressure-monitor-lite,Health,High-quality Ultra Blood Pressure Monitor Lite from Ultra. Perfect for everyday use with premium features. Available in multiple colors and sizes.,346.78,497.8,26,Ultra,HEA-ULT-00257,True,False,"Ultra Blood Pressure Monitor Lite, Health, Ultra, affordable, quality",Buy Ultra Blood Pressure Monitor Lite online. Premium quality product at best price. Ultra - trusted brand.
258,Ultra Syrup Premium,ultra-syrup-premium,Health,High-quality Ultra Syrup Premium from Ultra. Perfect for everyday use with premium features. Available in multiple colors and sizes.,423.47,535.03,17,Ultra,HEA-ULT-00258,True,False,"Ultra Syrup Premium, Health, Ultra, affordable, quality",Buy Ultra Syrup Premium online. Premium quality product at best price. Ultra - trusted brand.
259,value Pain Relief Premium,value-pain-relief-premium,Health,High-quality value Pain Relief Premium from value. Perfect for everyday use with premium features. Available in multiple colors and sizes.,468.28,515.2,5,value,HEA-VAL-00259,True,False,"value Pain Relief Premium, Health, value, affordable, quality",Buy value Pain Relief Premium online. Premium quality product at best price. value - trusted brand.
260,Ultra First Aid Kit Max,ultra-first-aid-kit-max,Health,High-quality Ultra First Aid Kit Max from Ultra. Perfect for everyday use with premium features. Available in multiple colors and sizes.,396.67,566.51,48,Ultra,HEA-ULT-00260,False,False,"Ultra First Aid Kit Max, Health, Ultra, affordable, quality",Buy Ultra First Aid Kit Max online. Premium quality product at best price. Ultra - trusted brand.
261,style Syrup Ultra,style-syrup-ultra,Health,High-quality style Syrup Ultra from style. Perfect for everyday use with premium features. Available in multiple colors and sizes.,446.34,516.82,39,style,HEA-STY-00261,True,False,"style Syrup Ultra, Health, style, affordable, quality",Buy style Syrup Ultra online. Premium quality product at best price. style - trusted brand.
262,eco First Aid Kit Lite,eco-first-aid-kit-lite,Health,High-quality eco First Aid Kit Lite from eco. Perfect for everyday use with premium features. Available in multiple colors and sizes.,143.1,159.7,14,eco,HEA-ECO-00262,True,False,"eco First Aid Kit Lite, Health, eco, affordable, quality",Buy eco First Aid Kit Lite online. Premium quality product at best price. eco - trusted brand.
263,Elite Blood Pressure Monitor Plus,elite-blood-pressure-monitor-plus,Health,High-quality Elite Blood Pressure Monitor Plus from Elite. Perfect for everyday use with premium features. Available in multiple colors and sizes.,172.81,208.76,70,Elite,HEA-ELI-00263,True,False,"Elite Blood Pressure Monitor Plus, Health, Elite, affordable, quality",Buy Elite Blood Pressure Monitor Plus online. Premium quality product at best price. Elite - trusted brand.
264,Natural Vitamins Lite,natural-vitamins-lite,Health,High-quality Natural Vitamins Lite from Natural. Perfect for everyday use with premium features. Available in multiple colors and sizes.,143.42,175.14,81,Natural,HEA-NAT-00264,True,False,"Natural Vitamins Lite, Health, Natural, affordable, quality",Buy Natural Vitamins Lite online. Premium quality product at best price. Natural - trusted brand.
265,Smart Tie Plus,smart-tie-plus,Accessories,High-quality Smart Tie Plus from Smart. Perfect for everyday use with premium features. Available in multiple colors and sizes.,377.31,426.29,63,Smart,ACC-SMA-00265,False,False,"Smart Tie Plus, Accessories, Smart, affordable, quality",Buy Smart Tie Plus online. Premium quality product at best price. Smart - trusted brand.
266,Ultra Wallet Max,ultra-wallet-max,Accessories,High-quality Ultra Wallet Max from Ultra. Perfect for everyday use with premium features. Available in multiple colors and sizes.,275.34,362.0,85,Ultra,ACC-ULT-00266,True,False,"Ultra Wallet Max, Accessories, Ultra, affordable, quality",Buy Ultra Wallet Max online. Premium quality product at best price. Ultra - trusted brand.
267,eco Wallet Max,eco-wallet-max,Accessories,High-quality eco Wallet Max from eco. Perfect for everyday use with premium features. Available in multiple colors and sizes.,413.57,481.14,47,eco,ACC-ECO-00267,True,False,"eco Wallet Max, Accessories, eco, affordable, quality",Buy eco Wallet Max online. Premium quality product at best price. eco - trusted brand.
268,value Necklace Pro,value-necklace-pro,Accessories,High-quality value Necklace Pro from value. Perfect for everyday use with premium features. Available in multiple colors and sizes.,304.01,340.68,6,value,ACC-VAL-00268,False,False,"value Necklace Pro, Accessories, value, affordable, quality",Buy value Necklace Pro online. Premium quality product at best price. value - trusted brand.
269,style Tie Ultra,style-tie-ultra,Accessories,High-quality style Tie Ultra from style. Perfect for everyday use with premium features. Available in multiple colors and sizes.,423.71,477.32,30,style,ACC-STY-00269,False,True,"style Tie Ultra, Accessories, style, affordable, quality",Buy style Tie Ultra online. Premium quality product at best price. style - trusted brand.
270,Natural Ring Plus,natural-ring-plus,Accessories,High-quality Natural Ring Plus from Natural. Perfect for everyday use with premium features. Available in multiple colors and sizes.,170.69,228.59,64,Natural,ACC-NAT-00270,True,True,"Natural Ring Plus, Accessories, Natural, affordable, quality",Buy Natural Ring Plus online. Premium quality product at best price. Natural - trusted brand.
271,Modern Wallet Plus,modern-wallet-plus,Accessories,High-quality Modern Wallet Plus from Modern. Perfect for everyday use with premium features. Available in multiple colors and sizes.,227.03,298.47,38,Modern,ACC-MOD-00271,True,False,"Modern Wallet Plus, Accessories, Modern, affordable, quality",Buy Modern Wallet Plus online. Premium quality product at best price. Modern - trusted brand.
272,comfort Ring Lite,comfort-ring-lite,Accessories,High-quality comfort Ring Lite from comfort. Perfect for everyday use with premium features. Available in multiple colors and sizes.,296.59,342.9,34,comfort,ACC-COM-00272,True,False,"comfort Ring Lite, Accessories, comfort, affordable, quality",Buy comfort Ring Lite online. Premium quality product at best price. comfort - trusted brand.
273,Elite Tie Pro,elite-tie-pro,Accessories,High-quality Elite Tie Pro from Elite. Perfect for everyday use with premium features. Available in multiple colors and sizes.,65.88,89.61,72,Elite,ACC-ELI-00273,True,True,"Elite Tie Pro, Accessories, Elite, affordable, quality",Buy Elite Tie Pro online. Premium quality product at best price. Elite - trusted brand.
274,Pro Bracelet Lite,pro-bracelet-lite,Accessories,High-quality Pro Bracelet Lite from Pro. Perfect for everyday use with premium features. Available in multiple colors and sizes.,220.11,258.9,31,Pro,ACC-PRO-00274,True,True,"Pro Bracelet Lite, Accessories, Pro, affordable, quality",Buy Pro Bracelet Lite online. Premium quality product at best price. Pro - trusted brand.
275,Ultra Hat Lite,ultra-hat-lite,Accessories,High-quality Ultra Hat Lite from Ultra. Perfect for everyday use with premium features. Available in multiple colors and sizes.,294.91,370.97,25,Ultra,ACC-ULT-00275,True,False,"Ultra Hat Lite, Accessories, Ultra, affordable, quality",Buy Ultra Hat Lite online. Premium quality product at best price. Ultra - trusted brand.
276,Modern Bracelet Ultra,modern-bracelet-ultra,Accessories,High-quality Modern Bracelet Ultra from Modern. Perfect for everyday use with premium features. Available in multiple colors and sizes.,109.45,121.04,48,Modern,ACC-MOD-00276,True,False,"Modern Bracelet Ultra, Accessories, Modern, affordable, quality",Buy Modern Bracelet Ultra online. Premium quality product at best price. Modern - trusted brand.
277,Natural Anklet Premium,natural-anklet-premium,Accessories,High-quality Natural Anklet Premium from Natural. Perfect for everyday use with premium features. Available in multiple colors and sizes.,227.86,326.83,67,Natural,ACC-NAT-00277,True,True,"Natural Anklet Premium, Accessories, Natural, affordable, quality",Buy Natural Anklet Premium online. Premium quality product at best price. Natural - trusted brand.
278,style Wallet,style-wallet,Accessories,High-quality style Wallet from style. Perfect for everyday use with premium features. Available in multiple colors and sizes.,229.05,323.49,82,style,ACC-STY-00278,True,True,"style Wallet, Accessories, style, affordable, quality",Buy style Wallet online. Premium quality product at best price. style - trusted brand.
279,ProMax Wallet Plus,promax-wallet-plus,Accessories,High-quality ProMax Wallet Plus from ProMax. Perfect for everyday use with premium features. Available in multiple colors and sizes.,24.48,29.11,57,ProMax,ACC-PRO-00279,True,False,"ProMax Wallet Plus, Accessories, ProMax, affordable, quality",Buy ProMax Wallet Plus online. Premium quality product at best price. ProMax - trusted brand.
280,Ultra Bracelet Standard,ultra-bracelet-standard,Accessories,High-quality Ultra Bracelet Standard from Ultra. Perfect for everyday use with premium features. Available in multiple colors and sizes.,496.99,734.49,1,Ultra,ACC-ULT-00280,True,True,"Ultra Bracelet Standard, Accessories, Ultra, affordable, quality",Buy Ultra Bracelet Standard online. Premium quality product at best price. Ultra - trusted brand.
281,Smart Necklace Lite,smart-necklace-lite,Accessories,High-quality Smart Necklace Lite from Smart. Perfect for everyday use with premium features. Available in multiple colors and sizes.,383.36,535.18,13,Smart,ACC-SMA-00281,True,False,"Smart Necklace Lite, Accessories, Smart, affordable, quality",Buy Smart Necklace Lite online. Premium quality product at best price. Smart - trusted brand.
282,quality Brooch Ultra,quality-brooch-ultra,Accessories,High-quality quality Brooch Ultra from quality. Perfect for everyday use with premium features. Available in multiple colors and sizes.,107.74,127.51,62,quality,ACC-QUA-00282,True,False,"quality Brooch Ultra, Accessories, quality, affordable, quality",Buy quality Brooch Ultra online. Premium quality product at best price. quality - trusted brand.
283,Pro Scarf Pro,pro-scarf-pro,Accessories,High-quality Pro Scarf Pro from Pro. Perfect for everyday use with premium features. Available in multiple colors and sizes.,13.32,17.83,85,Pro,ACC-PRO-00283,False,False,"Pro Scarf Pro, Accessories, Pro, affordable, quality",Buy Pro Scarf Pro online. Premium quality product at best price. Pro - trusted brand.
284,Ultra Brooch Standard,ultra-brooch-standard,Accessories,High-quality Ultra Brooch Standard from Ultra. Perfect for everyday use with premium features. Available in multiple colors and sizes.,79.99,104.3,74,Ultra,ACC-ULT-00284,True,False,"Ultra Brooch Standard, Accessories, Ultra, affordable, quality",Buy Ultra Brooch Standard online. Premium quality product at best price. Ultra - trusted brand.
285,ProMax Ring Ultra,promax-ring-ultra,Accessories,High-quality ProMax Ring Ultra from ProMax. Perfect for everyday use with premium features. Available in multiple colors and sizes.,41.6,53.65,3,ProMax,ACC-PRO-00285,True,True,"ProMax Ring Ultra, Accessories, ProMax, affordable, quality",Buy ProMax Ring Ultra online. Premium quality product at best price. ProMax - trusted brand.
286,value Anklet Max,value-anklet-max,Accessories,High-quality value Anklet Max from value. Perfect for everyday use with premium features. Available in multiple colors and sizes.,312.4,436.94,100,value,ACC-VAL-00286,True,False,"value Anklet Max, Accessories, value, affordable, quality",Buy value Anklet Max online. Premium quality product at best price. value - trusted brand.
287,Elite Earrings Ultra,elite-earrings-ultra,Accessories,High-quality Elite Earrings Ultra from Elite. Perfect for everyday use with premium features. Available in multiple colors and sizes.,324.65,373.9,31,Elite,ACC-ELI-00287,True,True,"Elite Earrings Ultra, Accessories, Elite, affordable, quality",Buy Elite Earrings Ultra online. Premium quality product at best price. Elite - trusted brand.
288,basic Keychain Premium,basic-keychain-premium,Accessories,High-quality basic Keychain Premium from basic. Perfect for everyday use with premium features. Available in multiple colors and sizes.,181.58,239.5,56,basic,ACC-BAS-00288,True,False,"basic Keychain Premium, Accessories, basic, affordable, quality",Buy basic Keychain Premium online. Premium quality product at best price. basic - trusted brand.
289,comfort Brooch Premium,comfort-brooch-premium,Accessories,High-quality comfort Brooch Premium from comfort. Perfect for everyday use with premium features. Available in multiple colors and sizes.,150.96,167.64,69,comfort,ACC-COM-00289,True,False,"comfort Brooch Premium, Accessories, comfort, affordable, quality",Buy comfort Brooch Premium online. Premium quality product at best price. comfort - trusted brand.
290,Classic Bracelet Lite,classic-bracelet-lite,Accessories,High-quality Classic Bracelet Lite from Classic. Perfect for everyday use with premium features. Available in multiple colors and sizes.,326.59,362.47,64,Classic,ACC-CLA-00290,True,False,"Classic Bracelet Lite, Accessories, Classic, affordable, quality",Buy Classic Bracelet Lite online. Premium quality product at best price. Classic - trusted brand.
291,Classic Necklace,classic-necklace,Accessories,High-quality Classic Necklace from Classic. Perfect for everyday use with premium features. Available in multiple colors and sizes.,82.79,114.18,43,Classic,ACC-CLA-00291,True,False,"Classic Necklace, Accessories, Classic, affordable, quality",Buy Classic Necklace online. Premium quality product at best price. Classic - trusted brand.
292,Modern Tie Premium,modern-tie-premium,Accessories,High-quality Modern Tie Premium from Modern. Perfect for everyday use with premium features. Available in multiple colors and sizes.,380.23,515.55,70,Modern,ACC-MOD-00292,True,False,"Modern Tie Premium, Accessories, Modern, affordable, quality",Buy Modern Tie Premium online. Premium quality product at best price. Modern - trusted brand.
293,Pro Sunglasses Plus,pro-sunglasses-plus,Accessories,High-quality Pro Sunglasses Plus from Pro. Perfect for everyday use with premium features. Available in multiple colors and sizes.,294.27,370.8,46,Pro,ACC-PRO-00293,True,False,"Pro Sunglasses Plus, Accessories, Pro, affordable, quality",Buy Pro Sunglasses Plus online. Premium quality product at best price. Pro - trusted brand.
294,luxury Bag Plus,luxury-bag-plus,Accessories,High-quality luxury Bag Plus from luxury. Perfect for everyday use with premium features. Available in multiple colors and sizes.,378.18,445.9,3,luxury,ACC-LUX-00294,True,False,"luxury Bag Plus, Accessories, luxury, affordable, quality",Buy luxury Bag Plus online. Premium quality product at best price. luxury - trusted brand.
295,Pro Bag Ultra,pro-bag-ultra,Accessories,High-quality Pro Bag Ultra from Pro. Perfect for everyday use with premium features. Available in multiple colors and sizes.,254.43,361.0,42,Pro,ACC-PRO-00295,True,False,"Pro Bag Ultra, Accessories, Pro, affordable, quality",Buy Pro Bag Ultra online. Premium quality product at best price. Pro - trusted brand.
296,Elite Wallet Plus,elite-wallet-plus,Accessories,High-quality Elite Wallet Plus from Elite. Perfect for everyday use with premium features. Available in multiple colors and sizes.,453.43,638.7,63,Elite,ACC-ELI-00296,True,False,"Elite Wallet Plus, Accessories, Elite, affordable, quality",Buy Elite Wallet Plus online. Premium quality product at best price. Elite - trusted brand.
297,value Wallet Max,value-wallet-max,Accessories,High-quality value Wallet Max from value. Perfect for everyday use with premium features. Available in multiple colors and sizes.,482.41,615.1,24,value,ACC-VAL-00297,True,False,"value Wallet Max, Accessories, value, affordable, quality",Buy value Wallet Max online. Premium quality product at best price. value - trusted brand.
298,Pro Sofa Pro,pro-sofa-pro,Furniture,High-quality Pro Sofa Pro from Pro. Perfect for everyday use with premium features. Available in multiple colors and sizes.,365.9,546.8,1,Pro,FUR-PRO-00298,True,True,"Pro Sofa Pro, Furniture, Pro, affordable, quality",Buy Pro Sofa Pro online. Premium quality product at best price. Pro - trusted brand.
299,tech Office Desk Lite,tech-office-desk-lite,Furniture,High-quality tech Office Desk Lite from tech. Perfect for everyday use with premium features. Available in multiple colors and sizes.,445.48,535.57,77,tech,FUR-TEC-00299,True,True,"tech Office Desk Lite, Furniture, tech, affordable, quality",Buy tech Office Desk Lite online. Premium quality product at best price. tech - trusted brand.
300,Elite Coffee Table Premium,elite-coffee-table-premium,Furniture,High-quality Elite Coffee Table Premium from Elite. Perfect for everyday use with premium features. Available in multiple colors and sizes.,411.14,576.34,27,Elite,FUR-ELI-00300,True,False,"Elite Coffee Table Premium, Furniture, Elite, affordable, quality",Buy Elite Coffee Table Premium online. Premium quality product at best price. Elite - trusted brand.
301,Organic Coffee Table Max,organic-coffee-table-max,Furniture,High-quality Organic Coffee Table Max from Organic. Perfect for everyday use with premium features. Available in multiple colors and sizes.,228.1,262.12,45,Organic,FUR-ORG-00301,True,False,"Organic Coffee Table Max, Furniture, Organic, affordable, quality",Buy Organic Coffee Table Max online. Premium quality product at best price. Organic - trusted brand.
302,style Office Desk Pro,style-office-desk-pro,Furniture,High-quality style Office Desk Pro from style. Perfect for everyday use with premium features. Available in multiple colors and sizes.,291.39,435.21,46,style,FUR-STY-00302,True,False,"style Office Desk Pro, Furniture, style, affordable, quality",Buy style Office Desk Pro online. Premium quality product at best price. style - trusted brand.
303,Smart Bookshelf Premium,smart-bookshelf-premium,Furniture,High-quality Smart Bookshelf Premium from Smart. Perfect for everyday use with premium features. Available in multiple colors and sizes.,59.54,66.41,92,Smart,FUR-SMA-00303,True,False,"Smart Bookshelf Premium, Furniture, Smart, affordable, quality",Buy Smart Bookshelf Premium online. Premium quality product at best price. Smart - trusted brand.
304,BrandX Storage Cabinet Lite,brandx-storage-cabinet-lite,Furniture,High-quality BrandX Storage Cabinet Lite from BrandX. Perfect for everyday use with premium features. Available in multiple colors and sizes.,52.01,70.02,80,BrandX,FUR-BRA-00304,True,False,"BrandX Storage Cabinet Lite, Furniture, BrandX, affordable, quality",Buy BrandX Storage Cabinet Lite online. Premium quality product at best price. BrandX - trusted brand.
305,basic Office Desk Max,basic-office-desk-max,Furniture,High-quality basic Office Desk Max from basic. Perfect for everyday use with premium features. Available in multiple colors and sizes.,423.95,475.57,80,basic,FUR-BAS-00305,True,False,"basic Office Desk Max, Furniture, basic, affordable, quality",Buy basic Office Desk Max online. Premium quality product at best price. basic - trusted brand.
306,Organic Nightstand Pro,organic-nightstand-pro,Furniture,High-quality Organic Nightstand Pro from Organic. Perfect for everyday use with premium features. Available in multiple colors and sizes.,57.93,78.01,41,Organic,FUR-ORG-00306,True,False,"Organic Nightstand Pro, Furniture, Organic, affordable, quality",Buy Organic Nightstand Pro online. Premium quality product at best price. Organic - trusted brand.
307,value Sofa Pro,value-sofa-pro,Furniture,High-quality value Sofa Pro from value. Perfect for everyday use with premium features. Available in multiple colors and sizes.,203.89,279.92,47,value,FUR-VAL-00307,True,True,"value Sofa Pro, Furniture, value, affordable, quality",Buy value Sofa Pro online. Premium quality product at best price. value - trusted brand.
308,standard Office Desk Standard,standard-office-desk-standard,Furniture,High-quality standard Office Desk Standard from standard. Perfect for everyday use with premium features. Available in multiple colors and sizes.,376.01,429.26,57,standard,FUR-STA-00308,True,False,"standard Office Desk Standard, Furniture, standard, affordable, quality",Buy standard Office Desk Standard online. Premium quality product at best price. standard - trusted brand.
309,eco Nightstand,eco-nightstand,Furniture,High-quality eco Nightstand from eco. Perfect for everyday use with premium features. Available in multiple colors and sizes.,215.21,258.68,4,eco,FUR-ECO-00309,True,False,"eco Nightstand, Furniture, eco, affordable, quality",Buy eco Nightstand online. Premium quality product at best price. eco - trusted brand.
310,Modern Office Desk Ultra,modern-office-desk-ultra,Furniture,High-quality Modern Office Desk Ultra from Modern. Perfect for everyday use with premium features. Available in multiple colors and sizes.,431.51,497.78,50,Modern,FUR-MOD-00310,True,False,"Modern Office Desk Ultra, Furniture, Modern, affordable, quality",Buy Modern Office Desk Ultra online. Premium quality product at best price. Modern - trusted brand.
311,ProMax Office Desk,promax-office-desk,Furniture,High-quality ProMax Office Desk from ProMax. Perfect for everyday use with premium features. Available in multiple colors and sizes.,366.94,461.65,71,ProMax,FUR-PRO-00311,True,False,"ProMax Office Desk, Furniture, ProMax, affordable, quality",Buy ProMax Office Desk online. Premium quality product at best price. ProMax - trusted brand.
312,Organic Wardrobe Plus,organic-wardrobe-plus,Furniture,High-quality Organic Wardrobe Plus from Organic. Perfect for everyday use with premium features. Available in multiple colors and sizes.,87.81,126.47,84,Organic,FUR-ORG-00312,True,True,"Organic Wardrobe Plus, Furniture, Organic, affordable, quality",Buy Organic Wardrobe Plus online. Premium quality product at best price. Organic - trusted brand.
313,comfort Desk Lamp Premium,comfort-desk-lamp-premium,Furniture,High-quality comfort Desk Lamp Premium from comfort. Perfect for everyday use with premium features. Available in multiple colors and sizes.,182.63,233.92,97,comfort,FUR-COM-00313,False,False,"comfort Desk Lamp Premium, Furniture, comfort, affordable, quality",Buy comfort Desk Lamp Premium online. Premium quality product at best price. comfort - trusted brand.
314,value Dining Chair Standard,value-dining-chair-standard,Furniture,High-quality value Dining Chair Standard from value. Perfect for everyday use with premium features. Available in multiple colors and sizes.,117.47,144.73,23,value,FUR-VAL-00314,True,False,"value Dining Chair Standard, Furniture, value, affordable, quality",Buy value Dining Chair Standard online. Premium quality product at best price. value - trusted brand.
315,Premium Wardrobe Standard,premium-wardrobe-standard,Furniture,High-quality Premium Wardrobe Standard from Premium. Perfect for everyday use with premium features. Available in multiple colors and sizes.,224.17,249.48,19,Premium,FUR-PRE-00315,False,False,"Premium Wardrobe Standard, Furniture, Premium, affordable, quality",Buy Premium Wardrobe Standard online. Premium quality product at best price. Premium - trusted brand.
316,standard Bar Stool Ultra,standard-bar-stool-ultra,Furniture,High-quality standard Bar Stool Ultra from standard. Perfect for everyday use with premium features. Available in multiple colors and sizes.,454.41,629.19,31,standard,FUR-STA-00316,False,False,"standard Bar Stool Ultra, Furniture, standard, affordable, quality",Buy standard Bar Stool Ultra online. Premium quality product at best price. standard - trusted brand.
317,ProMax Office Desk Ultra,promax-office-desk-ultra,Furniture,High-quality ProMax Office Desk Ultra from ProMax. Perfect for everyday use with premium features. Available in multiple colors and sizes.,109.55,129.82,50,ProMax,FUR-PRO-00317,True,False,"ProMax Office Desk Ultra, Furniture, ProMax, affordable, quality",Buy ProMax Office Desk Ultra online. Premium quality product at best price. ProMax - trusted brand.
318,Natural Office Desk Standard,natural-office-desk-standard,Furniture,High-quality Natural Office Desk Standard from Natural. Perfect for everyday use with premium features. Available in multiple colors and sizes.,364.38,534.61,16,Natural,FUR-NAT-00318,True,False,"Natural Office Desk Standard, Furniture, Natural, affordable, quality",Buy Natural Office Desk Standard online. Premium quality product at best price. Natural - trusted brand.
319,eco Dining Chair Ultra,eco-dining-chair-ultra,Furniture,High-quality eco Dining Chair Ultra from eco. Perfect for everyday use with premium features. Available in multiple colors and sizes.,163.27,212.07,82,eco,FUR-ECO-00319,True,False,"eco Dining Chair Ultra, Furniture, eco, affordable, quality",Buy eco Dining Chair Ultra online. Premium quality product at best price. eco - trusted brand.
320,Classic Desk Lamp Plus,classic-desk-lamp-plus,Furniture,High-quality Classic Desk Lamp Plus from Classic. Perfect for everyday use with premium features. Available in multiple colors and sizes.,72.59,96.03,59,Classic,FUR-CLA-00320,True,False,"Classic Desk Lamp Plus, Furniture, Classic, affordable, quality",Buy Classic Desk Lamp Plus online. Premium quality product at best price. Classic - trusted brand.
321,tech Coffee Table Pro,tech-coffee-table-pro,Furniture,High-quality tech Coffee Table Pro from tech. Perfect for everyday use with premium features. Available in multiple colors and sizes.,28.24,32.5,32,tech,FUR-TEC-00321,True,False,"tech Coffee Table Pro, Furniture, tech, affordable, quality",Buy tech Coffee Table Pro online. Premium quality product at best price. tech - trusted brand.
322,standard Office Desk Premium,standard-office-desk-premium,Furniture,High-quality standard Office Desk Premium from standard. Perfect for everyday use with premium features. Available in multiple colors and sizes.,355.26,531.67,58,standard,FUR-STA-00322,False,False,"standard Office Desk Premium, Furniture, standard, affordable, quality",Buy standard Office Desk Premium online. Premium quality product at best price. standard - trusted brand.
323,Ultra Wardrobe Max,ultra-wardrobe-max,Furniture,High-quality Ultra Wardrobe Max from Ultra. Perfect for everyday use with premium features. Available in multiple colors and sizes.,192.75,252.96,14,Ultra,FUR-ULT-00323,True,False,"Ultra Wardrobe Max, Furniture, Ultra, affordable, quality",Buy Ultra Wardrobe Max online. Premium quality product at best price. Ultra - trusted brand.
324,quality Nightstand Max,quality-nightstand-max,Furniture,High-quality quality Nightstand Max from quality. Perfect for everyday use with premium features. Available in multiple colors and sizes.,334.38,484.0,95,quality,FUR-QUA-00324,True,False,"quality Nightstand Max, Furniture, quality, affordable, quality",Buy quality Nightstand Max online. Premium quality product at best price. quality - trusted brand.
325,Natural Desk Chair Pro,natural-desk-chair-pro,Furniture,High-quality Natural Desk Chair Pro from Natural. Perfect for everyday use with premium features. Available in multiple colors and sizes.,141.33,178.84,39,Natural,FUR-NAT-00325,True,False,"Natural Desk Chair Pro, Furniture, Natural, affordable, quality",Buy Natural Desk Chair Pro online. Premium quality product at best price. Natural - trusted brand.
326,quality Side Table Pro,quality-side-table-pro,Furniture,High-quality quality Side Table Pro from quality. Perfect for everyday use with premium features. Available in multiple colors and sizes.,319.22,392.56,18,quality,FUR-QUA-00326,True,False,"quality Side Table Pro, Furniture, quality, affordable, quality",Buy quality Side Table Pro online. Premium quality product at best price. quality - trusted brand.
327,BrandX Wardrobe Lite,brandx-wardrobe-lite,Furniture,High-quality BrandX Wardrobe Lite from BrandX. Perfect for everyday use with premium features. Available in multiple colors and sizes.,267.77,331.82,34,BrandX,FUR-BRA-00327,False,False,"BrandX Wardrobe Lite, Furniture, BrandX, affordable, quality",Buy BrandX Wardrobe Lite online. Premium quality product at best price. BrandX - trusted brand.
328,Pro Bed Frame Ultra,pro-bed-frame-ultra,Furniture,High-quality Pro Bed Frame Ultra from Pro. Perfect for everyday use with premium features. Available in multiple colors and sizes.,190.66,275.62,29,Pro,FUR-PRO-00328,True,False,"Pro Bed Frame Ultra, Furniture, Pro, affordable, quality",Buy Pro Bed Frame Ultra online. Premium quality product at best price. Pro - trusted brand.
329,comfort Coffee Table,comfort-coffee-table,Furniture,High-quality comfort Coffee Table from comfort. Perfect for everyday use with premium features. Available in multiple colors and sizes.,494.17,592.92,3,comfort,FUR-COM-00329,False,False,"comfort Coffee Table, Furniture, comfort, affordable, quality",Buy comfort Coffee Table online. Premium quality product at best price. comfort - trusted brand.
330,Smart Dining Chair Ultra,smart-dining-chair-ultra,Furniture,High-quality Smart Dining Chair Ultra from Smart. Perfect for everyday use with premium features. Available in multiple colors and sizes.,390.66,509.44,47,Smart,FUR-SMA-00330,True,True,"Smart Dining Chair Ultra, Furniture, Smart, affordable, quality",Buy Smart Dining Chair Ultra online. Premium quality product at best price. Smart - trusted brand.
331,Smart Steering Wheel Cover Plus,smart-steering-wheel-cover-plus,Automotive,High-quality Smart Steering Wheel Cover Plus from Smart. Perfect for everyday use with premium features. Available in multiple colors and sizes.,25.47,33.36,4,Smart,AUT-SMA-00331,True,False,"Smart Steering Wheel Cover Plus, Automotive, Smart, affordable, quality",Buy Smart Steering Wheel Cover Plus online. Premium quality product at best price. Smart - trusted brand.
332,tech Steering Wheel Cover Max,tech-steering-wheel-cover-max,Automotive,High-quality tech Steering Wheel Cover Max from tech. Perfect for everyday use with premium features. Available in multiple colors and sizes.,37.19,54.43,65,tech,AUT-TEC-00332,False,False,"tech Steering Wheel Cover Max, Automotive, tech, affordable, quality",Buy tech Steering Wheel Cover Max online. Premium quality product at best price. tech - trusted brand.
333,Modern Steering Wheel Cover Max,modern-steering-wheel-cover-max,Automotive,High-quality Modern Steering Wheel Cover Max from Modern. Perfect for everyday use with premium features. Available in multiple colors and sizes.,353.19,483.59,31,Modern,AUT-MOD-00333,True,True,"Modern Steering Wheel Cover Max, Automotive, Modern, affordable, quality",Buy Modern Steering Wheel Cover Max online. Premium quality product at best price. Modern - trusted brand.
334,Ultra Phone Holder Premium,ultra-phone-holder-premium,Automotive,High-quality Ultra Phone Holder Premium from Ultra. Perfect for everyday use with premium features. Available in multiple colors and sizes.,248.26,281.33,51,Ultra,AUT-ULT-00334,True,False,"Ultra Phone Holder Premium, Automotive, Ultra, affordable, quality",Buy Ultra Phone Holder Premium online. Premium quality product at best price. Ultra - trusted brand.
335,Classic Car Cleaning Kit,classic-car-cleaning-kit,Automotive,High-quality Classic Car Cleaning Kit from Classic. Perfect for everyday use with premium features. Available in multiple colors and sizes.,269.56,311.74,5,Classic,AUT-CLA-00335,True,True,"Classic Car Cleaning Kit, Automotive, Classic, affordable, quality",Buy Classic Car Cleaning Kit online. Premium quality product at best price. Classic - trusted brand.
336,value Steering Wheel Cover Plus,value-steering-wheel-cover-plus,Automotive,High-quality value Steering Wheel Cover Plus from value. Perfect for everyday use with premium features. Available in multiple colors and sizes.,66.62,88.26,53,value,AUT-VAL-00336,True,True,"value Steering Wheel Cover Plus, Automotive, value, affordable, quality",Buy value Steering Wheel Cover Plus online. Premium quality product at best price. value - trusted brand.
337,luxury Organizer Plus,luxury-organizer-plus,Automotive,High-quality luxury Organizer Plus from luxury. Perfect for everyday use with premium features. Available in multiple colors and sizes.,145.56,185.49,95,luxury,AUT-LUX-00337,True,True,"luxury Organizer Plus, Automotive, luxury, affordable, quality",Buy luxury Organizer Plus online. Premium quality product at best price. luxury - trusted brand.
338,standard Window Shade Max,standard-window-shade-max,Automotive,High-quality standard Window Shade Max from standard. Perfect for everyday use with premium features. Available in multiple colors and sizes.,207.8,278.14,82,standard,AUT-STA-00338,True,False,"standard Window Shade Max, Automotive, standard, affordable, quality",Buy standard Window Shade Max online. Premium quality product at best price. standard - trusted brand.
339,Pro Car Cleaning Kit,pro-car-cleaning-kit,Automotive,High-quality Pro Car Cleaning Kit from Pro. Perfect for everyday use with premium features. Available in multiple colors and sizes.,232.88,304.78,13,Pro,AUT-PRO-00339,False,False,"Pro Car Cleaning Kit, Automotive, Pro, affordable, quality",Buy Pro Car Cleaning Kit online. Premium quality product at best price. Pro - trusted brand.
340,style Tire Gauge Max,style-tire-gauge-max,Automotive,High-quality style Tire Gauge Max from style. Perfect for everyday use with premium features. Available in multiple colors and sizes.,44.76,61.37,50,style,AUT-STY-00340,True,False,"style Tire Gauge Max, Automotive, style, affordable, quality",Buy style Tire Gauge Max online. Premium quality product at best price. style - trusted brand.
341,Classic Tire Gauge Lite,classic-tire-gauge-lite,Automotive,High-quality Classic Tire Gauge Lite from Classic. Perfect for everyday use with premium features. Available in multiple colors and sizes.,459.14,643.93,53,Classic,AUT-CLA-00341,True,False,"Classic Tire Gauge Lite, Automotive, Classic, affordable, quality",Buy Classic Tire Gauge Lite online. Premium quality product at best price. Classic - trusted brand.
342,quality Floor Mats Lite,quality-floor-mats-lite,Automotive,High-quality quality Floor Mats Lite from quality. Perfect for everyday use with premium features. Available in multiple colors and sizes.,207.89,269.08,70,quality,AUT-QUA-00342,True,False,"quality Floor Mats Lite, Automotive, quality, affordable, quality",Buy quality Floor Mats Lite online. Premium quality product at best price. quality - trusted brand.
343,Pro Car Vacuum Ultra,pro-car-vacuum-ultra,Automotive,High-quality Pro Car Vacuum Ultra from Pro. Perfect for everyday use with premium features. Available in multiple colors and sizes.,148.94,220.2,74,Pro,AUT-PRO-00343,True,True,"Pro Car Vacuum Ultra, Automotive, Pro, affordable, quality",Buy Pro Car Vacuum Ultra online. Premium quality product at best price. Pro - trusted brand.
344,tech Tire Gauge Max,tech-tire-gauge-max,Automotive,High-quality tech Tire Gauge Max from tech. Perfect for everyday use with premium features. Available in multiple colors and sizes.,170.82,201.27,62,tech,AUT-TEC-00344,True,False,"tech Tire Gauge Max, Automotive, tech, affordable, quality",Buy tech Tire Gauge Max online. Premium quality product at best price. tech - trusted brand.
345,BrandX Tire Gauge Ultra,brandx-tire-gauge-ultra,Automotive,High-quality BrandX Tire Gauge Ultra from BrandX. Perfect for everyday use with premium features. Available in multiple colors and sizes.,63.64,72.41,92,BrandX,AUT-BRA-00345,True,False,"BrandX Tire Gauge Ultra, Automotive, BrandX, affordable, quality",Buy BrandX Tire Gauge Ultra online. Premium quality product at best price. BrandX - trusted brand.
346,Pro Floor Mats Lite,pro-floor-mats-lite,Automotive,High-quality Pro Floor Mats Lite from Pro. Perfect for everyday use with premium features. Available in multiple colors and sizes.,352.28,448.36,72,Pro,AUT-PRO-00346,True,False,"Pro Floor Mats Lite, Automotive, Pro, affordable, quality",Buy Pro Floor Mats Lite online. Premium quality product at best price. Pro - trusted brand.
347,value Window Shade,value-window-shade,Automotive,High-quality value Window Shade from value. Perfect for everyday use with premium features. Available in multiple colors and sizes.,238.81,330.18,15,value,AUT-VAL-00347,False,False,"value Window Shade, Automotive, value, affordable, quality",Buy value Window Shade online. Premium quality product at best price. value - trusted brand.
348,Modern Organizer Lite,modern-organizer-lite,Automotive,High-quality Modern Organizer Lite from Modern. Perfect for everyday use with premium features. Available in multiple colors and sizes.,474.74,688.82,18,Modern,AUT-MOD-00348,False,False,"Modern Organizer Lite, Automotive, Modern, affordable, quality",Buy Modern Organizer Lite online. Premium quality product at best price. Modern - trusted brand.
349,luxury Car Cleaning Kit Plus,luxury-car-cleaning-kit-plus,Automotive,High-quality luxury Car Cleaning Kit Plus from luxury. Perfect for everyday use with premium features. Available in multiple colors and sizes.,375.74,414.75,0,luxury,AUT-LUX-00349,False,False,"luxury Car Cleaning Kit Plus, Automotive, luxury, affordable, quality",Buy luxury Car Cleaning Kit Plus online. Premium quality product at best price. luxury - trusted brand.
350,Premium Organizer Ultra,premium-organizer-ultra,Automotive,High-quality Premium Organizer Ultra from Premium. Perfect for everyday use with premium features. Available in multiple colors and sizes.,260.19,347.03,30,Premium,AUT-PRE-00350,True,True,"Premium Organizer Ultra, Automotive, Premium, affordable, quality",Buy Premium Organizer Ultra online. Premium quality product at best price. Premium - trusted brand.
351,Natural Car Mat Standard,natural-car-mat-standard,Automotive,High-quality Natural Car Mat Standard from Natural. Perfect for everyday use with premium features. Available in multiple colors and sizes.,164.13,204.71,37,Natural,AUT-NAT-00351,True,False,"Natural Car Mat Standard, Automotive, Natural, affordable, quality",Buy Natural Car Mat Standard online. Premium quality product at best price. Natural - trusted brand.
352,BrandX Phone Holder Ultra,brandx-phone-holder-ultra,Automotive,High-quality BrandX Phone Holder Ultra from BrandX. Perfect for everyday use with premium features. Available in multiple colors and sizes.,474.7,613.03,82,BrandX,AUT-BRA-00352,True,False,"BrandX Phone Holder Ultra, Automotive, BrandX, affordable, quality",Buy BrandX Phone Holder Ultra online. Premium quality product at best price. BrandX - trusted brand.
353,luxury Car Mat Standard,luxury-car-mat-standard,Automotive,High-quality luxury Car Mat Standard from luxury. Perfect for everyday use with premium features. Available in multiple colors and sizes.,258.33,313.89,56,luxury,AUT-LUX-00353,True,True,"luxury Car Mat Standard, Automotive, luxury, affordable, quality",Buy luxury Car Mat Standard online. Premium quality product at best price. luxury - trusted brand.
354,Premium Window Shade Lite,premium-window-shade-lite,Automotive,High-quality Premium Window Shade Lite from Premium. Perfect for everyday use with premium features. Available in multiple colors and sizes.,162.49,231.6,92,Premium,AUT-PRE-00354,True,False,"Premium Window Shade Lite, Automotive, Premium, affordable, quality",Buy Premium Window Shade Lite online. Premium quality product at best price. Premium - trusted brand.
355,Classic Headlight Covers Ultra,classic-headlight-covers-ultra,Automotive,High-quality Classic Headlight Covers Ultra from Classic. Perfect for everyday use with premium features. Available in multiple colors and sizes.,279.05,376.5,21,Classic,AUT-CLA-00355,True,False,"Classic Headlight Covers Ultra, Automotive, Classic, affordable, quality",Buy Classic Headlight Covers Ultra online. Premium quality product at best price. Classic - trusted brand.
356,luxury Car Mat,luxury-car-mat,Automotive,High-quality luxury Car Mat from luxury. Perfect for everyday use with premium features. Available in multiple colors and sizes.,71.99,86.53,22,luxury,AUT-LUX-00356,True,False,"luxury Car Mat, Automotive, luxury, affordable, quality",Buy luxury Car Mat online. Premium quality product at best price. luxury - trusted brand.
357,standard Car Air Freshener Pro,standard-car-air-freshener-pro,Automotive,High-quality standard Car Air Freshener Pro from standard. Perfect for everyday use with premium features. Available in multiple colors and sizes.,473.6,602.78,21,standard,AUT-STA-00357,True,False,"standard Car Air Freshener Pro, Automotive, standard, affordable, quality",Buy standard Car Air Freshener Pro online. Premium quality product at best price. standard - trusted brand.
358,value Seat Covers Lite,value-seat-covers-lite,Automotive,High-quality value Seat Covers Lite from value. Perfect for everyday use with premium features. Available in multiple colors and sizes.,222.94,268.83,72,value,AUT-VAL-00358,False,False,"value Seat Covers Lite, Automotive, value, affordable, quality",Buy value Seat Covers Lite online. Premium quality product at best price. value - trusted brand.
359,Ultra Car Cleaning Kit Standard,ultra-car-cleaning-kit-standard,Automotive,High-quality Ultra Car Cleaning Kit Standard from Ultra. Perfect for everyday use with premium features. Available in multiple colors and sizes.,291.87,364.1,30,Ultra,AUT-ULT-00359,True,False,"Ultra Car Cleaning Kit Standard, Automotive, Ultra, affordable, quality",Buy Ultra Car Cleaning Kit Standard online. Premium quality product at best price. Ultra - trusted brand.
360,standard Car Air Freshener Standard,standard-car-air-freshener-standard,Automotive,High-quality standard Car Air Freshener Standard from standard. Perfect for everyday use with premium features. Available in multiple colors and sizes.,280.7,420.53,69,standard,AUT-STA-00360,True,False,"standard Car Air Freshener Standard, Automotive, standard, affordable, quality",Buy standard Car Air Freshener Standard online. Premium quality product at best price. standard - trusted brand.
361,eco Car Mat Ultra,eco-car-mat-ultra,Automotive,High-quality eco Car Mat Ultra from eco. Perfect for everyday use with premium features. Available in multiple colors and sizes.,207.86,299.73,55,eco,AUT-ECO-00361,False,False,"eco Car Mat Ultra, Automotive, eco, affordable, quality",Buy eco Car Mat Ultra online. Premium quality product at best price. eco - trusted brand.
362,Premium Window Shade Standard,premium-window-shade-standard,Automotive,High-quality Premium Window Shade Standard from Premium. Perfect for everyday use with premium features. Available in multiple colors and sizes.,438.51,547.09,89,Premium,AUT-PRE-00362,True,False,"Premium Window Shade Standard, Automotive, Premium, affordable, quality",Buy Premium Window Shade Standard online. Premium quality product at best price. Premium - trusted brand.
363,standard Car Vacuum Premium,standard-car-vacuum-premium,Automotive,High-quality standard Car Vacuum Premium from standard. Perfect for everyday use with premium features. Available in multiple colors and sizes.,477.46,603.4,69,standard,AUT-STA-00363,True,False,"standard Car Vacuum Premium, Automotive, standard, affordable, quality",Buy standard Car Vacuum Premium online. Premium quality product at best price. standard - trusted brand.
364,quality Soil Pro,quality-soil-pro,Garden,High-quality quality Soil Pro from quality. Perfect for everyday use with premium features. Available in multiple colors and sizes.,273.68,376.73,18,quality,GAR-QUA-00364,True,False,"quality Soil Pro, Garden, quality, affordable, quality",Buy quality Soil Pro online. Premium quality product at best price. quality - trusted brand.
365,comfort Rake Ultra,comfort-rake-ultra,Garden,High-quality comfort Rake Ultra from comfort. Perfect for everyday use with premium features. Available in multiple colors and sizes.,418.18,463.47,49,comfort,GAR-COM-00365,True,False,"comfort Rake Ultra, Garden, comfort, affordable, quality",Buy comfort Rake Ultra online. Premium quality product at best price. comfort - trusted brand.
366,Pro Rake,pro-rake,Garden,High-quality Pro Rake from Pro. Perfect for everyday use with premium features. Available in multiple colors and sizes.,278.16,398.77,0,Pro,GAR-PRO-00366,True,False,"Pro Rake, Garden, Pro, affordable, quality",Buy Pro Rake online. Premium quality product at best price. Pro - trusted brand.
367,Organic Plant Pot Max,organic-plant-pot-max,Garden,High-quality Organic Plant Pot Max from Organic. Perfect for everyday use with premium features. Available in multiple colors and sizes.,231.18,262.67,82,Organic,GAR-ORG-00367,True,True,"Organic Plant Pot Max, Garden, Organic, affordable, quality",Buy Organic Plant Pot Max online. Premium quality product at best price. Organic - trusted brand.
368,Organic Plant Stand Pro,organic-plant-stand-pro,Garden,High-quality Organic Plant Stand Pro from Organic. Perfect for everyday use with premium features. Available in multiple colors and sizes.,393.48,590.18,31,Organic,GAR-ORG-00368,True,False,"Organic Plant Stand Pro, Garden, Organic, affordable, quality",Buy Organic Plant Stand Pro online. Premium quality product at best price. Organic - trusted brand.
369,Classic Hedge Trimmer Max,classic-hedge-trimmer-max,Garden,High-quality Classic Hedge Trimmer Max from Classic. Perfect for everyday use with premium features. Available in multiple colors and sizes.,68.18,94.37,40,Classic,GAR-CLA-00369,True,True,"Classic Hedge Trimmer Max, Garden, Classic, affordable, quality",Buy Classic Hedge Trimmer Max online. Premium quality product at best price. Classic - trusted brand.
370,Elite Soil Pro,elite-soil-pro,Garden,High-quality Elite Soil Pro from Elite. Perfect for everyday use with premium features. Available in multiple colors and sizes.,20.91,31.08,11,Elite,GAR-ELI-00370,True,False,"Elite Soil Pro, Garden, Elite, affordable, quality",Buy Elite Soil Pro online. Premium quality product at best price. Elite - trusted brand.
371,Smart Plant Stand Plus,smart-plant-stand-plus,Garden,High-quality Smart Plant Stand Plus from Smart. Perfect for everyday use with premium features. Available in multiple colors and sizes.,409.81,601.11,70,Smart,GAR-SMA-00371,True,False,"Smart Plant Stand Plus, Garden, Smart, affordable, quality",Buy Smart Plant Stand Plus online. Premium quality product at best price. Smart - trusted brand.
372,eco Hoe Pro,eco-hoe-pro,Garden,High-quality eco Hoe Pro from eco. Perfect for everyday use with premium features. Available in multiple colors and sizes.,336.4,471.72,16,eco,GAR-ECO-00372,False,False,"eco Hoe Pro, Garden, eco, affordable, quality",Buy eco Hoe Pro online. Premium quality product at best price. eco - trusted brand.
373,quality Plant Pot,quality-plant-pot,Garden,High-quality quality Plant Pot from quality. Perfect for everyday use with premium features. Available in multiple colors and sizes.,263.37,309.27,93,quality,GAR-QUA-00373,True,False,"quality Plant Pot, Garden, quality, affordable, quality",Buy quality Plant Pot online. Premium quality product at best price. quality - trusted brand.
374,Smart Garden Tool Set Ultra,smart-garden-tool-set-ultra,Garden,High-quality Smart Garden Tool Set Ultra from Smart. Perfect for everyday use with premium features. Available in multiple colors and sizes.,192.33,244.5,98,Smart,GAR-SMA-00374,True,False,"Smart Garden Tool Set Ultra, Garden, Smart, affordable, quality",Buy Smart Garden Tool Set Ultra online. Premium quality product at best price. Smart - trusted brand.
375,tech Gardening Gloves Lite,tech-gardening-gloves-lite,Garden,High-quality tech Gardening Gloves Lite from tech. Perfect for everyday use with premium features. Available in multiple colors and sizes.,458.84,563.31,7,tech,GAR-TEC-00375,True,True,"tech Gardening Gloves Lite, Garden, tech, affordable, quality",Buy tech Gardening Gloves Lite online. Premium quality product at best price. tech - trusted brand.
376,comfort Pruning Shears Ultra,comfort-pruning-shears-ultra,Garden,High-quality comfort Pruning Shears Ultra from comfort. Perfect for everyday use with premium features. Available in multiple colors and sizes.,485.7,628.12,9,comfort,GAR-COM-00376,False,False,"comfort Pruning Shears Ultra, Garden, comfort, affordable, quality",Buy comfort Pruning Shears Ultra online. Premium quality product at best price. comfort - trusted brand.
377,Ultra Rake Premium,ultra-rake-premium,Garden,High-quality Ultra Rake Premium from Ultra. Perfect for everyday use with premium features. Available in multiple colors and sizes.,216.79,306.2,4,Ultra,GAR-ULT-00377,False,False,"Ultra Rake Premium, Garden, Ultra, affordable, quality",Buy Ultra Rake Premium online. Premium quality product at best price. Ultra - trusted brand.
378,Modern Compost Bin Standard,modern-compost-bin-standard,Garden,High-quality Modern Compost Bin Standard from Modern. Perfect for everyday use with premium features. Available in multiple colors and sizes.,157.04,217.11,65,Modern,GAR-MOD-00378,False,True,"Modern Compost Bin Standard, Garden, Modern, affordable, quality",Buy Modern Compost Bin Standard online. Premium quality product at best price. Modern - trusted brand.
379,Elite Watering Can Standard,elite-watering-can-standard,Garden,High-quality Elite Watering Can Standard from Elite. Perfect for everyday use with premium features. Available in multiple colors and sizes.,208.31,295.92,32,Elite,GAR-ELI-00379,True,False,"Elite Watering Can Standard, Garden, Elite, affordable, quality",Buy Elite Watering Can Standard online. Premium quality product at best price. Elite - trusted brand.
380,BrandX Hedge Trimmer Pro,brandx-hedge-trimmer-pro,Garden,High-quality BrandX Hedge Trimmer Pro from BrandX. Perfect for everyday use with premium features. Available in multiple colors and sizes.,470.84,541.95,26,BrandX,GAR-BRA-00380,True,False,"BrandX Hedge Trimmer Pro, Garden, BrandX, affordable, quality",Buy BrandX Hedge Trimmer Pro online. Premium quality product at best price. BrandX - trusted brand.
381,Ultra Lawn Mower Premium,ultra-lawn-mower-premium,Garden,High-quality Ultra Lawn Mower Premium from Ultra. Perfect for everyday use with premium features. Available in multiple colors and sizes.,330.65,465.12,73,Ultra,GAR-ULT-00381,False,True,"Ultra Lawn Mower Premium, Garden, Ultra, affordable, quality",Buy Ultra Lawn Mower Premium online. Premium quality product at best price. Ultra - trusted brand.
382,Pro Plant Pot Lite,pro-plant-pot-lite,Garden,High-quality Pro Plant Pot Lite from Pro. Perfect for everyday use with premium features. Available in multiple colors and sizes.,316.86,350.99,30,Pro,GAR-PRO-00382,False,True,"Pro Plant Pot Lite, Garden, Pro, affordable, quality",Buy Pro Plant Pot Lite online. Premium quality product at best price. Pro - trusted brand.
383,Natural Watering Can Ultra,natural-watering-can-ultra,Garden,High-quality Natural Watering Can Ultra from Natural. Perfect for everyday use with premium features. Available in multiple colors and sizes.,108.27,130.36,100,Natural,GAR-NAT-00383,True,False,"Natural Watering Can Ultra, Garden, Natural, affordable, quality",Buy Natural Watering Can Ultra online. Premium quality product at best price. Natural - trusted brand.
384,BrandX Plant Stand,brandx-plant-stand,Garden,High-quality BrandX Plant Stand from BrandX. Perfect for everyday use with premium features. Available in multiple colors and sizes.,96.13,121.72,50,BrandX,GAR-BRA-00384,True,False,"BrandX Plant Stand, Garden, BrandX, affordable, quality",Buy BrandX Plant Stand online. Premium quality product at best price. BrandX - trusted brand.
385,Smart Soil Standard,smart-soil-standard,Garden,High-quality Smart Soil Standard from Smart. Perfect for everyday use with premium features. Available in multiple colors and sizes.,213.96,278.08,39,Smart,GAR-SMA-00385,True,False,"Smart Soil Standard, Garden, Smart, affordable, quality",Buy Smart Soil Standard online. Premium quality product at best price. Smart - trusted brand.
386,basic Lawn Mower Pro,basic-lawn-mower-pro,Garden,High-quality basic Lawn Mower Pro from basic. Perfect for everyday use with premium features. Available in multiple colors and sizes.,471.9,650.87,94,basic,GAR-BAS-00386,True,False,"basic Lawn Mower Pro, Garden, basic, affordable, quality",Buy basic Lawn Mower Pro online. Premium quality product at best price. basic - trusted brand.
387,comfort Hoe Plus,comfort-hoe-plus,Garden,High-quality comfort Hoe Plus from comfort. Perfect for everyday use with premium features. Available in multiple colors and sizes.,257.87,330.74,49,comfort,GAR-COM-00387,True,False,"comfort Hoe Plus, Garden, comfort, affordable, quality",Buy comfort Hoe Plus online. Premium quality product at best price. comfort - trusted brand.
388,Elite Garden Tool Set Lite,elite-garden-tool-set-lite,Garden,High-quality Elite Garden Tool Set Lite from Elite. Perfect for everyday use with premium features. Available in multiple colors and sizes.,92.8,110.57,91,Elite,GAR-ELI-00388,True,False,"Elite Garden Tool Set Lite, Garden, Elite, affordable, quality",Buy Elite Garden Tool Set Lite online. Premium quality product at best price. Elite - trusted brand.
389,basic Seeds Pro,basic-seeds-pro,Garden,High-quality basic Seeds Pro from basic. Perfect for everyday use with premium features. Available in multiple colors and sizes.,218.51,263.2,90,basic,GAR-BAS-00389,True,False,"basic Seeds Pro, Garden, basic, affordable, quality",Buy basic Seeds Pro online. Premium quality product at best price. basic - trusted brand.
390,Modern Hoe,modern-hoe,Garden,High-quality Modern Hoe from Modern. Perfect for everyday use with premium features. Available in multiple colors and sizes.,70.1,94.29,60,Modern,GAR-MOD-00390,True,False,"Modern Hoe, Garden, Modern, affordable, quality",Buy Modern Hoe online. Premium quality product at best price. Modern - trusted brand.
391,quality Plant Stand,quality-plant-stand,Garden,High-quality quality Plant Stand from quality. Perfect for everyday use with premium features. Available in multiple colors and sizes.,401.01,492.75,42,quality,GAR-QUA-00391,True,False,"quality Plant Stand, Garden, quality, affordable, quality",Buy quality Plant Stand online. Premium quality product at best price. quality - trusted brand.
392,quality Gardening Gloves Ultra,quality-gardening-gloves-ultra,Garden,High-quality quality Gardening Gloves Ultra from quality. Perfect for everyday use with premium features. Available in multiple colors and sizes.,72.65,80.81,85,quality,GAR-QUA-00392,True,False,"quality Gardening Gloves Ultra, Garden, quality, affordable, quality",Buy quality Gardening Gloves Ultra online. Premium quality product at best price. quality - trusted brand.
393,quality Spade Premium,quality-spade-premium,Garden,High-quality quality Spade Premium from quality. Perfect for everyday use with premium features. Available in multiple colors and sizes.,366.41,484.95,55,quality,GAR-QUA-00393,True,False,"quality Spade Premium, Garden, quality, affordable, quality",Buy quality Spade Premium online. Premium quality product at best price. quality - trusted brand.
394,Ultra Plant Pot Plus,ultra-plant-pot-plus,Garden,High-quality Ultra Plant Pot Plus from Ultra. Perfect for everyday use with premium features. Available in multiple colors and sizes.,360.24,472.72,22,Ultra,GAR-ULT-00394,False,False,"Ultra Plant Pot Plus, Garden, Ultra, affordable, quality",Buy Ultra Plant Pot Plus online. Premium quality product at best price. Ultra - trusted brand.
395,ProMax Pruning Shears Ultra,promax-pruning-shears-ultra,Garden,High-quality ProMax Pruning Shears Ultra from ProMax. Perfect for everyday use with premium features. Available in multiple colors and sizes.,121.21,147.73,65,ProMax,GAR-PRO-00395,True,False,"ProMax Pruning Shears Ultra, Garden, ProMax, affordable, quality",Buy ProMax Pruning Shears Ultra online. Premium quality product at best price. ProMax - trusted brand.
396,ProMax Gardening Gloves Plus,promax-gardening-gloves-plus,Garden,High-quality ProMax Gardening Gloves Plus from ProMax. Perfect for everyday use with premium features. Available in multiple colors and sizes.,231.58,293.75,52,ProMax,GAR-PRO-00396,True,False,"ProMax Gardening Gloves Plus, Garden, ProMax, affordable, quality",Buy ProMax Gardening Gloves Plus online. Premium quality product at best price. ProMax - trusted brand.
397,Elite Ruler Standard,elite-ruler-standard,Office Supplies,High-quality Elite Ruler Standard from Elite. Perfect for everyday use with premium features. Available in multiple colors and sizes.,255.34,325.88,1,Elite,OFF-ELI-00397,True,False,"Elite Ruler Standard, Office Supplies, Elite, affordable, quality",Buy Elite Ruler Standard online. Premium quality product at best price. Elite - trusted brand.
398,ProMax Tape Standard,promax-tape-standard,Office Supplies,High-quality ProMax Tape Standard from ProMax. Perfect for everyday use with premium features. Available in multiple colors and sizes.,279.51,373.02,73,ProMax,OFF-PRO-00398,True,False,"ProMax Tape Standard, Office Supplies, ProMax, affordable, quality",Buy ProMax Tape Standard online. Premium quality product at best price. ProMax - trusted brand.
399,Premium Notebook,premium-notebook,Office Supplies,High-quality Premium Notebook from Premium. Perfect for everyday use with premium features. Available in multiple colors and sizes.,113.72,135.58,39,Premium,OFF-PRE-00399,True,False,"Premium Notebook, Office Supplies, Premium, affordable, quality",Buy Premium Notebook online. Premium quality product at best price. Premium - trusted brand.
400,Pro Pen Set,pro-pen-set,Office Supplies,High-quality Pro Pen Set from Pro. Perfect for everyday use with premium features. Available in multiple colors and sizes.,146.47,206.0,34,Pro,OFF-PRO-00400,True,False,"Pro Pen Set, Office Supplies, Pro, affordable, quality",Buy Pro Pen Set online. Premium quality product at best price. Pro - trusted brand.
401,luxury Paper Clips Plus,luxury-paper-clips-plus,Office Supplies,High-quality luxury Paper Clips Plus from luxury. Perfect for everyday use with premium features. Available in multiple colors and sizes.,44.47,55.29,39,luxury,OFF-LUX-00401,False,False,"luxury Paper Clips Plus, Office Supplies, luxury, affordable, quality",Buy luxury Paper Clips Plus online. Premium quality product at best price. luxury - trusted brand.
402,Natural Stapler Lite,natural-stapler-lite,Office Supplies,High-quality Natural Stapler Lite from Natural. Perfect for everyday use with premium features. Available in multiple colors and sizes.,442.86,548.97,88,Natural,OFF-NAT-00402,True,True,"Natural Stapler Lite, Office Supplies, Natural, affordable, quality",Buy Natural Stapler Lite online. Premium quality product at best price. Natural - trusted brand.
403,tech Calculator Ultra,tech-calculator-ultra,Office Supplies,High-quality tech Calculator Ultra from tech. Perfect for everyday use with premium features. Available in multiple colors and sizes.,225.38,310.61,41,tech,OFF-TEC-00403,True,False,"tech Calculator Ultra, Office Supplies, tech, affordable, quality",Buy tech Calculator Ultra online. Premium quality product at best price. tech - trusted brand.
404,Modern Desk Organizer Premium,modern-desk-organizer-premium,Office Supplies,High-quality Modern Desk Organizer Premium from Modern. Perfect for everyday use with premium features. Available in multiple colors and sizes.,217.88,285.31,19,Modern,OFF-MOD-00404,True,False,"Modern Desk Organizer Premium, Office Supplies, Modern, affordable, quality",Buy Modern Desk Organizer Premium online. Premium quality product at best price. Modern - trusted brand.
405,value Desk Organizer Pro,value-desk-organizer-pro,Office Supplies,High-quality value Desk Organizer Pro from value. Perfect for everyday use with premium features. Available in multiple colors and sizes.,124.01,162.93,81,value,OFF-VAL-00405,True,False,"value Desk Organizer Pro, Office Supplies, value, affordable, quality",Buy value Desk Organizer Pro online. Premium quality product at best price. value - trusted brand.
406,luxury Stapler,luxury-stapler,Office Supplies,High-quality luxury Stapler from luxury. Perfect for everyday use with premium features. Available in multiple colors and sizes.,24.71,28.28,23,luxury,OFF-LUX-00406,False,True,"luxury Stapler, Office Supplies, luxury, affordable, quality",Buy luxury Stapler online. Premium quality product at best price. luxury - trusted brand.
407,style Ruler,style-ruler,Office Supplies,High-quality style Ruler from style. Perfect for everyday use with premium features. Available in multiple colors and sizes.,321.21,368.82,90,style,OFF-STY-00407,True,False,"style Ruler, Office Supplies, style, affordable, quality",Buy style Ruler online. Premium quality product at best price. style - trusted brand.
408,quality Calculator Premium,quality-calculator-premium,Office Supplies,High-quality quality Calculator Premium from quality. Perfect for everyday use with premium features. Available in multiple colors and sizes.,193.57,223.12,15,quality,OFF-QUA-00408,True,False,"quality Calculator Premium, Office Supplies, quality, affordable, quality",Buy quality Calculator Premium online. Premium quality product at best price. quality - trusted brand.
409,Premium File Organizer Plus,premium-file-organizer-plus,Office Supplies,High-quality Premium File Organizer Plus from Premium. Perfect for everyday use with premium features. Available in multiple colors and sizes.,62.06,72.61,88,Premium,OFF-PRE-00409,True,False,"Premium File Organizer Plus, Office Supplies, Premium, affordable, quality",Buy Premium File Organizer Plus online. Premium quality product at best price. Premium - trusted brand.
410,luxury Markers Premium,luxury-markers-premium,Office Supplies,High-quality luxury Markers Premium from luxury. Perfect for everyday use with premium features. Available in multiple colors and sizes.,162.76,215.59,3,luxury,OFF-LUX-00410,True,False,"luxury Markers Premium, Office Supplies, luxury, affordable, quality",Buy luxury Markers Premium online. Premium quality product at best price. luxury - trusted brand.
411,BrandX Tape Plus,brandx-tape-plus,Office Supplies,High-quality BrandX Tape Plus from BrandX. Perfect for everyday use with premium features. Available in multiple colors and sizes.,338.18,408.83,8,BrandX,OFF-BRA-00411,True,False,"BrandX Tape Plus, Office Supplies, BrandX, affordable, quality",Buy BrandX Tape Plus online. Premium quality product at best price. BrandX - trusted brand.
412,luxury Calculator Lite,luxury-calculator-lite,Office Supplies,High-quality luxury Calculator Lite from luxury. Perfect for everyday use with premium features. Available in multiple colors and sizes.,220.12,319.53,23,luxury,OFF-LUX-00412,True,True,"luxury Calculator Lite, Office Supplies, luxury, affordable, quality",Buy luxury Calculator Lite online. Premium quality product at best price. luxury - trusted brand.
413,Organic Markers Premium,organic-markers-premium,Office Supplies,High-quality Organic Markers Premium from Organic. Perfect for everyday use with premium features. Available in multiple colors and sizes.,178.66,206.66,45,Organic,OFF-ORG-00413,True,False,"Organic Markers Premium, Office Supplies, Organic, affordable, quality",Buy Organic Markers Premium online. Premium quality product at best price. Organic - trusted brand.
414,luxury Pen Set Max,luxury-pen-set-max,Office Supplies,High-quality luxury Pen Set Max from luxury. Perfect for everyday use with premium features. Available in multiple colors and sizes.,465.7,543.48,82,luxury,OFF-LUX-00414,False,False,"luxury Pen Set Max, Office Supplies, luxury, affordable, quality",Buy luxury Pen Set Max online. Premium quality product at best price. luxury - trusted brand.
415,basic Paper Clips,basic-paper-clips,Office Supplies,High-quality basic Paper Clips from basic. Perfect for everyday use with premium features. Available in multiple colors and sizes.,264.5,394.99,85,basic,OFF-BAS-00415,False,False,"basic Paper Clips, Office Supplies, basic, affordable, quality",Buy basic Paper Clips online. Premium quality product at best price. basic - trusted brand.
416,style Markers Plus,style-markers-plus,Office Supplies,High-quality style Markers Plus from style. Perfect for everyday use with premium features. Available in multiple colors and sizes.,286.92,365.61,65,style,OFF-STY-00416,True,False,"style Markers Plus, Office Supplies, style, affordable, quality",Buy style Markers Plus online. Premium quality product at best price. style - trusted brand.
417,Modern Whiteboard Premium,modern-whiteboard-premium,Office Supplies,High-quality Modern Whiteboard Premium from Modern. Perfect for everyday use with premium features. Available in multiple colors and sizes.,449.67,590.08,4,Modern,OFF-MOD-00417,False,False,"Modern Whiteboard Premium, Office Supplies, Modern, affordable, quality",Buy Modern Whiteboard Premium online. Premium quality product at best price. Modern - trusted brand.
418,BrandX Whiteboard Max,brandx-whiteboard-max,Office Supplies,High-quality BrandX Whiteboard Max from BrandX. Perfect for everyday use with premium features. Available in multiple colors and sizes.,205.45,289.61,67,BrandX,OFF-BRA-00418,True,True,"BrandX Whiteboard Max, Office Supplies, BrandX, affordable, quality",Buy BrandX Whiteboard Max online. Premium quality product at best price. BrandX - trusted brand.
419,BrandX Notebook Pro,brandx-notebook-pro,Office Supplies,High-quality BrandX Notebook Pro from BrandX. Perfect for everyday use with premium features. Available in multiple colors and sizes.,307.02,366.31,96,BrandX,OFF-BRA-00419,True,False,"BrandX Notebook Pro, Office Supplies, BrandX, affordable, quality",Buy BrandX Notebook Pro online. Premium quality product at best price. BrandX - trusted brand.
420,Smart Pen Set Plus,smart-pen-set-plus,Office Supplies,High-quality Smart Pen Set Plus from Smart. Perfect for everyday use with premium features. Available in multiple colors and sizes.,81.04,102.75,98,Smart,OFF-SMA-00420,True,False,"Smart Pen Set Plus, Office Supplies, Smart, affordable, quality",Buy Smart Pen Set Plus online. Premium quality product at best price. Smart - trusted brand.
421,Pro Notebook Premium,pro-notebook-premium,Office Supplies,High-quality Pro Notebook Premium from Pro. Perfect for everyday use with premium features. Available in multiple colors and sizes.,455.62,673.1,43,Pro,OFF-PRO-00421,False,False,"Pro Notebook Premium, Office Supplies, Pro, affordable, quality",Buy Pro Notebook Premium online. Premium quality product at best price. Pro - trusted brand.
422,standard Paper Clips Lite,standard-paper-clips-lite,Office Supplies,High-quality standard Paper Clips Lite from standard. Perfect for everyday use with premium features. Available in multiple colors and sizes.,317.42,431.24,72,standard,OFF-STA-00422,True,False,"standard Paper Clips Lite, Office Supplies, standard, affordable, quality",Buy standard Paper Clips Lite online. Premium quality product at best price. standard - trusted brand.
423,basic Paper Clips,basic-paper-clips,Office Supplies,High-quality basic Paper Clips from basic. Perfect for everyday use with premium features. Available in multiple colors and sizes.,150.0,197.28,8,basic,OFF-BAS-00423,True,True,"basic Paper Clips, Office Supplies, basic, affordable, quality",Buy basic Paper Clips online. Premium quality product at best price. basic - trusted brand.
424,standard File Organizer Lite,standard-file-organizer-lite,Office Supplies,High-quality standard File Organizer Lite from standard. Perfect for everyday use with premium features. Available in multiple colors and sizes.,244.89,311.95,89,standard,OFF-STA-00424,True,False,"standard File Organizer Lite, Office Supplies, standard, affordable, quality",Buy standard File Organizer Lite online. Premium quality product at best price. standard - trusted brand.
425,Premium File Organizer Plus,premium-file-organizer-plus,Office Supplies,High-quality Premium File Organizer Plus from Premium. Perfect for everyday use with premium features. Available in multiple colors and sizes.,465.23,576.07,78,Premium,OFF-PRE-00425,True,False,"Premium File Organizer Plus, Office Supplies, Premium, affordable, quality",Buy Premium File Organizer Plus online. Premium quality product at best price. Premium - trusted brand.
426,tech Ruler Ultra,tech-ruler-ultra,Office Supplies,High-quality tech Ruler Ultra from tech. Perfect for everyday use with premium features. Available in multiple colors and sizes.,483.89,714.32,48,tech,OFF-TEC-00426,False,False,"tech Ruler Ultra, Office Supplies, tech, affordable, quality",Buy tech Ruler Ultra online. Premium quality product at best price. tech - trusted brand.
427,Organic Whiteboard Standard,organic-whiteboard-standard,Office Supplies,High-quality Organic Whiteboard Standard from Organic. Perfect for everyday use with premium features. Available in multiple colors and sizes.,487.51,560.35,23,Organic,OFF-ORG-00427,True,True,"Organic Whiteboard Standard, Office Supplies, Organic, affordable, quality",Buy Organic Whiteboard Standard online. Premium quality product at best price. Organic - trusted brand.
428,value Glue Ultra,value-glue-ultra,Office Supplies,High-quality value Glue Ultra from value. Perfect for everyday use with premium features. Available in multiple colors and sizes.,23.06,25.39,23,value,OFF-VAL-00428,True,False,"value Glue Ultra, Office Supplies, value, affordable, quality",Buy value Glue Ultra online. Premium quality product at best price. value - trusted brand.
429,value Pen Set Lite,value-pen-set-lite,Office Supplies,High-quality value Pen Set Lite from value. Perfect for everyday use with premium features. Available in multiple colors and sizes.,290.73,342.26,73,value,OFF-VAL-00429,True,False,"value Pen Set Lite, Office Supplies, value, affordable, quality",Buy value Pen Set Lite online. Premium quality product at best price. value - trusted brand.
430,tech Toy Ball Ultra,tech-toy-ball-ultra,Pet Supplies,High-quality tech Toy Ball Ultra from tech. Perfect for everyday use with premium features. Available in multiple colors and sizes.,440.01,549.86,40,tech,PET-TEC-00430,True,False,"tech Toy Ball Ultra, Pet Supplies, tech, affordable, quality",Buy tech Toy Ball Ultra online. Premium quality product at best price. tech - trusted brand.
431,Organic Litter Box Premium,organic-litter-box-premium,Pet Supplies,High-quality Organic Litter Box Premium from Organic. Perfect for everyday use with premium features. Available in multiple colors and sizes.,189.48,231.24,74,Organic,PET-ORG-00431,False,False,"Organic Litter Box Premium, Pet Supplies, Organic, affordable, quality",Buy Organic Litter Box Premium online. Premium quality product at best price. Organic - trusted brand.
432,Natural Pet Bed,natural-pet-bed,Pet Supplies,High-quality Natural Pet Bed from Natural. Perfect for everyday use with premium features. Available in multiple colors and sizes.,210.07,281.77,37,Natural,PET-NAT-00432,True,False,"Natural Pet Bed, Pet Supplies, Natural, affordable, quality",Buy Natural Pet Bed online. Premium quality product at best price. Natural - trusted brand.
433,basic Pet Shampoo Ultra,basic-pet-shampoo-ultra,Pet Supplies,High-quality basic Pet Shampoo Ultra from basic. Perfect for everyday use with premium features. Available in multiple colors and sizes.,60.91,85.46,71,basic,PET-BAS-00433,False,False,"basic Pet Shampoo Ultra, Pet Supplies, basic, affordable, quality",Buy basic Pet Shampoo Ultra online. Premium quality product at best price. basic - trusted brand.
434,Organic Treats Premium,organic-treats-premium,Pet Supplies,High-quality Organic Treats Premium from Organic. Perfect for everyday use with premium features. Available in multiple colors and sizes.,414.46,587.57,97,Organic,PET-ORG-00434,False,False,"Organic Treats Premium, Pet Supplies, Organic, affordable, quality",Buy Organic Treats Premium online. Premium quality product at best price. Organic - trusted brand.
435,eco Leash Standard,eco-leash-standard,Pet Supplies,High-quality eco Leash Standard from eco. Perfect for everyday use with premium features. Available in multiple colors and sizes.,332.48,410.83,1,eco,PET-ECO-00435,False,True,"eco Leash Standard, Pet Supplies, eco, affordable, quality",Buy eco Leash Standard online. Premium quality product at best price. eco - trusted brand.
436,style Pet Shampoo Ultra,style-pet-shampoo-ultra,Pet Supplies,High-quality style Pet Shampoo Ultra from style. Perfect for everyday use with premium features. Available in multiple colors and sizes.,280.96,386.2,66,style,PET-STY-00436,True,False,"style Pet Shampoo Ultra, Pet Supplies, style, affordable, quality",Buy style Pet Shampoo Ultra online. Premium quality product at best price. style - trusted brand.
437,Modern Toy Ball Standard,modern-toy-ball-standard,Pet Supplies,High-quality Modern Toy Ball Standard from Modern. Perfect for everyday use with premium features. Available in multiple colors and sizes.,101.87,148.76,48,Modern,PET-MOD-00437,True,False,"Modern Toy Ball Standard, Pet Supplies, Modern, affordable, quality",Buy Modern Toy Ball Standard online. Premium quality product at best price. Modern - trusted brand.
438,tech Pet Shampoo Plus,tech-pet-shampoo-plus,Pet Supplies,High-quality tech Pet Shampoo Plus from tech. Perfect for everyday use with premium features. Available in multiple colors and sizes.,408.27,595.46,98,tech,PET-TEC-00438,False,False,"tech Pet Shampoo Plus, Pet Supplies, tech, affordable, quality",Buy tech Pet Shampoo Plus online. Premium quality product at best price. tech - trusted brand.
439,value Leash Max,value-leash-max,Pet Supplies,High-quality value Leash Max from value. Perfect for everyday use with premium features. Available in multiple colors and sizes.,267.01,307.67,85,value,PET-VAL-00439,True,False,"value Leash Max, Pet Supplies, value, affordable, quality",Buy value Leash Max online. Premium quality product at best price. value - trusted brand.
440,comfort Toy Ball Premium,comfort-toy-ball-premium,Pet Supplies,High-quality comfort Toy Ball Premium from comfort. Perfect for everyday use with premium features. Available in multiple colors and sizes.,311.11,369.56,80,comfort,PET-COM-00440,True,False,"comfort Toy Ball Premium, Pet Supplies, comfort, affordable, quality",Buy comfort Toy Ball Premium online. Premium quality product at best price. comfort - trusted brand.
441,BrandX Water Bowl Ultra,brandx-water-bowl-ultra,Pet Supplies,High-quality BrandX Water Bowl Ultra from BrandX. Perfect for everyday use with premium features. Available in multiple colors and sizes.,415.21,614.52,54,BrandX,PET-BRA-00441,True,False,"BrandX Water Bowl Ultra, Pet Supplies, BrandX, affordable, quality",Buy BrandX Water Bowl Ultra online. Premium quality product at best price. BrandX - trusted brand.
442,Natural Water Bowl Plus,natural-water-bowl-plus,Pet Supplies,High-quality Natural Water Bowl Plus from Natural. Perfect for everyday use with premium features. Available in multiple colors and sizes.,356.15,513.83,30,Natural,PET-NAT-00442,True,False,"Natural Water Bowl Plus, Pet Supplies, Natural, affordable, quality",Buy Natural Water Bowl Plus online. Premium quality product at best price. Natural - trusted brand.
443,basic Collar Premium,basic-collar-premium,Pet Supplies,High-quality basic Collar Premium from basic. Perfect for everyday use with premium features. Available in multiple colors and sizes.,169.73,226.63,14,basic,PET-BAS-00443,True,True,"basic Collar Premium, Pet Supplies, basic, affordable, quality",Buy basic Collar Premium online. Premium quality product at best price. basic - trusted brand.
444,Organic Pet Bed,organic-pet-bed,Pet Supplies,High-quality Organic Pet Bed from Organic. Perfect for everyday use with premium features. Available in multiple colors and sizes.,100.29,122.12,59,Organic,PET-ORG-00444,True,False,"Organic Pet Bed, Pet Supplies, Organic, affordable, quality",Buy Organic Pet Bed online. Premium quality product at best price. Organic - trusted brand.
445,standard Treats,standard-treats,Pet Supplies,High-quality standard Treats from standard. Perfect for everyday use with premium features. Available in multiple colors and sizes.,86.8,128.85,11,standard,PET-STA-00445,True,False,"standard Treats, Pet Supplies, standard, affordable, quality",Buy standard Treats online. Premium quality product at best price. standard - trusted brand.
446,Natural Brush,natural-brush,Pet Supplies,High-quality Natural Brush from Natural. Perfect for everyday use with premium features. Available in multiple colors and sizes.,26.81,36.08,95,Natural,PET-NAT-00446,True,True,"Natural Brush, Pet Supplies, Natural, affordable, quality",Buy Natural Brush online. Premium quality product at best price. Natural - trusted brand.
447,Classic Cat Food Ultra,classic-cat-food-ultra,Pet Supplies,High-quality Classic Cat Food Ultra from Classic. Perfect for everyday use with premium features. Available in multiple colors and sizes.,76.19,95.02,76,Classic,PET-CLA-00447,True,False,"Classic Cat Food Ultra, Pet Supplies, Classic, affordable, quality",Buy Classic Cat Food Ultra online. Premium quality product at best price. Classic - trusted brand.
448,Smart Pet Shampoo Max,smart-pet-shampoo-max,Pet Supplies,High-quality Smart Pet Shampoo Max from Smart. Perfect for everyday use with premium features. Available in multiple colors and sizes.,344.35,425.23,33,Smart,PET-SMA-00448,True,False,"Smart Pet Shampoo Max, Pet Supplies, Smart, affordable, quality",Buy Smart Pet Shampoo Max online. Premium quality product at best price. Smart - trusted brand.
449,Smart Pet Carrier Max,smart-pet-carrier-max,Pet Supplies,High-quality Smart Pet Carrier Max from Smart. Perfect for everyday use with premium features. Available in multiple colors and sizes.,411.08,536.18,65,Smart,PET-SMA-00449,True,False,"Smart Pet Carrier Max, Pet Supplies, Smart, affordable, quality",Buy Smart Pet Carrier Max online. Premium quality product at best price. Smart - trusted brand.
450,value Water Bowl Ultra,value-water-bowl-ultra,Pet Supplies,High-quality value Water Bowl Ultra from value. Perfect for everyday use with premium features. Available in multiple colors and sizes.,189.1,246.93,68,value,PET-VAL-00450,True,False,"value Water Bowl Ultra, Pet Supplies, value, affordable, quality",Buy value Water Bowl Ultra online. Premium quality product at best price. value - trusted brand.
451,Organic Pet Bed Plus,organic-pet-bed-plus,Pet Supplies,High-quality Organic Pet Bed Plus from Organic. Perfect for everyday use with premium features. Available in multiple colors and sizes.,419.97,603.11,76,Organic,PET-ORG-00451,True,False,"Organic Pet Bed Plus, Pet Supplies, Organic, affordable, quality",Buy Organic Pet Bed Plus online. Premium quality product at best price. Organic - trusted brand.
452,Organic Collar Pro,organic-collar-pro,Pet Supplies,High-quality Organic Collar Pro from Organic. Perfect for everyday use with premium features. Available in multiple colors and sizes.,200.45,258.33,29,Organic,PET-ORG-00452,False,False,"Organic Collar Pro, Pet Supplies, Organic, affordable, quality",Buy Organic Collar Pro online. Premium quality product at best price. Organic - trusted brand.
453,standard Dog Food,standard-dog-food,Pet Supplies,High-quality standard Dog Food from standard. Perfect for everyday use with premium features. Available in multiple colors and sizes.,267.84,344.24,54,standard,PET-STA-00453,True,False,"standard Dog Food, Pet Supplies, standard, affordable, quality",Buy standard Dog Food online. Premium quality product at best price. standard - trusted brand.
454,eco Pet Shampoo Ultra,eco-pet-shampoo-ultra,Pet Supplies,High-quality eco Pet Shampoo Ultra from eco. Perfect for everyday use with premium features. Available in multiple colors and sizes.,134.44,156.83,52,eco,PET-ECO-00454,True,False,"eco Pet Shampoo Ultra, Pet Supplies, eco, affordable, quality",Buy eco Pet Shampoo Ultra online. Premium quality product at best price. eco - trusted brand.
455,value Collar Plus,value-collar-plus,Pet Supplies,High-quality value Collar Plus from value. Perfect for everyday use with premium features. Available in multiple colors and sizes.,118.17,145.75,28,value,PET-VAL-00455,True,False,"value Collar Plus, Pet Supplies, value, affordable, quality",Buy value Collar Plus online. Premium quality product at best price. value - trusted brand.
456,BrandX Treats Max,brandx-treats-max,Pet Supplies,High-quality BrandX Treats Max from BrandX. Perfect for everyday use with premium features. Available in multiple colors and sizes.,55.15,67.0,94,BrandX,PET-BRA-00456,True,False,"BrandX Treats Max, Pet Supplies, BrandX, affordable, quality",Buy BrandX Treats Max online. Premium quality product at best price. BrandX - trusted brand.
457,ProMax Treats Lite,promax-treats-lite,Pet Supplies,High-quality ProMax Treats Lite from ProMax. Perfect for everyday use with premium features. Available in multiple colors and sizes.,428.87,511.6,73,ProMax,PET-PRO-00457,True,True,"ProMax Treats Lite, Pet Supplies, ProMax, affordable, quality",Buy ProMax Treats Lite online. Premium quality product at best price. ProMax - trusted brand.
458,comfort Food Bowl Premium,comfort-food-bowl-premium,Pet Supplies,High-quality comfort Food Bowl Premium from comfort. Perfect for everyday use with premium features. Available in multiple colors and sizes.,308.27,425.64,60,comfort,PET-COM-00458,True,False,"comfort Food Bowl Premium, Pet Supplies, comfort, affordable, quality",Buy comfort Food Bowl Premium online. Premium quality product at best price. comfort - trusted brand.
459,Organic Litter Box Max,organic-litter-box-max,Pet Supplies,High-quality Organic Litter Box Max from Organic. Perfect for everyday use with premium features. Available in multiple colors and sizes.,190.01,262.85,25,Organic,PET-ORG-00459,True,False,"Organic Litter Box Max, Pet Supplies, Organic, affordable, quality",Buy Organic Litter Box Max online. Premium quality product at best price. Organic - trusted brand.
460,Classic Dog Food Premium,classic-dog-food-premium,Pet Supplies,High-quality Classic Dog Food Premium from Classic. Perfect for everyday use with premium features. Available in multiple colors and sizes.,258.83,316.79,40,Classic,PET-CLA-00460,True,True,"Classic Dog Food Premium, Pet Supplies, Classic, affordable, quality",Buy Classic Dog Food Premium online. Premium quality product at best price. Classic - trusted brand.
461,style Litter Box,style-litter-box,Pet Supplies,High-quality style Litter Box from style. Perfect for everyday use with premium features. Available in multiple colors and sizes.,95.06,117.61,79,style,PET-STY-00461,False,False,"style Litter Box, Pet Supplies, style, affordable, quality",Buy style Litter Box online. Premium quality product at best price. style - trusted brand.
462,Classic Collar Plus,classic-collar-plus,Pet Supplies,High-quality Classic Collar Plus from Classic. Perfect for everyday use with premium features. Available in multiple colors and sizes.,304.89,428.99,73,Classic,PET-CLA-00462,True,False,"Classic Collar Plus, Pet Supplies, Classic, affordable, quality",Buy Classic Collar Plus online. Premium quality product at best price. Classic - trusted brand.
463,value Boots Pro,value-boots-pro,Fashion,High-quality value Boots Pro from value. Perfect for everyday use with premium features. Available in multiple colors and sizes.,213.87,308.45,37,value,FAS-VAL-00463,True,False,"value Boots Pro, Fashion, value, affordable, quality",Buy value Boots Pro online. Premium quality product at best price. value - trusted brand.
464,Premium Gloves Lite,premium-gloves-lite,Fashion,High-quality Premium Gloves Lite from Premium. Perfect for everyday use with premium features. Available in multiple colors and sizes.,298.0,348.27,82,Premium,FAS-PRE-00464,True,True,"Premium Gloves Lite, Fashion, Premium, affordable, quality",Buy Premium Gloves Lite online. Premium quality product at best price. Premium - trusted brand.
465,tech Boots Lite,tech-boots-lite,Fashion,High-quality tech Boots Lite from tech. Perfect for everyday use with premium features. Available in multiple colors and sizes.,288.26,320.23,48,tech,FAS-TEC-00465,True,False,"tech Boots Lite, Fashion, tech, affordable, quality",Buy tech Boots Lite online. Premium quality product at best price. tech - trusted brand.
466,BrandX Sandals Ultra,brandx-sandals-ultra,Fashion,High-quality BrandX Sandals Ultra from BrandX. Perfect for everyday use with premium features. Available in multiple colors and sizes.,277.87,363.38,12,BrandX,FAS-BRA-00466,True,True,"BrandX Sandals Ultra, Fashion, BrandX, affordable, quality",Buy BrandX Sandals Ultra online. Premium quality product at best price. BrandX - trusted brand.
467,Pro Hat Premium,pro-hat-premium,Fashion,High-quality Pro Hat Premium from Pro. Perfect for everyday use with premium features. Available in multiple colors and sizes.,385.07,465.78,11,Pro,FAS-PRO-00467,True,False,"Pro Hat Premium, Fashion, Pro, affordable, quality",Buy Pro Hat Premium online. Premium quality product at best price. Pro - trusted brand.
468,luxury Loafers Ultra,luxury-loafers-ultra,Fashion,High-quality luxury Loafers Ultra from luxury. Perfect for everyday use with premium features. Available in multiple colors and sizes.,450.36,581.27,40,luxury,FAS-LUX-00468,True,False,"luxury Loafers Ultra, Fashion, luxury, affordable, quality",Buy luxury Loafers Ultra online. Premium quality product at best price. luxury - trusted brand.
469,comfort Boots Plus,comfort-boots-plus,Fashion,High-quality comfort Boots Plus from comfort. Perfect for everyday use with premium features. Available in multiple colors and sizes.,369.6,503.99,81,comfort,FAS-COM-00469,True,False,"comfort Boots Plus, Fashion, comfort, affordable, quality",Buy comfort Boots Plus online. Premium quality product at best price. comfort - trusted brand.
470,luxury Hat Premium,luxury-hat-premium,Fashion,High-quality luxury Hat Premium from luxury. Perfect for everyday use with premium features. Available in multiple colors and sizes.,366.84,533.03,24,luxury,FAS-LUX-00470,True,False,"luxury Hat Premium, Fashion, luxury, affordable, quality",Buy luxury Hat Premium online. Premium quality product at best price. luxury - trusted brand.
471,Classic Sandals Pro,classic-sandals-pro,Fashion,High-quality Classic Sandals Pro from Classic. Perfect for everyday use with premium features. Available in multiple colors and sizes.,468.36,626.34,63,Classic,FAS-CLA-00471,True,False,"Classic Sandals Pro, Fashion, Classic, affordable, quality",Buy Classic Sandals Pro online. Premium quality product at best price. Classic - trusted brand.
472,ProMax Heels Premium,promax-heels-premium,Fashion,High-quality ProMax Heels Premium from ProMax. Perfect for everyday use with premium features. Available in multiple colors and sizes.,299.26,431.74,46,ProMax,FAS-PRO-00472,False,False,"ProMax Heels Premium, Fashion, ProMax, affordable, quality",Buy ProMax Heels Premium online. Premium quality product at best price. ProMax - trusted brand.
473,comfort Sneakers Pro,comfort-sneakers-pro,Fashion,High-quality comfort Sneakers Pro from comfort. Perfect for everyday use with premium features. Available in multiple colors and sizes.,320.06,439.79,59,comfort,FAS-COM-00473,True,False,"comfort Sneakers Pro, Fashion, comfort, affordable, quality",Buy comfort Sneakers Pro online. Premium quality product at best price. comfort - trusted brand.
474,luxury Boots Plus,luxury-boots-plus,Fashion,High-quality luxury Boots Plus from luxury. Perfect for everyday use with premium features. Available in multiple colors and sizes.,167.8,207.09,94,luxury,FAS-LUX-00474,True,True,"luxury Boots Plus, Fashion, luxury, affordable, quality",Buy luxury Boots Plus online. Premium quality product at best price. luxury - trusted brand.
475,Ultra Boots,ultra-boots,Fashion,High-quality Ultra Boots from Ultra. Perfect for everyday use with premium features. Available in multiple colors and sizes.,31.54,41.15,77,Ultra,FAS-ULT-00475,True,False,"Ultra Boots, Fashion, Ultra, affordable, quality",Buy Ultra Boots online. Premium quality product at best price. Ultra - trusted brand.
476,Premium Loafers Lite,premium-loafers-lite,Fashion,High-quality Premium Loafers Lite from Premium. Perfect for everyday use with premium features. Available in multiple colors and sizes.,486.63,549.97,17,Premium,FAS-PRE-00476,True,False,"Premium Loafers Lite, Fashion, Premium, affordable, quality",Buy Premium Loafers Lite online. Premium quality product at best price. Premium - trusted brand.
477,luxury Socks Pro,luxury-socks-pro,Fashion,High-quality luxury Socks Pro from luxury. Perfect for everyday use with premium features. Available in multiple colors and sizes.,422.77,520.35,19,luxury,FAS-LUX-00477,False,True,"luxury Socks Pro, Fashion, luxury, affordable, quality",Buy luxury Socks Pro online. Premium quality product at best price. luxury - trusted brand.
478,Premium Loafers,premium-loafers,Fashion,High-quality Premium Loafers from Premium. Perfect for everyday use with premium features. Available in multiple colors and sizes.,183.41,251.85,52,Premium,FAS-PRE-00478,True,False,"Premium Loafers, Fashion, Premium, affordable, quality",Buy Premium Loafers online. Premium quality product at best price. Premium - trusted brand.
479,tech Scarf Max,tech-scarf-max,Fashion,High-quality tech Scarf Max from tech. Perfect for everyday use with premium features. Available in multiple colors and sizes.,57.01,80.69,35,tech,FAS-TEC-00479,False,False,"tech Scarf Max, Fashion, tech, affordable, quality",Buy tech Scarf Max online. Premium quality product at best price. tech - trusted brand.
480,quality Socks,quality-socks,Fashion,High-quality quality Socks from quality. Perfect for everyday use with premium features. Available in multiple colors and sizes.,234.07,325.96,67,quality,FAS-QUA-00480,True,False,"quality Socks, Fashion, quality, affordable, quality",Buy quality Socks online. Premium quality product at best price. quality - trusted brand.
481,ProMax Gloves Ultra,promax-gloves-ultra,Fashion,High-quality ProMax Gloves Ultra from ProMax. Perfect for everyday use with premium features. Available in multiple colors and sizes.,66.42,73.15,20,ProMax,FAS-PRO-00481,True,False,"ProMax Gloves Ultra, Fashion, ProMax, affordable, quality",Buy ProMax Gloves Ultra online. Premium quality product at best price. ProMax - trusted brand.
482,Premium Sneakers Pro,premium-sneakers-pro,Fashion,High-quality Premium Sneakers Pro from Premium. Perfect for everyday use with premium features. Available in multiple colors and sizes.,434.94,550.02,45,Premium,FAS-PRE-00482,True,True,"Premium Sneakers Pro, Fashion, Premium, affordable, quality",Buy Premium Sneakers Pro online. Premium quality product at best price. Premium - trusted brand.
483,tech Formal Shoes Ultra,tech-formal-shoes-ultra,Fashion,High-quality tech Formal Shoes Ultra from tech. Perfect for everyday use with premium features. Available in multiple colors and sizes.,462.81,626.1,5,tech,FAS-TEC-00483,True,False,"tech Formal Shoes Ultra, Fashion, tech, affordable, quality",Buy tech Formal Shoes Ultra online. Premium quality product at best price. tech - trusted brand.
484,standard Socks Lite,standard-socks-lite,Fashion,High-quality standard Socks Lite from standard. Perfect for everyday use with premium features. Available in multiple colors and sizes.,160.93,239.03,53,standard,FAS-STA-00484,True,False,"standard Socks Lite, Fashion, standard, affordable, quality",Buy standard Socks Lite online. Premium quality product at best price. standard - trusted brand.
485,Smart Formal Shoes Lite,smart-formal-shoes-lite,Fashion,High-quality Smart Formal Shoes Lite from Smart. Perfect for everyday use with premium features. Available in multiple colors and sizes.,150.6,201.21,33,Smart,FAS-SMA-00485,True,False,"Smart Formal Shoes Lite, Fashion, Smart, affordable, quality",Buy Smart Formal Shoes Lite online. Premium quality product at best price. Smart - trusted brand.
486,BrandX Formal Shoes Ultra,brandx-formal-shoes-ultra,Fashion,High-quality BrandX Formal Shoes Ultra from BrandX. Perfect for everyday use with premium features. Available in multiple colors and sizes.,239.42,299.43,5,BrandX,FAS-BRA-00486,True,True,"BrandX Formal Shoes Ultra, Fashion, BrandX, affordable, quality",Buy BrandX Formal Shoes Ultra online. Premium quality product at best price. BrandX - trusted brand.
487,value Socks Lite,value-socks-lite,Fashion,High-quality value Socks Lite from value. Perfect for everyday use with premium features. Available in multiple colors and sizes.,499.48,687.55,96,value,FAS-VAL-00487,True,True,"value Socks Lite, Fashion, value, affordable, quality",Buy value Socks Lite online. Premium quality product at best price. value - trusted brand.
488,eco Scarf Lite,eco-scarf-lite,Fashion,High-quality eco Scarf Lite from eco. Perfect for everyday use with premium features. Available in multiple colors and sizes.,353.12,481.11,15,eco,FAS-ECO-00488,True,False,"eco Scarf Lite, Fashion, eco, affordable, quality",Buy eco Scarf Lite online. Premium quality product at best price. eco - trusted brand.
489,Modern Sneakers,modern-sneakers,Fashion,High-quality Modern Sneakers from Modern. Perfect for everyday use with premium features. Available in multiple colors and sizes.,468.38,689.28,25,Modern,FAS-MOD-00489,True,True,"Modern Sneakers, Fashion, Modern, affordable, quality",Buy Modern Sneakers online. Premium quality product at best price. Modern - trusted brand.
490,style Scarf Standard,style-scarf-standard,Fashion,High-quality style Scarf Standard from style. Perfect for everyday use with premium features. Available in multiple colors and sizes.,118.43,172.27,60,style,FAS-STY-00490,True,False,"style Scarf Standard, Fashion, style, affordable, quality",Buy style Scarf Standard online. Premium quality product at best price. style - trusted brand.
491,Organic Sandals Lite,organic-sandals-lite,Fashion,High-quality Organic Sandals Lite from Organic. Perfect for everyday use with premium features. Available in multiple colors and sizes.,385.14,512.03,8,Organic,FAS-ORG-00491,True,False,"Organic Sandals Lite, Fashion, Organic, affordable, quality",Buy Organic Sandals Lite online. Premium quality product at best price. Organic - trusted brand.
492,Organic Gloves Max,organic-gloves-max,Fashion,High-quality Organic Gloves Max from Organic. Perfect for everyday use with premium features. Available in multiple colors and sizes.,125.7,187.13,55,Organic,FAS-ORG-00492,True,False,"Organic Gloves Max, Fashion, Organic, affordable, quality",Buy Organic Gloves Max online. Premium quality product at best price. Organic - trusted brand.
493,standard Loafers Premium,standard-loafers-premium,Fashion,High-quality standard Loafers Premium from standard. Perfect for everyday use with premium features. Available in multiple colors and sizes.,187.74,256.85,22,standard,FAS-STA-00493,True,False,"standard Loafers Premium, Fashion, standard, affordable, quality",Buy standard Loafers Premium online. Premium quality product at best price. standard - trusted brand.
494,Pro Scarf Plus,pro-scarf-plus,Fashion,High-quality Pro Scarf Plus from Pro. Perfect for everyday use with premium features. Available in multiple colors and sizes.,458.38,610.28,95,Pro,FAS-PRO-00494,True,False,"Pro Scarf Plus, Fashion, Pro, affordable, quality",Buy Pro Scarf Plus online. Premium quality product at best price. Pro - trusted brand.
495,Modern Sneakers Premium,modern-sneakers-premium,Fashion,High-quality Modern Sneakers Premium from Modern. Perfect for everyday use with premium features. Available in multiple colors and sizes.,115.52,161.28,94,Modern,FAS-MOD-00495,True,True,"Modern Sneakers Premium, Fashion, Modern, affordable, quality",Buy Modern Sneakers Premium online. Premium quality product at best price. Modern - trusted brand.
