id,name,slug,category__name,description,price,original_price,stock,image,image2,image3,brand,sku,is_active,is_featured,meta_keywords,meta_description
1,BrandX Laptop Stand,brandx-laptop-stand-1,Electronics,High-quality BrandX Laptop Stand. Perfect for everyday use with premium features.,326.97,438.28,65,products/electronics_001.jpg,products/electronics_001_2.jpg,products/electronics_001_3.jpg,BrandX,ELE-BRA-00001,True,False,"BrandX Laptop Stand, Electronics, BrandX, quality",Buy BrandX Laptop Stand online. Best price. BrandX trusted brand.
2,Ultra USB Cable Lite,ultra-usb-cable-lite-2,Electronics,High-quality Ultra USB Cable Lite. Perfect for everyday use with premium features.,493.8,689.43,45,products/electronics_002.jpg,products/electronics_002_2.jpg,products/electronics_002_3.jpg,Ultra,ELE-ULT-00002,False,False,"Ultra USB Cable Lite, Electronics, Ultra, quality",Buy Ultra USB Cable Lite online. Best price. Ultra trusted brand.
3,BrandX Smart Watch Max,brandx-smart-watch-max-3,Electronics,High-quality BrandX Smart Watch Max. Perfect for everyday use with premium features.,348.37,389.39,22,products/electronics_003.jpg,products/electronics_003_2.jpg,products/electronics_003_3.jpg,BrandX,ELE-BRA-00003,False,True,"BrandX Smart Watch Max, Electronics, BrandX, quality",Buy BrandX Smart Watch Max online. Best price. BrandX trusted brand.
4,Ultra Laptop Stand Standard,ultra-laptop-stand-standard-4,Electronics,High-quality Ultra Laptop Stand Standard. Perfect for everyday use with premium features.,484.12,569.12,86,products/electronics_004.jpg,products/electronics_004_2.jpg,products/electronics_004_3.jpg,Ultra,ELE-ULT-00004,True,False,"Ultra Laptop Stand Standard, Electronics, Ultra, quality",Buy Ultra Laptop Stand Standard online. Best price. Ultra trusted brand.
5,Elite Phone Case,elite-phone-case-5,Electronics,High-quality Elite Phone Case. Perfect for everyday use with premium features.,465.46,682.66,59,products/electronics_005.jpg,products/electronics_005_2.jpg,products/electronics_005_3.jpg,Elite,ELE-ELI-00005,True,False,"Elite Phone Case, Electronics, Elite, quality",Buy Elite Phone Case online. Best price. Elite trusted brand.
6,Classic Smart Watch Standard,classic-smart-watch-standard-6,Electronics,High-quality Classic Smart Watch Standard. Perfect for everyday use with premium features.,363.33,474.83,92,products/electronics_006.jpg,products/electronics_006_2.jpg,products/electronics_006_3.jpg,Classic,ELE-CLA-00006,True,True,"Classic Smart Watch Standard, Electronics, Classic, quality",Buy Classic Smart Watch Standard online. Best price. Classic trusted brand.
7,Classic Charger Premium,classic-charger-premium-7,Electronics,High-quality Classic Charger Premium. Perfect for everyday use with premium features.,63.17,89.34,19,products/electronics_007.jpg,products/electronics_007_2.jpg,products/electronics_007_3.jpg,Classic,ELE-CLA-00007,True,False,"Classic Charger Premium, Electronics, Classic, quality",Buy Classic Charger Premium online. Best price. Classic trusted brand.
8,ProMax Speaker,promax-speaker-8,Electronics,High-quality ProMax Speaker. Perfect for everyday use with premium features.,458.87,544.86,29,products/electronics_008.jpg,products/electronics_008_2.jpg,products/electronics_008_3.jpg,ProMax,ELE-PRO-00008,True,False,"ProMax Speaker, Electronics, ProMax, quality",Buy ProMax Speaker online. Best price. ProMax trusted brand.
9,Organic Speaker,organic-speaker-9,Electronics,High-quality Organic Speaker. Perfect for everyday use with premium features.,139.73,158.67,29,products/electronics_009.jpg,products/electronics_009_2.jpg,products/electronics_009_3.jpg,Organic,ELE-ORG-00009,False,True,"Organic Speaker, Electronics, Organic, quality",Buy Organic Speaker online. Best price. Organic trusted brand.
10,Natural Monitor Pro,natural-monitor-pro-10,Electronics,High-quality Natural Monitor Pro. Perfect for everyday use with premium features.,330.54,365.61,70,products/electronics_010.jpg,products/electronics_010_2.jpg,products/electronics_010_3.jpg,Natural,ELE-NAT-00010,True,False,"Natural Monitor Pro, Electronics, Natural, quality",Buy Natural Monitor Pro online. Best price. Natural trusted brand.
11,Modern Webcam Max,modern-webcam-max-11,Electronics,High-quality Modern Webcam Max. Perfect for everyday use with premium features.,297.19,367.01,39,products/electronics_011.jpg,products/electronics_011_2.jpg,products/electronics_011_3.jpg,Modern,ELE-MOD-00011,True,False,"Modern Webcam Max, Electronics, Modern, quality",Buy Modern Webcam Max online. Best price. Modern trusted brand.
12,Ultra USB Cable Max,ultra-usb-cable-max-12,Electronics,High-quality Ultra USB Cable Max. Perfect for everyday use with premium features.,360.16,516.64,70,products/electronics_012.jpg,products/electronics_012_2.jpg,products/electronics_012_3.jpg,Ultra,ELE-ULT-00012,True,True,"Ultra USB Cable Max, Electronics, Ultra, quality",Buy Ultra USB Cable Max online. Best price. Ultra trusted brand.
13,Premium Monitor Pro,premium-monitor-pro-13,Electronics,High-quality Premium Monitor Pro. Perfect for everyday use with premium features.,222.12,323.09,31,products/electronics_013.jpg,products/electronics_013_2.jpg,products/electronics_013_3.jpg,Premium,ELE-PRE-00013,False,False,"Premium Monitor Pro, Electronics, Premium, quality",Buy Premium Monitor Pro online. Best price. Premium trusted brand.
14,Classic Keyboard,classic-keyboard-14,Electronics,High-quality Classic Keyboard. Perfect for everyday use with premium features.,467.65,657.05,25,products/electronics_014.jpg,products/electronics_014_2.jpg,products/electronics_014_3.jpg,Classic,ELE-CLA-00014,False,False,"Classic Keyboard, Electronics, Classic, quality",Buy Classic Keyboard online. Best price. Classic trusted brand.
15,Classic Monitor Standard,classic-monitor-standard-15,Electronics,High-quality Classic Monitor Standard. Perfect for everyday use with premium features.,277.49,342.67,38,products/electronics_015.jpg,products/electronics_015_2.jpg,products/electronics_015_3.jpg,Classic,ELE-CLA-00015,False,False,"Classic Monitor Standard, Electronics, Classic, quality",Buy Classic Monitor Standard online. Best price. Classic trusted brand.
16,Modern Monitor,modern-monitor-16,Electronics,High-quality Modern Monitor. Perfect for everyday use with premium features.,15.8,20.59,71,products/electronics_016.jpg,products/electronics_016_2.jpg,products/electronics_016_3.jpg,Modern,ELE-MOD-00016,True,False,"Modern Monitor, Electronics, Modern, quality",Buy Modern Monitor online. Best price. Modern trusted brand.
17,Elite Charger,elite-charger-17,Electronics,High-quality Elite Charger. Perfect for everyday use with premium features.,190.26,265.96,43,products/electronics_017.jpg,products/electronics_017_2.jpg,products/electronics_017_3.jpg,Elite,ELE-ELI-00017,False,False,"Elite Charger, Electronics, Elite, quality",Buy Elite Charger online. Best price. Elite trusted brand.
18,Ultra Monitor Premium,ultra-monitor-premium-18,Electronics,High-quality Ultra Monitor Premium. Perfect for everyday use with premium features.,104.3,125.81,81,products/electronics_018.jpg,products/electronics_018_2.jpg,products/electronics_018_3.jpg,Ultra,ELE-ULT-00018,True,False,"Ultra Monitor Premium, Electronics, Ultra, quality",Buy Ultra Monitor Premium online. Best price. Ultra trusted brand.
19,Ultra Smart Watch,ultra-smart-watch-19,Electronics,High-quality Ultra Smart Watch. Perfect for everyday use with premium features.,369.62,485.46,41,products/electronics_019.jpg,products/electronics_019_2.jpg,products/electronics_019_3.jpg,Ultra,ELE-ULT-00019,True,False,"Ultra Smart Watch, Electronics, Ultra, quality",Buy Ultra Smart Watch online. Best price. Ultra trusted brand.
20,Classic Mouse Lite,classic-mouse-lite-20,Electronics,High-quality Classic Mouse Lite. Perfect for everyday use with premium features.,351.93,444.27,33,products/electronics_020.jpg,products/electronics_020_2.jpg,products/electronics_020_3.jpg,Classic,ELE-CLA-00020,True,False,"Classic Mouse Lite, Electronics, Classic, quality",Buy Classic Mouse Lite online. Best price. Classic trusted brand.
21,Classic Keyboard,classic-keyboard-21,Electronics,High-quality Classic Keyboard. Perfect for everyday use with premium features.,77.25,89.28,56,products/electronics_021.jpg,products/electronics_021_2.jpg,products/electronics_021_3.jpg,Classic,ELE-CLA-00021,False,False,"Classic Keyboard, Electronics, Classic, quality",Buy Classic Keyboard online. Best price. Classic trusted brand.
22,Classic Power Bank Max,classic-power-bank-max-22,Electronics,High-quality Classic Power Bank Max. Perfect for everyday use with premium features.,434.95,519.83,5,products/electronics_022.jpg,products/electronics_022_2.jpg,products/electronics_022_3.jpg,Classic,ELE-CLA-00022,True,False,"Classic Power Bank Max, Electronics, Classic, quality",Buy Classic Power Bank Max online. Best price. Classic trusted brand.
23,Classic Keyboard Plus,classic-keyboard-plus-23,Electronics,High-quality Classic Keyboard Plus. Perfect for everyday use with premium features.,173.97,240.16,18,products/electronics_023.jpg,products/electronics_023_2.jpg,products/electronics_023_3.jpg,Classic,ELE-CLA-00023,True,False,"Classic Keyboard Plus, Electronics, Classic, quality",Buy Classic Keyboard Plus online. Best price. Classic trusted brand.
24,Natural Speaker Standard,natural-speaker-standard-24,Electronics,High-quality Natural Speaker Standard. Perfect for everyday use with premium features.,130.87,156.03,99,products/electronics_024.jpg,products/electronics_024_2.jpg,products/electronics_024_3.jpg,Natural,ELE-NAT-00024,True,True,"Natural Speaker Standard, Electronics, Natural, quality",Buy Natural Speaker Standard online. Best price. Natural trusted brand.
25,Modern Power Bank Plus,modern-power-bank-plus-25,Electronics,High-quality Modern Power Bank Plus. Perfect for everyday use with premium features.,262.73,329.52,86,products/electronics_025.jpg,products/electronics_025_2.jpg,products/electronics_025_3.jpg,Modern,ELE-MOD-00025,True,False,"Modern Power Bank Plus, Electronics, Modern, quality",Buy Modern Power Bank Plus online. Best price. Modern trusted brand.
26,Natural Keyboard Plus,natural-keyboard-plus-26,Electronics,High-quality Natural Keyboard Plus. Perfect for everyday use with premium features.,11.15,15.81,31,products/electronics_026.jpg,products/electronics_026_2.jpg,products/electronics_026_3.jpg,Natural,ELE-NAT-00026,True,False,"Natural Keyboard Plus, Electronics, Natural, quality",Buy Natural Keyboard Plus online. Best price. Natural trusted brand.
27,Ultra Laptop Stand,ultra-laptop-stand-27,Electronics,High-quality Ultra Laptop Stand. Perfect for everyday use with premium features.,261.13,389.29,68,products/electronics_027.jpg,products/electronics_027_2.jpg,products/electronics_027_3.jpg,Ultra,ELE-ULT-00027,True,False,"Ultra Laptop Stand, Electronics, Ultra, quality",Buy Ultra Laptop Stand online. Best price. Ultra trusted brand.
28,ProMax Charger Premium,promax-charger-premium-28,Electronics,High-quality ProMax Charger Premium. Perfect for everyday use with premium features.,339.44,405.69,14,products/electronics_028.jpg,products/electronics_028_2.jpg,products/electronics_028_3.jpg,ProMax,ELE-PRO-00028,True,False,"ProMax Charger Premium, Electronics, ProMax, quality",Buy ProMax Charger Premium online. Best price. ProMax trusted brand.
29,Modern Mouse,modern-mouse-29,Electronics,High-quality Modern Mouse. Perfect for everyday use with premium features.,403.14,580.79,73,products/electronics_029.jpg,products/electronics_029_2.jpg,products/electronics_029_3.jpg,Modern,ELE-MOD-00029,True,False,"Modern Mouse, Electronics, Modern, quality",Buy Modern Mouse online. Best price. Modern trusted brand.
30,Elite Phone Case Standard,elite-phone-case-standard-30,Electronics,High-quality Elite Phone Case Standard. Perfect for everyday use with premium features.,118.4,134.94,24,products/electronics_030.jpg,products/electronics_030_2.jpg,products/electronics_030_3.jpg,Elite,ELE-ELI-00030,True,False,"Elite Phone Case Standard, Electronics, Elite, quality",Buy Elite Phone Case Standard online. Best price. Elite trusted brand.
31,Natural Keyboard Lite,natural-keyboard-lite-31,Electronics,High-quality Natural Keyboard Lite. Perfect for everyday use with premium features.,222.48,328.22,68,products/electronics_031.jpg,products/electronics_031_2.jpg,products/electronics_031_3.jpg,Natural,ELE-NAT-00031,True,False,"Natural Keyboard Lite, Electronics, Natural, quality",Buy Natural Keyboard Lite online. Best price. Natural trusted brand.
32,Organic Smart Watch,organic-smart-watch-32,Electronics,High-quality Organic Smart Watch. Perfect for everyday use with premium features.,329.23,483.26,9,products/electronics_032.jpg,products/electronics_032_2.jpg,products/electronics_032_3.jpg,Organic,ELE-ORG-00032,True,False,"Organic Smart Watch, Electronics, Organic, quality",Buy Organic Smart Watch online. Best price. Organic trusted brand.
33,Premium Webcam Lite,premium-webcam-lite-33,Electronics,High-quality Premium Webcam Lite. Perfect for everyday use with premium features.,281.35,313.99,68,products/electronics_033.jpg,products/electronics_033_2.jpg,products/electronics_033_3.jpg,Premium,ELE-PRE-00033,True,False,"Premium Webcam Lite, Electronics, Premium, quality",Buy Premium Webcam Lite online. Best price. Premium trusted brand.
34,Classic Skirt Plus,classic-skirt-plus-34,Clothing,High-quality Classic Skirt Plus. Perfect for everyday use with premium features.,359.56,407.76,55,products/clothing_001.jpg,products/clothing_001_2.jpg,products/clothing_001_3.jpg,Classic,CLO-CLA-00034,True,False,"Classic Skirt Plus, Clothing, Classic, quality",Buy Classic Skirt Plus online. Best price. Classic trusted brand.
35,Natural Shorts Premium,natural-shorts-premium-35,Clothing,High-quality Natural Shorts Premium. Perfect for everyday use with premium features.,196.51,225.14,9,products/clothing_002.jpg,products/clothing_002_2.jpg,products/clothing_002_3.jpg,Natural,CLO-NAT-00035,True,False,"Natural Shorts Premium, Clothing, Natural, quality",Buy Natural Shorts Premium online. Best price. Natural trusted brand.
36,BrandX Sweater,brandx-sweater-36,Clothing,High-quality BrandX Sweater. Perfect for everyday use with premium features.,401.18,501.95,90,products/clothing_003.jpg,products/clothing_003_2.jpg,products/clothing_003_3.jpg,BrandX,CLO-BRA-00036,True,False,"BrandX Sweater, Clothing, BrandX, quality",Buy BrandX Sweater online. Best price. BrandX trusted brand.
37,Premium Shorts Pro,premium-shorts-pro-37,Clothing,High-quality Premium Shorts Pro. Perfect for everyday use with premium features.,267.85,345.05,45,products/clothing_004.jpg,products/clothing_004_2.jpg,products/clothing_004_3.jpg,Premium,CLO-PRE-00037,False,True,"Premium Shorts Pro, Clothing, Premium, quality",Buy Premium Shorts Pro online. Best price. Premium trusted brand.
38,Ultra Shirt Max,ultra-shirt-max-38,Clothing,High-quality Ultra Shirt Max. Perfect for everyday use with premium features.,349.42,522.4,18,products/clothing_005.jpg,products/clothing_005_2.jpg,products/clothing_005_3.jpg,Ultra,CLO-ULT-00038,True,True,"Ultra Shirt Max, Clothing, Ultra, quality",Buy Ultra Shirt Max online. Best price. Ultra trusted brand.
39,Classic Blazer,classic-blazer-39,Clothing,High-quality Classic Blazer. Perfect for everyday use with premium features.,394.23,436.11,30,products/clothing_006.jpg,products/clothing_006_2.jpg,products/clothing_006_3.jpg,Classic,CLO-CLA-00039,True,False,"Classic Blazer, Clothing, Classic, quality",Buy Classic Blazer online. Best price. Classic trusted brand.
40,Premium T-Shirt Lite,premium-t-shirt-lite-40,Clothing,High-quality Premium T-Shirt Lite. Perfect for everyday use with premium features.,227.97,286.11,64,products/clothing_007.jpg,products/clothing_007_2.jpg,products/clothing_007_3.jpg,Premium,CLO-PRE-00040,True,True,"Premium T-Shirt Lite, Clothing, Premium, quality",Buy Premium T-Shirt Lite online. Best price. Premium trusted brand.
41,Classic Polo Premium,classic-polo-premium-41,Clothing,High-quality Classic Polo Premium. Perfect for everyday use with premium features.,378.48,532.94,46,products/clothing_008.jpg,products/clothing_008_2.jpg,products/clothing_008_3.jpg,Classic,CLO-CLA-00041,False,False,"Classic Polo Premium, Clothing, Classic, quality",Buy Classic Polo Premium online. Best price. Classic trusted brand.
42,Organic Jeans Pro,organic-jeans-pro-42,Clothing,High-quality Organic Jeans Pro. Perfect for everyday use with premium features.,285.97,407.71,57,products/clothing_009.jpg,products/clothing_009_2.jpg,products/clothing_009_3.jpg,Organic,CLO-ORG-00042,True,True,"Organic Jeans Pro, Clothing, Organic, quality",Buy Organic Jeans Pro online. Best price. Organic trusted brand.
43,Ultra Jacket Max,ultra-jacket-max-43,Clothing,High-quality Ultra Jacket Max. Perfect for everyday use with premium features.,167.41,203.67,27,products/clothing_010.jpg,products/clothing_010_2.jpg,products/clothing_010_3.jpg,Ultra,CLO-ULT-00043,True,True,"Ultra Jacket Max, Clothing, Ultra, quality",Buy Ultra Jacket Max online. Best price. Ultra trusted brand.
44,Smart Jacket Pro,smart-jacket-pro-44,Clothing,High-quality Smart Jacket Pro. Perfect for everyday use with premium features.,30.92,41.15,22,products/clothing_011.jpg,products/clothing_011_2.jpg,products/clothing_011_3.jpg,Smart,CLO-SMA-00044,True,False,"Smart Jacket Pro, Clothing, Smart, quality",Buy Smart Jacket Pro online. Best price. Smart trusted brand.
45,BrandX Sweater Max,brandx-sweater-max-45,Clothing,High-quality BrandX Sweater Max. Perfect for everyday use with premium features.,163.34,233.14,41,products/clothing_012.jpg,products/clothing_012_2.jpg,products/clothing_012_3.jpg,BrandX,CLO-BRA-00045,True,False,"BrandX Sweater Max, Clothing, BrandX, quality",Buy BrandX Sweater Max online. Best price. BrandX trusted brand.
46,Smart Polo Max,smart-polo-max-46,Clothing,High-quality Smart Polo Max. Perfect for everyday use with premium features.,456.31,667.91,95,products/clothing_013.jpg,products/clothing_013_2.jpg,products/clothing_013_3.jpg,Smart,CLO-SMA-00046,True,False,"Smart Polo Max, Clothing, Smart, quality",Buy Smart Polo Max online. Best price. Smart trusted brand.
47,Premium Leggings Lite,premium-leggings-lite-47,Clothing,High-quality Premium Leggings Lite. Perfect for everyday use with premium features.,395.84,511.96,9,products/clothing_014.jpg,products/clothing_014_2.jpg,products/clothing_014_3.jpg,Premium,CLO-PRE-00047,False,False,"Premium Leggings Lite, Clothing, Premium, quality",Buy Premium Leggings Lite online. Best price. Premium trusted brand.
48,Modern Skirt,modern-skirt-48,Clothing,High-quality Modern Skirt. Perfect for everyday use with premium features.,490.36,669.31,53,products/clothing_015.jpg,products/clothing_015_2.jpg,products/clothing_015_3.jpg,Modern,CLO-MOD-00048,False,False,"Modern Skirt, Clothing, Modern, quality",Buy Modern Skirt online. Best price. Modern trusted brand.
49,Elite Jacket Standard,elite-jacket-standard-49,Clothing,High-quality Elite Jacket Standard. Perfect for everyday use with premium features.,58.5,70.61,19,products/clothing_016.jpg,products/clothing_016_2.jpg,products/clothing_016_3.jpg,Elite,CLO-ELI-00049,True,False,"Elite Jacket Standard, Clothing, Elite, quality",Buy Elite Jacket Standard online. Best price. Elite trusted brand.
50,Elite Jacket,elite-jacket-50,Clothing,High-quality Elite Jacket. Perfect for everyday use with premium features.,207.47,311.12,94,products/clothing_017.jpg,products/clothing_017_2.jpg,products/clothing_017_3.jpg,Elite,CLO-ELI-00050,True,False,"Elite Jacket, Clothing, Elite, quality",Buy Elite Jacket online. Best price. Elite trusted brand.
51,Organic T-Shirt Premium,organic-t-shirt-premium-51,Clothing,High-quality Organic T-Shirt Premium. Perfect for everyday use with premium features.,376.08,461.53,15,products/clothing_018.jpg,products/clothing_018_2.jpg,products/clothing_018_3.jpg,Organic,CLO-ORG-00051,True,False,"Organic T-Shirt Premium, Clothing, Organic, quality",Buy Organic T-Shirt Premium online. Best price. Organic trusted brand.
52,Classic Dress Lite,classic-dress-lite-52,Clothing,High-quality Classic Dress Lite. Perfect for everyday use with premium features.,342.35,461.82,8,products/clothing_019.jpg,products/clothing_019_2.jpg,products/clothing_019_3.jpg,Classic,CLO-CLA-00052,False,False,"Classic Dress Lite, Clothing, Classic, quality",Buy Classic Dress Lite online. Best price. Classic trusted brand.
53,Classic Hoodie Plus,classic-hoodie-plus-53,Clothing,High-quality Classic Hoodie Plus. Perfect for everyday use with premium features.,45.15,58.54,53,products/clothing_020.jpg,products/clothing_020_2.jpg,products/clothing_020_3.jpg,Classic,CLO-CLA-00053,True,False,"Classic Hoodie Plus, Clothing, Classic, quality",Buy Classic Hoodie Plus online. Best price. Classic trusted brand.
54,Smart Jeans Standard,smart-jeans-standard-54,Clothing,High-quality Smart Jeans Standard. Perfect for everyday use with premium features.,388.32,451.99,33,products/clothing_021.jpg,products/clothing_021_2.jpg,products/clothing_021_3.jpg,Smart,CLO-SMA-00054,False,False,"Smart Jeans Standard, Clothing, Smart, quality",Buy Smart Jeans Standard online. Best price. Smart trusted brand.
55,Classic Shorts Lite,classic-shorts-lite-55,Clothing,High-quality Classic Shorts Lite. Perfect for everyday use with premium features.,375.66,536.38,4,products/clothing_022.jpg,products/clothing_022_2.jpg,products/clothing_022_3.jpg,Classic,CLO-CLA-00055,True,False,"Classic Shorts Lite, Clothing, Classic, quality",Buy Classic Shorts Lite online. Best price. Classic trusted brand.
56,Organic Hoodie Standard,organic-hoodie-standard-56,Clothing,High-quality Organic Hoodie Standard. Perfect for everyday use with premium features.,418.14,525.9,19,products/clothing_023.jpg,products/clothing_023_2.jpg,products/clothing_023_3.jpg,Organic,CLO-ORG-00056,True,True,"Organic Hoodie Standard, Clothing, Organic, quality",Buy Organic Hoodie Standard online. Best price. Organic trusted brand.
57,ProMax Blazer Standard,promax-blazer-standard-57,Clothing,High-quality ProMax Blazer Standard. Perfect for everyday use with premium features.,76.94,100.52,23,products/clothing_024.jpg,products/clothing_024_2.jpg,products/clothing_024_3.jpg,ProMax,CLO-PRO-00057,True,False,"ProMax Blazer Standard, Clothing, ProMax, quality",Buy ProMax Blazer Standard online. Best price. ProMax trusted brand.
58,Classic Jacket Pro,classic-jacket-pro-58,Clothing,High-quality Classic Jacket Pro. Perfect for everyday use with premium features.,118.74,150.29,23,products/clothing_025.jpg,products/clothing_025_2.jpg,products/clothing_025_3.jpg,Classic,CLO-CLA-00058,True,True,"Classic Jacket Pro, Clothing, Classic, quality",Buy Classic Jacket Pro online. Best price. Classic trusted brand.
59,Smart Dress Premium,smart-dress-premium-59,Clothing,High-quality Smart Dress Premium. Perfect for everyday use with premium features.,129.37,160.08,9,products/clothing_026.jpg,products/clothing_026_2.jpg,products/clothing_026_3.jpg,Smart,CLO-SMA-00059,True,False,"Smart Dress Premium, Clothing, Smart, quality",Buy Smart Dress Premium online. Best price. Smart trusted brand.
60,Smart Shirt Pro,smart-shirt-pro-60,Clothing,High-quality Smart Shirt Pro. Perfect for everyday use with premium features.,448.63,616.29,44,products/clothing_027.jpg,products/clothing_027_2.jpg,products/clothing_027_3.jpg,Smart,CLO-SMA-00060,True,False,"Smart Shirt Pro, Clothing, Smart, quality",Buy Smart Shirt Pro online. Best price. Smart trusted brand.
61,Smart Blazer Standard,smart-blazer-standard-61,Clothing,High-quality Smart Blazer Standard. Perfect for everyday use with premium features.,103.57,155.0,70,products/clothing_028.jpg,products/clothing_028_2.jpg,products/clothing_028_3.jpg,Smart,CLO-SMA-00061,True,False,"Smart Blazer Standard, Clothing, Smart, quality",Buy Smart Blazer Standard online. Best price. Smart trusted brand.
62,Ultra Dress Pro,ultra-dress-pro-62,Clothing,High-quality Ultra Dress Pro. Perfect for everyday use with premium features.,185.63,266.86,57,products/clothing_029.jpg,products/clothing_029_2.jpg,products/clothing_029_3.jpg,Ultra,CLO-ULT-00062,True,False,"Ultra Dress Pro, Clothing, Ultra, quality",Buy Ultra Dress Pro online. Best price. Ultra trusted brand.
63,Premium Jeans,premium-jeans-63,Clothing,High-quality Premium Jeans. Perfect for everyday use with premium features.,385.17,508.48,3,products/clothing_030.jpg,products/clothing_030_2.jpg,products/clothing_030_3.jpg,Premium,CLO-PRE-00063,True,False,"Premium Jeans, Clothing, Premium, quality",Buy Premium Jeans online. Best price. Premium trusted brand.
64,Modern Blazer,modern-blazer-64,Clothing,High-quality Modern Blazer. Perfect for everyday use with premium features.,41.97,48.41,38,products/clothing_031.jpg,products/clothing_031_2.jpg,products/clothing_031_3.jpg,Modern,CLO-MOD-00064,True,False,"Modern Blazer, Clothing, Modern, quality",Buy Modern Blazer online. Best price. Modern trusted brand.
65,Smart Leggings Plus,smart-leggings-plus-65,Clothing,High-quality Smart Leggings Plus. Perfect for everyday use with premium features.,327.56,476.26,80,products/clothing_032.jpg,products/clothing_032_2.jpg,products/clothing_032_3.jpg,Smart,CLO-SMA-00065,True,False,"Smart Leggings Plus, Clothing, Smart, quality",Buy Smart Leggings Plus online. Best price. Smart trusted brand.
66,Elite Jacket Pro,elite-jacket-pro-66,Clothing,High-quality Elite Jacket Pro. Perfect for everyday use with premium features.,479.44,543.22,10,products/clothing_033.jpg,products/clothing_033_2.jpg,products/clothing_033_3.jpg,Elite,CLO-ELI-00066,True,False,"Elite Jacket Pro, Clothing, Elite, quality",Buy Elite Jacket Pro online. Best price. Elite trusted brand.
67,BrandX Air Fryer Standard,brandx-air-fryer-standard-67,Home & Kitchen,High-quality BrandX Air Fryer Standard. Perfect for everyday use with premium features.,263.77,290.88,17,products/home_kitchen_001.jpg,products/home_kitchen_001_2.jpg,products/home_kitchen_001_3.jpg,BrandX,HOM-BRA-00067,True,True,"BrandX Air Fryer Standard, Home & Kitchen, BrandX, quality",Buy BrandX Air Fryer Standard online. Best price. BrandX trusted brand.
68,Organic Curtains Max,organic-curtains-max-68,Home & Kitchen,High-quality Organic Curtains Max. Perfect for everyday use with premium features.,316.05,461.37,47,products/home_kitchen_002.jpg,products/home_kitchen_002_2.jpg,products/home_kitchen_002_3.jpg,Organic,HOM-ORG-00068,True,False,"Organic Curtains Max, Home & Kitchen, Organic, quality",Buy Organic Curtains Max online. Best price. Organic trusted brand.
69,Smart Toaster Pro,smart-toaster-pro-69,Home & Kitchen,High-quality Smart Toaster Pro. Perfect for everyday use with premium features.,204.25,292.37,75,products/home_kitchen_003.jpg,products/home_kitchen_003_2.jpg,products/home_kitchen_003_3.jpg,Smart,HOM-SMA-00069,True,False,"Smart Toaster Pro, Home & Kitchen, Smart, quality",Buy Smart Toaster Pro online. Best price. Smart trusted brand.
70,Ultra Lamp Lite,ultra-lamp-lite-70,Home & Kitchen,High-quality Ultra Lamp Lite. Perfect for everyday use with premium features.,58.61,68.4,42,products/home_kitchen_004.jpg,products/home_kitchen_004_2.jpg,products/home_kitchen_004_3.jpg,Ultra,HOM-ULT-00070,True,False,"Ultra Lamp Lite, Home & Kitchen, Ultra, quality",Buy Ultra Lamp Lite online. Best price. Ultra trusted brand.
71,Organic Air Fryer Max,organic-air-fryer-max-71,Home & Kitchen,High-quality Organic Air Fryer Max. Perfect for everyday use with premium features.,151.59,219.48,95,products/home_kitchen_005.jpg,products/home_kitchen_005_2.jpg,products/home_kitchen_005_3.jpg,Organic,HOM-ORG-00071,True,True,"Organic Air Fryer Max, Home & Kitchen, Organic, quality",Buy Organic Air Fryer Max online. Best price. Organic trusted brand.
72,ProMax Cookware Set Standard,promax-cookware-set-standard-72,Home & Kitchen,High-quality ProMax Cookware Set Standard. Perfect for everyday use with premium features.,278.99,389.0,42,products/home_kitchen_006.jpg,products/home_kitchen_006_2.jpg,products/home_kitchen_006_3.jpg,ProMax,HOM-PRO-00072,True,False,"ProMax Cookware Set Standard, Home & Kitchen, ProMax, quality",Buy ProMax Cookware Set Standard online. Best price. ProMax trusted brand.
73,Smart Blender Lite,smart-blender-lite-73,Home & Kitchen,High-quality Smart Blender Lite. Perfect for everyday use with premium features.,30.74,45.79,14,products/home_kitchen_007.jpg,products/home_kitchen_007_2.jpg,products/home_kitchen_007_3.jpg,Smart,HOM-SMA-00073,True,False,"Smart Blender Lite, Home & Kitchen, Smart, quality",Buy Smart Blender Lite online. Best price. Smart trusted brand.
74,BrandX Knife Set,brandx-knife-set-74,Home & Kitchen,High-quality BrandX Knife Set. Perfect for everyday use with premium features.,325.74,384.58,34,products/home_kitchen_008.jpg,products/home_kitchen_008_2.jpg,products/home_kitchen_008_3.jpg,BrandX,HOM-BRA-00074,False,False,"BrandX Knife Set, Home & Kitchen, BrandX, quality",Buy BrandX Knife Set online. Best price. BrandX trusted brand.
75,Smart Pillow Plus,smart-pillow-plus-75,Home & Kitchen,High-quality Smart Pillow Plus. Perfect for everyday use with premium features.,239.52,316.42,82,products/home_kitchen_009.jpg,products/home_kitchen_009_2.jpg,products/home_kitchen_009_3.jpg,Smart,HOM-SMA-00075,True,False,"Smart Pillow Plus, Home & Kitchen, Smart, quality",Buy Smart Pillow Plus online. Best price. Smart trusted brand.
76,ProMax Cookware Set Lite,promax-cookware-set-lite-76,Home & Kitchen,High-quality ProMax Cookware Set Lite. Perfect for everyday use with premium features.,103.45,151.01,13,products/home_kitchen_010.jpg,products/home_kitchen_010_2.jpg,products/home_kitchen_010_3.jpg,ProMax,HOM-PRO-00076,False,False,"ProMax Cookware Set Lite, Home & Kitchen, ProMax, quality",Buy ProMax Cookware Set Lite online. Best price. ProMax trusted brand.
77,ProMax Air Fryer,promax-air-fryer-77,Home & Kitchen,High-quality ProMax Air Fryer. Perfect for everyday use with premium features.,404.63,508.17,34,products/home_kitchen_011.jpg,products/home_kitchen_011_2.jpg,products/home_kitchen_011_3.jpg,ProMax,HOM-PRO-00077,False,True,"ProMax Air Fryer, Home & Kitchen, ProMax, quality",Buy ProMax Air Fryer online. Best price. ProMax trusted brand.
78,Premium Cookware Set Plus,premium-cookware-set-plus-78,Home & Kitchen,High-quality Premium Cookware Set Plus. Perfect for everyday use with premium features.,36.71,45.69,41,products/home_kitchen_012.jpg,products/home_kitchen_012_2.jpg,products/home_kitchen_012_3.jpg,Premium,HOM-PRE-00078,True,False,"Premium Cookware Set Plus, Home & Kitchen, Premium, quality",Buy Premium Cookware Set Plus online. Best price. Premium trusted brand.
79,Premium Blender,premium-blender-79,Home & Kitchen,High-quality Premium Blender. Perfect for everyday use with premium features.,271.24,404.71,1,products/home_kitchen_013.jpg,products/home_kitchen_013_2.jpg,products/home_kitchen_013_3.jpg,Premium,HOM-PRE-00079,True,True,"Premium Blender, Home & Kitchen, Premium, quality",Buy Premium Blender online. Best price. Premium trusted brand.
80,Smart Toaster Standard,smart-toaster-standard-80,Home & Kitchen,High-quality Smart Toaster Standard. Perfect for everyday use with premium features.,367.0,457.14,42,products/home_kitchen_014.jpg,products/home_kitchen_014_2.jpg,products/home_kitchen_014_3.jpg,Smart,HOM-SMA-00080,True,False,"Smart Toaster Standard, Home & Kitchen, Smart, quality",Buy Smart Toaster Standard online. Best price. Smart trusted brand.
81,BrandX Cookware Set Max,brandx-cookware-set-max-81,Home & Kitchen,High-quality BrandX Cookware Set Max. Perfect for everyday use with premium features.,464.74,634.48,45,products/home_kitchen_015.jpg,products/home_kitchen_015_2.jpg,products/home_kitchen_015_3.jpg,BrandX,HOM-BRA-00081,True,False,"BrandX Cookware Set Max, Home & Kitchen, BrandX, quality",Buy BrandX Cookware Set Max online. Best price. BrandX trusted brand.
82,BrandX Bedsheet Premium,brandx-bedsheet-premium-82,Home & Kitchen,High-quality BrandX Bedsheet Premium. Perfect for everyday use with premium features.,202.79,274.6,43,products/home_kitchen_016.jpg,products/home_kitchen_016_2.jpg,products/home_kitchen_016_3.jpg,BrandX,HOM-BRA-00082,True,False,"BrandX Bedsheet Premium, Home & Kitchen, BrandX, quality",Buy BrandX Bedsheet Premium online. Best price. BrandX trusted brand.
83,Ultra Lamp,ultra-lamp-83,Home & Kitchen,High-quality Ultra Lamp. Perfect for everyday use with premium features.,322.33,448.23,62,products/home_kitchen_017.jpg,products/home_kitchen_017_2.jpg,products/home_kitchen_017_3.jpg,Ultra,HOM-ULT-00083,True,False,"Ultra Lamp, Home & Kitchen, Ultra, quality",Buy Ultra Lamp online. Best price. Ultra trusted brand.
84,Elite Blender Plus,elite-blender-plus-84,Home & Kitchen,High-quality Elite Blender Plus. Perfect for everyday use with premium features.,472.73,579.48,81,products/home_kitchen_018.jpg,products/home_kitchen_018_2.jpg,products/home_kitchen_018_3.jpg,Elite,HOM-ELI-00084,True,False,"Elite Blender Plus, Home & Kitchen, Elite, quality",Buy Elite Blender Plus online. Best price. Elite trusted brand.
85,Natural Toaster Pro,natural-toaster-pro-85,Home & Kitchen,High-quality Natural Toaster Pro. Perfect for everyday use with premium features.,334.09,488.21,54,products/home_kitchen_019.jpg,products/home_kitchen_019_2.jpg,products/home_kitchen_019_3.jpg,Natural,HOM-NAT-00085,False,False,"Natural Toaster Pro, Home & Kitchen, Natural, quality",Buy Natural Toaster Pro online. Best price. Natural trusted brand.
86,ProMax Containers,promax-containers-86,Home & Kitchen,High-quality ProMax Containers. Perfect for everyday use with premium features.,219.26,301.68,51,products/home_kitchen_020.jpg,products/home_kitchen_020_2.jpg,products/home_kitchen_020_3.jpg,ProMax,HOM-PRO-00086,False,False,"ProMax Containers, Home & Kitchen, ProMax, quality",Buy ProMax Containers online. Best price. ProMax trusted brand.
87,Smart Bedsheet Lite,smart-bedsheet-lite-87,Home & Kitchen,High-quality Smart Bedsheet Lite. Perfect for everyday use with premium features.,32.39,46.16,43,products/home_kitchen_021.jpg,products/home_kitchen_021_2.jpg,products/home_kitchen_021_3.jpg,Smart,HOM-SMA-00087,True,False,"Smart Bedsheet Lite, Home & Kitchen, Smart, quality",Buy Smart Bedsheet Lite online. Best price. Smart trusted brand.
88,Organic Toaster Pro,organic-toaster-pro-88,Home & Kitchen,High-quality Organic Toaster Pro. Perfect for everyday use with premium features.,102.54,113.15,0,products/home_kitchen_022.jpg,products/home_kitchen_022_2.jpg,products/home_kitchen_022_3.jpg,Organic,HOM-ORG-00088,True,False,"Organic Toaster Pro, Home & Kitchen, Organic, quality",Buy Organic Toaster Pro online. Best price. Organic trusted brand.
89,Premium Air Fryer,premium-air-fryer-89,Home & Kitchen,High-quality Premium Air Fryer. Perfect for everyday use with premium features.,160.2,179.19,34,products/home_kitchen_023.jpg,products/home_kitchen_023_2.jpg,products/home_kitchen_023_3.jpg,Premium,HOM-PRE-00089,True,False,"Premium Air Fryer, Home & Kitchen, Premium, quality",Buy Premium Air Fryer online. Best price. Premium trusted brand.
90,Smart Pillow Lite,smart-pillow-lite-90,Home & Kitchen,High-quality Smart Pillow Lite. Perfect for everyday use with premium features.,38.3,52.69,16,products/home_kitchen_024.jpg,products/home_kitchen_024_2.jpg,products/home_kitchen_024_3.jpg,Smart,HOM-SMA-00090,True,False,"Smart Pillow Lite, Home & Kitchen, Smart, quality",Buy Smart Pillow Lite online. Best price. Smart trusted brand.
91,BrandX Containers Standard,brandx-containers-standard-91,Home & Kitchen,High-quality BrandX Containers Standard. Perfect for everyday use with premium features.,114.26,164.43,39,products/home_kitchen_025.jpg,products/home_kitchen_025_2.jpg,products/home_kitchen_025_3.jpg,BrandX,HOM-BRA-00091,True,False,"BrandX Containers Standard, Home & Kitchen, BrandX, quality",Buy BrandX Containers Standard online. Best price. BrandX trusted brand.
92,Elite Microwave Lite,elite-microwave-lite-92,Home & Kitchen,High-quality Elite Microwave Lite. Perfect for everyday use with premium features.,440.83,572.28,68,products/home_kitchen_026.jpg,products/home_kitchen_026_2.jpg,products/home_kitchen_026_3.jpg,Elite,HOM-ELI-00092,True,False,"Elite Microwave Lite, Home & Kitchen, Elite, quality",Buy Elite Microwave Lite online. Best price. Elite trusted brand.
93,Elite Blender Pro,elite-blender-pro-93,Home & Kitchen,High-quality Elite Blender Pro. Perfect for everyday use with premium features.,261.72,360.79,31,products/home_kitchen_027.jpg,products/home_kitchen_027_2.jpg,products/home_kitchen_027_3.jpg,Elite,HOM-ELI-00093,True,False,"Elite Blender Pro, Home & Kitchen, Elite, quality",Buy Elite Blender Pro online. Best price. Elite trusted brand.
94,Natural Pillow Pro,natural-pillow-pro-94,Home & Kitchen,High-quality Natural Pillow Pro. Perfect for everyday use with premium features.,164.64,246.34,75,products/home_kitchen_028.jpg,products/home_kitchen_028_2.jpg,products/home_kitchen_028_3.jpg,Natural,HOM-NAT-00094,True,False,"Natural Pillow Pro, Home & Kitchen, Natural, quality",Buy Natural Pillow Pro online. Best price. Natural trusted brand.
95,Ultra Air Fryer,ultra-air-fryer-95,Home & Kitchen,High-quality Ultra Air Fryer. Perfect for everyday use with premium features.,199.13,246.87,12,products/home_kitchen_029.jpg,products/home_kitchen_029_2.jpg,products/home_kitchen_029_3.jpg,Ultra,HOM-ULT-00095,False,False,"Ultra Air Fryer, Home & Kitchen, Ultra, quality",Buy Ultra Air Fryer online. Best price. Ultra trusted brand.
96,Smart Containers,smart-containers-96,Home & Kitchen,High-quality Smart Containers. Perfect for everyday use with premium features.,262.17,368.45,85,products/home_kitchen_030.jpg,products/home_kitchen_030_2.jpg,products/home_kitchen_030_3.jpg,Smart,HOM-SMA-00096,True,False,"Smart Containers, Home & Kitchen, Smart, quality",Buy Smart Containers online. Best price. Smart trusted brand.
97,Organic Blender Standard,organic-blender-standard-97,Home & Kitchen,High-quality Organic Blender Standard. Perfect for everyday use with premium features.,469.06,522.08,17,products/home_kitchen_031.jpg,products/home_kitchen_031_2.jpg,products/home_kitchen_031_3.jpg,Organic,HOM-ORG-00097,True,False,"Organic Blender Standard, Home & Kitchen, Organic, quality",Buy Organic Blender Standard online. Best price. Organic trusted brand.
98,Premium Toaster Max,premium-toaster-max-98,Home & Kitchen,High-quality Premium Toaster Max. Perfect for everyday use with premium features.,83.25,93.45,11,products/home_kitchen_032.jpg,products/home_kitchen_032_2.jpg,products/home_kitchen_032_3.jpg,Premium,HOM-PRE-00098,False,False,"Premium Toaster Max, Home & Kitchen, Premium, quality",Buy Premium Toaster Max online. Best price. Premium trusted brand.
99,Premium Curtains,premium-curtains-99,Home & Kitchen,High-quality Premium Curtains. Perfect for everyday use with premium features.,325.96,389.84,68,products/home_kitchen_033.jpg,products/home_kitchen_033_2.jpg,products/home_kitchen_033_3.jpg,Premium,HOM-PRE-00099,False,True,"Premium Curtains, Home & Kitchen, Premium, quality",Buy Premium Curtains online. Best price. Premium trusted brand.
100,Smart Resistance Bands Lite,smart-resistance-bands-lite-100,Sports,High-quality Smart Resistance Bands Lite. Perfect for everyday use with premium features.,317.79,357.64,15,products/sports_001.jpg,products/sports_001_2.jpg,products/sports_001_3.jpg,Smart,SPO-SMA-00100,True,True,"Smart Resistance Bands Lite, Sports, Smart, quality",Buy Smart Resistance Bands Lite online. Best price. Smart trusted brand.
101,Premium Dumbbells,premium-dumbbells-101,Sports,High-quality Premium Dumbbells. Perfect for everyday use with premium features.,432.06,533.07,18,products/sports_002.jpg,products/sports_002_2.jpg,products/sports_002_3.jpg,Premium,SPO-PRE-00101,True,True,"Premium Dumbbells, Sports, Premium, quality",Buy Premium Dumbbells online. Best price. Premium trusted brand.
102,Organic Gym Bag Max,organic-gym-bag-max-102,Sports,High-quality Organic Gym Bag Max. Perfect for everyday use with premium features.,177.41,217.44,41,products/sports_003.jpg,products/sports_003_2.jpg,products/sports_003_3.jpg,Organic,SPO-ORG-00102,True,True,"Organic Gym Bag Max, Sports, Organic, quality",Buy Organic Gym Bag Max online. Best price. Organic trusted brand.
103,Natural Resistance Bands Max,natural-resistance-bands-max-103,Sports,High-quality Natural Resistance Bands Max. Perfect for everyday use with premium features.,149.5,178.23,19,products/sports_004.jpg,products/sports_004_2.jpg,products/sports_004_3.jpg,Natural,SPO-NAT-00103,True,False,"Natural Resistance Bands Max, Sports, Natural, quality",Buy Natural Resistance Bands Max online. Best price. Natural trusted brand.
104,Modern Gym Bag Plus,modern-gym-bag-plus-104,Sports,High-quality Modern Gym Bag Plus. Perfect for everyday use with premium features.,182.9,219.52,88,products/sports_005.jpg,products/sports_005_2.jpg,products/sports_005_3.jpg,Modern,SPO-MOD-00104,False,False,"Modern Gym Bag Plus, Sports, Modern, quality",Buy Modern Gym Bag Plus online. Best price. Modern trusted brand.
105,Classic Dumbbells Max,classic-dumbbells-max-105,Sports,High-quality Classic Dumbbells Max. Perfect for everyday use with premium features.,106.36,147.78,23,products/sports_006.jpg,products/sports_006_2.jpg,products/sports_006_3.jpg,Classic,SPO-CLA-00105,True,False,"Classic Dumbbells Max, Sports, Classic, quality",Buy Classic Dumbbells Max online. Best price. Classic trusted brand.
106,Elite Running Shoes Standard,elite-running-shoes-standard-106,Sports,High-quality Elite Running Shoes Standard. Perfect for everyday use with premium features.,494.96,550.96,100,products/sports_007.jpg,products/sports_007_2.jpg,products/sports_007_3.jpg,Elite,SPO-ELI-00106,False,False,"Elite Running Shoes Standard, Sports, Elite, quality",Buy Elite Running Shoes Standard online. Best price. Elite trusted brand.
107,Natural Dumbbells Pro,natural-dumbbells-pro-107,Sports,High-quality Natural Dumbbells Pro. Perfect for everyday use with premium features.,23.85,28.25,38,products/sports_008.jpg,products/sports_008_2.jpg,products/sports_008_3.jpg,Natural,SPO-NAT-00107,False,False,"Natural Dumbbells Pro, Sports, Natural, quality",Buy Natural Dumbbells Pro online. Best price. Natural trusted brand.
108,Classic Gym Bag Premium,classic-gym-bag-premium-108,Sports,High-quality Classic Gym Bag Premium. Perfect for everyday use with premium features.,392.72,501.49,24,products/sports_009.jpg,products/sports_009_2.jpg,products/sports_009_3.jpg,Classic,SPO-CLA-00108,True,False,"Classic Gym Bag Premium, Sports, Classic, quality",Buy Classic Gym Bag Premium online. Best price. Classic trusted brand.
109,Elite Gym Bag Lite,elite-gym-bag-lite-109,Sports,High-quality Elite Gym Bag Lite. Perfect for everyday use with premium features.,232.07,341.46,41,products/sports_010.jpg,products/sports_010_2.jpg,products/sports_010_3.jpg,Elite,SPO-ELI-00109,True,True,"Elite Gym Bag Lite, Sports, Elite, quality",Buy Elite Gym Bag Lite online. Best price. Elite trusted brand.
110,Ultra Resistance Bands Standard,ultra-resistance-bands-standard-110,Sports,High-quality Ultra Resistance Bands Standard. Perfect for everyday use with premium features.,212.39,250.05,72,products/sports_011.jpg,products/sports_011_2.jpg,products/sports_011_3.jpg,Ultra,SPO-ULT-00110,True,True,"Ultra Resistance Bands Standard, Sports, Ultra, quality",Buy Ultra Resistance Bands Standard online. Best price. Ultra trusted brand.
111,Elite Football Pro,elite-football-pro-111,Sports,High-quality Elite Football Pro. Perfect for everyday use with premium features.,256.18,341.33,100,products/sports_012.jpg,products/sports_012_2.jpg,products/sports_012_3.jpg,Elite,SPO-ELI-00111,True,False,"Elite Football Pro, Sports, Elite, quality",Buy Elite Football Pro online. Best price. Elite trusted brand.
112,Organic Gym Bag Max,organic-gym-bag-max-112,Sports,High-quality Organic Gym Bag Max. Perfect for everyday use with premium features.,389.36,441.17,23,products/sports_013.jpg,products/sports_013_2.jpg,products/sports_013_3.jpg,Organic,SPO-ORG-00112,True,False,"Organic Gym Bag Max, Sports, Organic, quality",Buy Organic Gym Bag Max online. Best price. Organic trusted brand.
113,ProMax Badminton Racket,promax-badminton-racket-113,Sports,High-quality ProMax Badminton Racket. Perfect for everyday use with premium features.,29.92,34.24,48,products/sports_014.jpg,products/sports_014_2.jpg,products/sports_014_3.jpg,ProMax,SPO-PRO-00113,True,False,"ProMax Badminton Racket, Sports, ProMax, quality",Buy ProMax Badminton Racket online. Best price. ProMax trusted brand.
114,Organic Badminton Racket Standard,organic-badminton-racket-standard-114,Sports,High-quality Organic Badminton Racket Standard. Perfect for everyday use with premium features.,218.87,296.66,86,products/sports_015.jpg,products/sports_015_2.jpg,products/sports_015_3.jpg,Organic,SPO-ORG-00114,True,True,"Organic Badminton Racket Standard, Sports, Organic, quality",Buy Organic Badminton Racket Standard online. Best price. Organic trusted brand.
115,Ultra Gym Bag Max,ultra-gym-bag-max-115,Sports,High-quality Ultra Gym Bag Max. Perfect for everyday use with premium features.,198.45,260.97,76,products/sports_016.jpg,products/sports_016_2.jpg,products/sports_016_3.jpg,Ultra,SPO-ULT-00115,True,False,"Ultra Gym Bag Max, Sports, Ultra, quality",Buy Ultra Gym Bag Max online. Best price. Ultra trusted brand.
116,Premium Cricket Bat Pro,premium-cricket-bat-pro-116,Sports,High-quality Premium Cricket Bat Pro. Perfect for everyday use with premium features.,255.79,383.18,27,products/sports_017.jpg,products/sports_017_2.jpg,products/sports_017_3.jpg,Premium,SPO-PRE-00116,True,False,"Premium Cricket Bat Pro, Sports, Premium, quality",Buy Premium Cricket Bat Pro online. Best price. Premium trusted brand.
117,Premium Resistance Bands Standard,premium-resistance-bands-standard-117,Sports,High-quality Premium Resistance Bands Standard. Perfect for everyday use with premium features.,395.06,434.59,78,products/sports_018.jpg,products/sports_018_2.jpg,products/sports_018_3.jpg,Premium,SPO-PRE-00117,True,False,"Premium Resistance Bands Standard, Sports, Premium, quality",Buy Premium Resistance Bands Standard online. Best price. Premium trusted brand.
118,BrandX Yoga Mat Standard,brandx-yoga-mat-standard-118,Sports,High-quality BrandX Yoga Mat Standard. Perfect for everyday use with premium features.,290.87,367.75,28,products/sports_019.jpg,products/sports_019_2.jpg,products/sports_019_3.jpg,BrandX,SPO-BRA-00118,True,False,"BrandX Yoga Mat Standard, Sports, BrandX, quality",Buy BrandX Yoga Mat Standard online. Best price. BrandX trusted brand.
119,BrandX Running Shoes Plus,brandx-running-shoes-plus-119,Sports,High-quality BrandX Running Shoes Plus. Perfect for everyday use with premium features.,182.68,226.61,13,products/sports_020.jpg,products/sports_020_2.jpg,products/sports_020_3.jpg,BrandX,SPO-BRA-00119,True,False,"BrandX Running Shoes Plus, Sports, BrandX, quality",Buy BrandX Running Shoes Plus online. Best price. BrandX trusted brand.
120,Organic Football Max,organic-football-max-120,Sports,High-quality Organic Football Max. Perfect for everyday use with premium features.,150.8,191.58,6,products/sports_021.jpg,products/sports_021_2.jpg,products/sports_021_3.jpg,Organic,SPO-ORG-00120,False,False,"Organic Football Max, Sports, Organic, quality",Buy Organic Football Max online. Best price. Organic trusted brand.
121,Natural Water Bottle Plus,natural-water-bottle-plus-121,Sports,High-quality Natural Water Bottle Plus. Perfect for everyday use with premium features.,117.66,169.11,53,products/sports_022.jpg,products/sports_022_2.jpg,products/sports_022_3.jpg,Natural,SPO-NAT-00121,True,False,"Natural Water Bottle Plus, Sports, Natural, quality",Buy Natural Water Bottle Plus online. Best price. Natural trusted brand.
122,Ultra Water Bottle Standard,ultra-water-bottle-standard-122,Sports,High-quality Ultra Water Bottle Standard. Perfect for everyday use with premium features.,95.74,120.91,17,products/sports_023.jpg,products/sports_023_2.jpg,products/sports_023_3.jpg,Ultra,SPO-ULT-00122,False,True,"Ultra Water Bottle Standard, Sports, Ultra, quality",Buy Ultra Water Bottle Standard online. Best price. Ultra trusted brand.
123,Organic Gym Bag Pro,organic-gym-bag-pro-123,Sports,High-quality Organic Gym Bag Pro. Perfect for everyday use with premium features.,360.32,501.57,43,products/sports_024.jpg,products/sports_024_2.jpg,products/sports_024_3.jpg,Organic,SPO-ORG-00123,True,False,"Organic Gym Bag Pro, Sports, Organic, quality",Buy Organic Gym Bag Pro online. Best price. Organic trusted brand.
124,Elite Badminton Racket Pro,elite-badminton-racket-pro-124,Sports,High-quality Elite Badminton Racket Pro. Perfect for everyday use with premium features.,178.37,219.77,69,products/sports_025.jpg,products/sports_025_2.jpg,products/sports_025_3.jpg,Elite,SPO-ELI-00124,True,True,"Elite Badminton Racket Pro, Sports, Elite, quality",Buy Elite Badminton Racket Pro online. Best price. Elite trusted brand.
125,Organic Resistance Bands Plus,organic-resistance-bands-plus-125,Sports,High-quality Organic Resistance Bands Plus. Perfect for everyday use with premium features.,205.39,264.37,21,products/sports_026.jpg,products/sports_026_2.jpg,products/sports_026_3.jpg,Organic,SPO-ORG-00125,True,True,"Organic Resistance Bands Plus, Sports, Organic, quality",Buy Organic Resistance Bands Plus online. Best price. Organic trusted brand.
126,Organic Gym Bag,organic-gym-bag-126,Sports,High-quality Organic Gym Bag. Perfect for everyday use with premium features.,41.5,56.96,96,products/sports_027.jpg,products/sports_027_2.jpg,products/sports_027_3.jpg,Organic,SPO-ORG-00126,True,True,"Organic Gym Bag, Sports, Organic, quality",Buy Organic Gym Bag online. Best price. Organic trusted brand.
127,ProMax Badminton Racket Pro,promax-badminton-racket-pro-127,Sports,High-quality ProMax Badminton Racket Pro. Perfect for everyday use with premium features.,78.05,88.38,43,products/sports_028.jpg,products/sports_028_2.jpg,products/sports_028_3.jpg,ProMax,SPO-PRO-00127,True,True,"ProMax Badminton Racket Pro, Sports, ProMax, quality",Buy ProMax Badminton Racket Pro online. Best price. ProMax trusted brand.
128,Natural Cricket Bat Plus,natural-cricket-bat-plus-128,Sports,High-quality Natural Cricket Bat Plus. Perfect for everyday use with premium features.,116.72,161.25,35,products/sports_029.jpg,products/sports_029_2.jpg,products/sports_029_3.jpg,Natural,SPO-NAT-00128,True,False,"Natural Cricket Bat Plus, Sports, Natural, quality",Buy Natural Cricket Bat Plus online. Best price. Natural trusted brand.
129,Natural Bicycle,natural-bicycle-129,Sports,High-quality Natural Bicycle. Perfect for everyday use with premium features.,447.16,657.15,52,products/sports_030.jpg,products/sports_030_2.jpg,products/sports_030_3.jpg,Natural,SPO-NAT-00129,True,False,"Natural Bicycle, Sports, Natural, quality",Buy Natural Bicycle online. Best price. Natural trusted brand.
130,ProMax Yoga Mat Plus,promax-yoga-mat-plus-130,Sports,High-quality ProMax Yoga Mat Plus. Perfect for everyday use with premium features.,465.96,637.49,2,products/sports_031.jpg,products/sports_031_2.jpg,products/sports_031_3.jpg,ProMax,SPO-PRO-00130,False,False,"ProMax Yoga Mat Plus, Sports, ProMax, quality",Buy ProMax Yoga Mat Plus online. Best price. ProMax trusted brand.
131,BrandX Water Bottle Pro,brandx-water-bottle-pro-131,Sports,High-quality BrandX Water Bottle Pro. Perfect for everyday use with premium features.,456.34,679.15,52,products/sports_032.jpg,products/sports_032_2.jpg,products/sports_032_3.jpg,BrandX,SPO-BRA-00131,True,False,"BrandX Water Bottle Pro, Sports, BrandX, quality",Buy BrandX Water Bottle Pro online. Best price. BrandX trusted brand.
132,ProMax Dumbbells Plus,promax-dumbbells-plus-132,Sports,High-quality ProMax Dumbbells Plus. Perfect for everyday use with premium features.,75.13,89.84,37,products/sports_033.jpg,products/sports_033_2.jpg,products/sports_033_3.jpg,ProMax,SPO-PRO-00132,True,False,"ProMax Dumbbells Plus, Sports, ProMax, quality",Buy ProMax Dumbbells Plus online. Best price. ProMax trusted brand.
133,Classic Biography Plus,classic-biography-plus-133,Books,High-quality Classic Biography Plus. Perfect for everyday use with premium features.,219.66,248.64,79,products/books_001.jpg,products/books_001_2.jpg,products/books_001_3.jpg,Classic,BOO-CLA-00133,True,False,"Classic Biography Plus, Books, Classic, quality",Buy Classic Biography Plus online. Best price. Classic trusted brand.
134,Organic Programming Guide Max,organic-programming-guide-max-134,Books,High-quality Organic Programming Guide Max. Perfect for everyday use with premium features.,267.87,372.72,92,products/books_002.jpg,products/books_002_2.jpg,products/books_002_3.jpg,Organic,BOO-ORG-00134,True,True,"Organic Programming Guide Max, Books, Organic, quality",Buy Organic Programming Guide Max online. Best price. Organic trusted brand.
135,Smart Art Book Premium,smart-art-book-premium-135,Books,High-quality Smart Art Book Premium. Perfect for everyday use with premium features.,300.14,365.79,91,products/books_003.jpg,products/books_003_2.jpg,products/books_003_3.jpg,Smart,BOO-SMA-00135,True,False,"Smart Art Book Premium, Books, Smart, quality",Buy Smart Art Book Premium online. Best price. Smart trusted brand.
136,BrandX Romance Novel Pro,brandx-romance-novel-pro-136,Books,High-quality BrandX Romance Novel Pro. Perfect for everyday use with premium features.,238.16,323.18,72,products/books_004.jpg,products/books_004_2.jpg,products/books_004_3.jpg,BrandX,BOO-BRA-00136,True,False,"BrandX Romance Novel Pro, Books, BrandX, quality",Buy BrandX Romance Novel Pro online. Best price. BrandX trusted brand.
137,Ultra Cookbook Premium,ultra-cookbook-premium-137,Books,High-quality Ultra Cookbook Premium. Perfect for everyday use with premium features.,479.03,690.09,41,products/books_005.jpg,products/books_005_2.jpg,products/books_005_3.jpg,Ultra,BOO-ULT-00137,True,True,"Ultra Cookbook Premium, Books, Ultra, quality",Buy Ultra Cookbook Premium online. Best price. Ultra trusted brand.
138,Ultra Science Fiction Max,ultra-science-fiction-max-138,Books,High-quality Ultra Science Fiction Max. Perfect for everyday use with premium features.,390.93,567.43,76,products/books_006.jpg,products/books_006_2.jpg,products/books_006_3.jpg,Ultra,BOO-ULT-00138,True,True,"Ultra Science Fiction Max, Books, Ultra, quality",Buy Ultra Science Fiction Max online. Best price. Ultra trusted brand.
139,Classic Programming Guide Premium,classic-programming-guide-premium-139,Books,High-quality Classic Programming Guide Premium. Perfect for everyday use with premium features.,121.1,176.37,69,products/books_007.jpg,products/books_007_2.jpg,products/books_007_3.jpg,Classic,BOO-CLA-00139,True,False,"Classic Programming Guide Premium, Books, Classic, quality",Buy Classic Programming Guide Premium online. Best price. Classic trusted brand.
140,Classic Science Fiction Pro,classic-science-fiction-pro-140,Books,High-quality Classic Science Fiction Pro. Perfect for everyday use with premium features.,90.51,132.1,52,products/books_008.jpg,products/books_008_2.jpg,products/books_008_3.jpg,Classic,BOO-CLA-00140,True,True,"Classic Science Fiction Pro, Books, Classic, quality",Buy Classic Science Fiction Pro online. Best price. Classic trusted brand.
141,Ultra Biography Plus,ultra-biography-plus-141,Books,High-quality Ultra Biography Plus. Perfect for everyday use with premium features.,143.97,194.78,89,products/books_009.jpg,products/books_009_2.jpg,products/books_009_3.jpg,Ultra,BOO-ULT-00141,True,False,"Ultra Biography Plus, Books, Ultra, quality",Buy Ultra Biography Plus online. Best price. Ultra trusted brand.
142,BrandX Fiction Novel Plus,brandx-fiction-novel-plus-142,Books,High-quality BrandX Fiction Novel Plus. Perfect for everyday use with premium features.,157.57,227.99,57,products/books_010.jpg,products/books_010_2.jpg,products/books_010_3.jpg,BrandX,BOO-BRA-00142,True,False,"BrandX Fiction Novel Plus, Books, BrandX, quality",Buy BrandX Fiction Novel Plus online. Best price. BrandX trusted brand.
143,Modern Self-Help Book Plus,modern-self-help-book-plus-143,Books,High-quality Modern Self-Help Book Plus. Perfect for everyday use with premium features.,262.21,333.35,55,products/books_011.jpg,products/books_011_2.jpg,products/books_011_3.jpg,Modern,BOO-MOD-00143,True,True,"Modern Self-Help Book Plus, Books, Modern, quality",Buy Modern Self-Help Book Plus online. Best price. Modern trusted brand.
144,Premium Romance Novel,premium-romance-novel-144,Books,High-quality Premium Romance Novel. Perfect for everyday use with premium features.,70.41,89.38,41,products/books_012.jpg,products/books_012_2.jpg,products/books_012_3.jpg,Premium,BOO-PRE-00144,True,False,"Premium Romance Novel, Books, Premium, quality",Buy Premium Romance Novel online. Best price. Premium trusted brand.
145,ProMax Programming Guide Standard,promax-programming-guide-standard-145,Books,High-quality ProMax Programming Guide Standard. Perfect for everyday use with premium features.,242.36,360.95,70,products/books_013.jpg,products/books_013_2.jpg,products/books_013_3.jpg,ProMax,BOO-PRO-00145,False,True,"ProMax Programming Guide Standard, Books, ProMax, quality",Buy ProMax Programming Guide Standard online. Best price. ProMax trusted brand.
146,Classic History Book Max,classic-history-book-max-146,Books,High-quality Classic History Book Max. Perfect for everyday use with premium features.,282.45,370.18,11,products/books_014.jpg,products/books_014_2.jpg,products/books_014_3.jpg,Classic,BOO-CLA-00146,False,False,"Classic History Book Max, Books, Classic, quality",Buy Classic History Book Max online. Best price. Classic trusted brand.
147,ProMax Programming Guide Lite,promax-programming-guide-lite-147,Books,High-quality ProMax Programming Guide Lite. Perfect for everyday use with premium features.,103.61,121.95,95,products/books_015.jpg,products/books_015_2.jpg,products/books_015_3.jpg,ProMax,BOO-PRO-00147,True,False,"ProMax Programming Guide Lite, Books, ProMax, quality",Buy ProMax Programming Guide Lite online. Best price. ProMax trusted brand.
148,Natural Fiction Novel Premium,natural-fiction-novel-premium-148,Books,High-quality Natural Fiction Novel Premium. Perfect for everyday use with premium features.,173.07,248.68,20,products/books_016.jpg,products/books_016_2.jpg,products/books_016_3.jpg,Natural,BOO-NAT-00148,False,False,"Natural Fiction Novel Premium, Books, Natural, quality",Buy Natural Fiction Novel Premium online. Best price. Natural trusted brand.
149,ProMax Cookbook Max,promax-cookbook-max-149,Books,High-quality ProMax Cookbook Max. Perfect for everyday use with premium features.,60.97,69.52,91,products/books_017.jpg,products/books_017_2.jpg,products/books_017_3.jpg,ProMax,BOO-PRO-00149,False,False,"ProMax Cookbook Max, Books, ProMax, quality",Buy ProMax Cookbook Max online. Best price. ProMax trusted brand.
150,Natural Romance Novel Plus,natural-romance-novel-plus-150,Books,High-quality Natural Romance Novel Plus. Perfect for everyday use with premium features.,228.79,302.25,89,products/books_018.jpg,products/books_018_2.jpg,products/books_018_3.jpg,Natural,BOO-NAT-00150,True,False,"Natural Romance Novel Plus, Books, Natural, quality",Buy Natural Romance Novel Plus online. Best price. Natural trusted brand.
151,Classic Science Fiction,classic-science-fiction-151,Books,High-quality Classic Science Fiction. Perfect for everyday use with premium features.,247.76,300.48,71,products/books_019.jpg,products/books_019_2.jpg,products/books_019_3.jpg,Classic,BOO-CLA-00151,True,False,"Classic Science Fiction, Books, Classic, quality",Buy Classic Science Fiction online. Best price. Classic trusted brand.
152,Smart Programming Guide Lite,smart-programming-guide-lite-152,Books,High-quality Smart Programming Guide Lite. Perfect for everyday use with premium features.,242.34,310.79,3,products/books_020.jpg,products/books_020_2.jpg,products/books_020_3.jpg,Smart,BOO-SMA-00152,True,True,"Smart Programming Guide Lite, Books, Smart, quality",Buy Smart Programming Guide Lite online. Best price. Smart trusted brand.
153,Organic Science Fiction Pro,organic-science-fiction-pro-153,Books,High-quality Organic Science Fiction Pro. Perfect for everyday use with premium features.,160.28,213.15,77,products/books_021.jpg,products/books_021_2.jpg,products/books_021_3.jpg,Organic,BOO-ORG-00153,True,False,"Organic Science Fiction Pro, Books, Organic, quality",Buy Organic Science Fiction Pro online. Best price. Organic trusted brand.
154,Smart Science Fiction Pro,smart-science-fiction-pro-154,Books,High-quality Smart Science Fiction Pro. Perfect for everyday use with premium features.,298.62,374.86,43,products/books_022.jpg,products/books_022_2.jpg,products/books_022_3.jpg,Smart,BOO-SMA-00154,False,False,"Smart Science Fiction Pro, Books, Smart, quality",Buy Smart Science Fiction Pro online. Best price. Smart trusted brand.
155,Elite Cookbook Lite,elite-cookbook-lite-155,Books,High-quality Elite Cookbook Lite. Perfect for everyday use with premium features.,426.87,628.34,17,products/books_023.jpg,products/books_023_2.jpg,products/books_023_3.jpg,Elite,BOO-ELI-00155,False,False,"Elite Cookbook Lite, Books, Elite, quality",Buy Elite Cookbook Lite online. Best price. Elite trusted brand.
156,Natural History Book Premium,natural-history-book-premium-156,Books,High-quality Natural History Book Premium. Perfect for everyday use with premium features.,30.28,37.54,3,products/books_024.jpg,products/books_024_2.jpg,products/books_024_3.jpg,Natural,BOO-NAT-00156,True,False,"Natural History Book Premium, Books, Natural, quality",Buy Natural History Book Premium online. Best price. Natural trusted brand.
157,Elite Art Book Plus,elite-art-book-plus-157,Books,High-quality Elite Art Book Plus. Perfect for everyday use with premium features.,362.3,444.0,72,products/books_025.jpg,products/books_025_2.jpg,products/books_025_3.jpg,Elite,BOO-ELI-00157,True,False,"Elite Art Book Plus, Books, Elite, quality",Buy Elite Art Book Plus online. Best price. Elite trusted brand.
158,Natural Self-Help Book,natural-self-help-book-158,Books,High-quality Natural Self-Help Book. Perfect for everyday use with premium features.,149.89,180.91,55,products/books_026.jpg,products/books_026_2.jpg,products/books_026_3.jpg,Natural,BOO-NAT-00158,True,False,"Natural Self-Help Book, Books, Natural, quality",Buy Natural Self-Help Book online. Best price. Natural trusted brand.
159,Ultra Self-Help Book Plus,ultra-self-help-book-plus-159,Books,High-quality Ultra Self-Help Book Plus. Perfect for everyday use with premium features.,414.93,465.64,31,products/books_027.jpg,products/books_027_2.jpg,products/books_027_3.jpg,Ultra,BOO-ULT-00159,True,False,"Ultra Self-Help Book Plus, Books, Ultra, quality",Buy Ultra Self-Help Book Plus online. Best price. Ultra trusted brand.
160,Elite Biography,elite-biography-160,Books,High-quality Elite Biography. Perfect for everyday use with premium features.,441.56,611.38,0,products/books_028.jpg,products/books_028_2.jpg,products/books_028_3.jpg,Elite,BOO-ELI-00160,True,False,"Elite Biography, Books, Elite, quality",Buy Elite Biography online. Best price. Elite trusted brand.
161,Elite History Book Plus,elite-history-book-plus-161,Books,High-quality Elite History Book Plus. Perfect for everyday use with premium features.,474.42,558.8,13,products/books_029.jpg,products/books_029_2.jpg,products/books_029_3.jpg,Elite,BOO-ELI-00161,True,True,"Elite History Book Plus, Books, Elite, quality",Buy Elite History Book Plus online. Best price. Elite trusted brand.
162,Organic Cookbook Plus,organic-cookbook-plus-162,Books,High-quality Organic Cookbook Plus. Perfect for everyday use with premium features.,383.44,535.47,84,products/books_030.jpg,products/books_030_2.jpg,products/books_030_3.jpg,Organic,BOO-ORG-00162,True,False,"Organic Cookbook Plus, Books, Organic, quality",Buy Organic Cookbook Plus online. Best price. Organic trusted brand.
163,Natural Fiction Novel Premium,natural-fiction-novel-premium-163,Books,High-quality Natural Fiction Novel Premium. Perfect for everyday use with premium features.,115.81,139.47,68,products/books_031.jpg,products/books_031_2.jpg,products/books_031_3.jpg,Natural,BOO-NAT-00163,True,False,"Natural Fiction Novel Premium, Books, Natural, quality",Buy Natural Fiction Novel Premium online. Best price. Natural trusted brand.
164,Ultra Fiction Novel Pro,ultra-fiction-novel-pro-164,Books,High-quality Ultra Fiction Novel Pro. Perfect for everyday use with premium features.,178.22,251.28,84,products/books_032.jpg,products/books_032_2.jpg,products/books_032_3.jpg,Ultra,BOO-ULT-00164,True,False,"Ultra Fiction Novel Pro, Books, Ultra, quality",Buy Ultra Fiction Novel Pro online. Best price. Ultra trusted brand.
165,Organic Self-Help Book Max,organic-self-help-book-max-165,Books,High-quality Organic Self-Help Book Max. Perfect for everyday use with premium features.,397.41,529.32,80,products/books_033.jpg,products/books_033_2.jpg,products/books_033_3.jpg,Organic,BOO-ORG-00165,True,False,"Organic Self-Help Book Max, Books, Organic, quality",Buy Organic Self-Help Book Max online. Best price. Organic trusted brand.
166,Organic Card Game Max,organic-card-game-max-166,Toys,High-quality Organic Card Game Max. Perfect for everyday use with premium features.,166.96,192.25,11,products/toys_001.jpg,products/toys_001_2.jpg,products/toys_001_3.jpg,Organic,TOY-ORG-00166,True,True,"Organic Card Game Max, Toys, Organic, quality",Buy Organic Card Game Max online. Best price. Organic trusted brand.
167,Natural LEGO Set Standard,natural-lego-set-standard-167,Toys,High-quality Natural LEGO Set Standard. Perfect for everyday use with premium features.,375.95,488.57,33,products/toys_002.jpg,products/toys_002_2.jpg,products/toys_002_3.jpg,Natural,TOY-NAT-00167,True,False,"Natural LEGO Set Standard, Toys, Natural, quality",Buy Natural LEGO Set Standard online. Best price. Natural trusted brand.
168,Organic Card Game Pro,organic-card-game-pro-168,Toys,High-quality Organic Card Game Pro. Perfect for everyday use with premium features.,180.53,207.02,46,products/toys_003.jpg,products/toys_003_2.jpg,products/toys_003_3.jpg,Organic,TOY-ORG-00168,True,False,"Organic Card Game Pro, Toys, Organic, quality",Buy Organic Card Game Pro online. Best price. Organic trusted brand.
169,Organic Board Game Premium,organic-board-game-premium-169,Toys,High-quality Organic Board Game Premium. Perfect for everyday use with premium features.,16.07,19.77,93,products/toys_004.jpg,products/toys_004_2.jpg,products/toys_004_3.jpg,Organic,TOY-ORG-00169,True,True,"Organic Board Game Premium, Toys, Organic, quality",Buy Organic Board Game Premium online. Best price. Organic trusted brand.
170,Organic Card Game Standard,organic-card-game-standard-170,Toys,High-quality Organic Card Game Standard. Perfect for everyday use with premium features.,277.98,316.03,40,products/toys_005.jpg,products/toys_005_2.jpg,products/toys_005_3.jpg,Organic,TOY-ORG-00170,False,True,"Organic Card Game Standard, Toys, Organic, quality",Buy Organic Card Game Standard online. Best price. Organic trusted brand.
171,Modern Robot Standard,modern-robot-standard-171,Toys,High-quality Modern Robot Standard. Perfect for everyday use with premium features.,384.17,534.03,25,products/toys_006.jpg,products/toys_006_2.jpg,products/toys_006_3.jpg,Modern,TOY-MOD-00171,True,False,"Modern Robot Standard, Toys, Modern, quality",Buy Modern Robot Standard online. Best price. Modern trusted brand.
172,Classic RC Car Premium,classic-rc-car-premium-172,Toys,High-quality Classic RC Car Premium. Perfect for everyday use with premium features.,317.04,459.73,61,products/toys_007.jpg,products/toys_007_2.jpg,products/toys_007_3.jpg,Classic,TOY-CLA-00172,False,True,"Classic RC Car Premium, Toys, Classic, quality",Buy Classic RC Car Premium online. Best price. Classic trusted brand.
173,Elite Robot Plus,elite-robot-plus-173,Toys,High-quality Elite Robot Plus. Perfect for everyday use with premium features.,362.64,447.85,8,products/toys_008.jpg,products/toys_008_2.jpg,products/toys_008_3.jpg,Elite,TOY-ELI-00173,True,True,"Elite Robot Plus, Toys, Elite, quality",Buy Elite Robot Plus online. Best price. Elite trusted brand.
174,Ultra Card Game Standard,ultra-card-game-standard-174,Toys,High-quality Ultra Card Game Standard. Perfect for everyday use with premium features.,49.89,69.09,74,products/toys_009.jpg,products/toys_009_2.jpg,products/toys_009_3.jpg,Ultra,TOY-ULT-00174,True,False,"Ultra Card Game Standard, Toys, Ultra, quality",Buy Ultra Card Game Standard online. Best price. Ultra trusted brand.
175,ProMax LEGO Set Standard,promax-lego-set-standard-175,Toys,High-quality ProMax LEGO Set Standard. Perfect for everyday use with premium features.,452.96,594.04,42,products/toys_010.jpg,products/toys_010_2.jpg,products/toys_010_3.jpg,ProMax,TOY-PRO-00175,True,False,"ProMax LEGO Set Standard, Toys, ProMax, quality",Buy ProMax LEGO Set Standard online. Best price. ProMax trusted brand.
176,Smart Card Game Pro,smart-card-game-pro-176,Toys,High-quality Smart Card Game Pro. Perfect for everyday use with premium features.,252.69,378.25,29,products/toys_011.jpg,products/toys_011_2.jpg,products/toys_011_3.jpg,Smart,TOY-SMA-00176,True,True,"Smart Card Game Pro, Toys, Smart, quality",Buy Smart Card Game Pro online. Best price. Smart trusted brand.
177,ProMax Puzzle Standard,promax-puzzle-standard-177,Toys,High-quality ProMax Puzzle Standard. Perfect for everyday use with premium features.,498.23,587.74,94,products/toys_012.jpg,products/toys_012_2.jpg,products/toys_012_3.jpg,ProMax,TOY-PRO-00177,True,False,"ProMax Puzzle Standard, Toys, ProMax, quality",Buy ProMax Puzzle Standard online. Best price. ProMax trusted brand.
178,Premium Board Game Standard,premium-board-game-standard-178,Toys,High-quality Premium Board Game Standard. Perfect for everyday use with premium features.,345.69,408.28,33,products/toys_013.jpg,products/toys_013_2.jpg,products/toys_013_3.jpg,Premium,TOY-PRE-00178,True,False,"Premium Board Game Standard, Toys, Premium, quality",Buy Premium Board Game Standard online. Best price. Premium trusted brand.
179,Elite RC Car Premium,elite-rc-car-premium-179,Toys,High-quality Elite RC Car Premium. Perfect for everyday use with premium features.,57.93,82.63,30,products/toys_014.jpg,products/toys_014_2.jpg,products/toys_014_3.jpg,Elite,TOY-ELI-00179,True,True,"Elite RC Car Premium, Toys, Elite, quality",Buy Elite RC Car Premium online. Best price. Elite trusted brand.
180,Natural Doll Standard,natural-doll-standard-180,Toys,High-quality Natural Doll Standard. Perfect for everyday use with premium features.,22.35,25.35,52,products/toys_015.jpg,products/toys_015_2.jpg,products/toys_015_3.jpg,Natural,TOY-NAT-00180,False,False,"Natural Doll Standard, Toys, Natural, quality",Buy Natural Doll Standard online. Best price. Natural trusted brand.
181,BrandX Doll Max,brandx-doll-max-181,Toys,High-quality BrandX Doll Max. Perfect for everyday use with premium features.,24.49,35.22,6,products/toys_016.jpg,products/toys_016_2.jpg,products/toys_016_3.jpg,BrandX,TOY-BRA-00181,True,False,"BrandX Doll Max, Toys, BrandX, quality",Buy BrandX Doll Max online. Best price. BrandX trusted brand.
182,Natural RC Car Premium,natural-rc-car-premium-182,Toys,High-quality Natural RC Car Premium. Perfect for everyday use with premium features.,408.77,554.36,13,products/toys_017.jpg,products/toys_017_2.jpg,products/toys_017_3.jpg,Natural,TOY-NAT-00182,True,False,"Natural RC Car Premium, Toys, Natural, quality",Buy Natural RC Car Premium online. Best price. Natural trusted brand.
183,Smart Doll,smart-doll-183,Toys,High-quality Smart Doll. Perfect for everyday use with premium features.,320.86,364.1,64,products/toys_018.jpg,products/toys_018_2.jpg,products/toys_018_3.jpg,Smart,TOY-SMA-00183,True,False,"Smart Doll, Toys, Smart, quality",Buy Smart Doll online. Best price. Smart trusted brand.
184,Organic RC Car Pro,organic-rc-car-pro-184,Toys,High-quality Organic RC Car Pro. Perfect for everyday use with premium features.,442.4,548.04,29,products/toys_019.jpg,products/toys_019_2.jpg,products/toys_019_3.jpg,Organic,TOY-ORG-00184,True,True,"Organic RC Car Pro, Toys, Organic, quality",Buy Organic RC Car Pro online. Best price. Organic trusted brand.
185,BrandX Robot Plus,brandx-robot-plus-185,Toys,High-quality BrandX Robot Plus. Perfect for everyday use with premium features.,325.13,403.89,24,products/toys_020.jpg,products/toys_020_2.jpg,products/toys_020_3.jpg,BrandX,TOY-BRA-00185,True,False,"BrandX Robot Plus, Toys, BrandX, quality",Buy BrandX Robot Plus online. Best price. BrandX trusted brand.
186,Organic RC Car Lite,organic-rc-car-lite-186,Toys,High-quality Organic RC Car Lite. Perfect for everyday use with premium features.,109.1,135.33,26,products/toys_021.jpg,products/toys_021_2.jpg,products/toys_021_3.jpg,Organic,TOY-ORG-00186,True,True,"Organic RC Car Lite, Toys, Organic, quality",Buy Organic RC Car Lite online. Best price. Organic trusted brand.
187,Natural Action Figure Plus,natural-action-figure-plus-187,Toys,High-quality Natural Action Figure Plus. Perfect for everyday use with premium features.,172.96,213.27,69,products/toys_022.jpg,products/toys_022_2.jpg,products/toys_022_3.jpg,Natural,TOY-NAT-00187,True,False,"Natural Action Figure Plus, Toys, Natural, quality",Buy Natural Action Figure Plus online. Best price. Natural trusted brand.
188,Elite Robot,elite-robot-188,Toys,High-quality Elite Robot. Perfect for everyday use with premium features.,314.82,468.98,26,products/toys_023.jpg,products/toys_023_2.jpg,products/toys_023_3.jpg,Elite,TOY-ELI-00188,False,False,"Elite Robot, Toys, Elite, quality",Buy Elite Robot online. Best price. Elite trusted brand.
189,Elite Robot,elite-robot-189,Toys,High-quality Elite Robot. Perfect for everyday use with premium features.,133.43,196.88,71,products/toys_024.jpg,products/toys_024_2.jpg,products/toys_024_3.jpg,Elite,TOY-ELI-00189,True,False,"Elite Robot, Toys, Elite, quality",Buy Elite Robot online. Best price. Elite trusted brand.
190,Smart Card Game Pro,smart-card-game-pro-190,Toys,High-quality Smart Card Game Pro. Perfect for everyday use with premium features.,267.22,355.29,17,products/toys_025.jpg,products/toys_025_2.jpg,products/toys_025_3.jpg,Smart,TOY-SMA-00190,False,False,"Smart Card Game Pro, Toys, Smart, quality",Buy Smart Card Game Pro online. Best price. Smart trusted brand.
191,Elite LEGO Set Premium,elite-lego-set-premium-191,Toys,High-quality Elite LEGO Set Premium. Perfect for everyday use with premium features.,165.11,184.33,57,products/toys_026.jpg,products/toys_026_2.jpg,products/toys_026_3.jpg,Elite,TOY-ELI-00191,True,False,"Elite LEGO Set Premium, Toys, Elite, quality",Buy Elite LEGO Set Premium online. Best price. Elite trusted brand.
192,Ultra LEGO Set Pro,ultra-lego-set-pro-192,Toys,High-quality Ultra LEGO Set Pro. Perfect for everyday use with premium features.,382.54,500.27,9,products/toys_027.jpg,products/toys_027_2.jpg,products/toys_027_3.jpg,Ultra,TOY-ULT-00192,True,False,"Ultra LEGO Set Pro, Toys, Ultra, quality",Buy Ultra LEGO Set Pro online. Best price. Ultra trusted brand.
193,Natural Drone Max,natural-drone-max-193,Toys,High-quality Natural Drone Max. Perfect for everyday use with premium features.,63.72,79.83,78,products/toys_028.jpg,products/toys_028_2.jpg,products/toys_028_3.jpg,Natural,TOY-NAT-00193,True,False,"Natural Drone Max, Toys, Natural, quality",Buy Natural Drone Max online. Best price. Natural trusted brand.
194,Ultra Robot Premium,ultra-robot-premium-194,Toys,High-quality Ultra Robot Premium. Perfect for everyday use with premium features.,246.95,349.53,77,products/toys_029.jpg,products/toys_029_2.jpg,products/toys_029_3.jpg,Ultra,TOY-ULT-00194,True,False,"Ultra Robot Premium, Toys, Ultra, quality",Buy Ultra Robot Premium online. Best price. Ultra trusted brand.
195,BrandX Board Game Max,brandx-board-game-max-195,Toys,High-quality BrandX Board Game Max. Perfect for everyday use with premium features.,429.0,626.76,59,products/toys_030.jpg,products/toys_030_2.jpg,products/toys_030_3.jpg,BrandX,TOY-BRA-00195,True,True,"BrandX Board Game Max, Toys, BrandX, quality",Buy BrandX Board Game Max online. Best price. BrandX trusted brand.
196,BrandX Board Game Standard,brandx-board-game-standard-196,Toys,High-quality BrandX Board Game Standard. Perfect for everyday use with premium features.,49.85,66.14,46,products/toys_031.jpg,products/toys_031_2.jpg,products/toys_031_3.jpg,BrandX,TOY-BRA-00196,True,True,"BrandX Board Game Standard, Toys, BrandX, quality",Buy BrandX Board Game Standard online. Best price. BrandX trusted brand.
197,Elite Building Blocks Premium,elite-building-blocks-premium-197,Toys,High-quality Elite Building Blocks Premium. Perfect for everyday use with premium features.,494.57,654.88,37,products/toys_032.jpg,products/toys_032_2.jpg,products/toys_032_3.jpg,Elite,TOY-ELI-00197,True,False,"Elite Building Blocks Premium, Toys, Elite, quality",Buy Elite Building Blocks Premium online. Best price. Elite trusted brand.
198,Modern Card Game Plus,modern-card-game-plus-198,Toys,High-quality Modern Card Game Plus. Perfect for everyday use with premium features.,194.35,282.67,36,products/toys_033.jpg,products/toys_033_2.jpg,products/toys_033_3.jpg,Modern,TOY-MOD-00198,True,False,"Modern Card Game Plus, Toys, Modern, quality",Buy Modern Card Game Plus online. Best price. Modern trusted brand.
199,ProMax Lipstick Pro,promax-lipstick-pro-199,Beauty,High-quality ProMax Lipstick Pro. Perfect for everyday use with premium features.,404.7,577.65,92,products/beauty_001.jpg,products/beauty_001_2.jpg,products/beauty_001_3.jpg,ProMax,BEA-PRO-00199,True,True,"ProMax Lipstick Pro, Beauty, ProMax, quality",Buy ProMax Lipstick Pro online. Best price. ProMax trusted brand.
200,Ultra Conditioner,ultra-conditioner-200,Beauty,High-quality Ultra Conditioner. Perfect for everyday use with premium features.,357.88,419.15,62,products/beauty_002.jpg,products/beauty_002_2.jpg,products/beauty_002_3.jpg,Ultra,BEA-ULT-00200,True,False,"Ultra Conditioner, Beauty, Ultra, quality",Buy Ultra Conditioner online. Best price. Ultra trusted brand.
201,Ultra Face Mask,ultra-face-mask-201,Beauty,High-quality Ultra Face Mask. Perfect for everyday use with premium features.,306.17,455.14,8,products/beauty_003.jpg,products/beauty_003_2.jpg,products/beauty_003_3.jpg,Ultra,BEA-ULT-00201,True,True,"Ultra Face Mask, Beauty, Ultra, quality",Buy Ultra Face Mask online. Best price. Ultra trusted brand.
202,Modern Shampoo Max,modern-shampoo-max-202,Beauty,High-quality Modern Shampoo Max. Perfect for everyday use with premium features.,107.64,154.31,2,products/beauty_004.jpg,products/beauty_004_2.jpg,products/beauty_004_3.jpg,Modern,BEA-MOD-00202,True,False,"Modern Shampoo Max, Beauty, Modern, quality",Buy Modern Shampoo Max online. Best price. Modern trusted brand.
203,Classic Serum Pro,classic-serum-pro-203,Beauty,High-quality Classic Serum Pro. Perfect for everyday use with premium features.,294.74,329.95,65,products/beauty_005.jpg,products/beauty_005_2.jpg,products/beauty_005_3.jpg,Classic,BEA-CLA-00203,True,False,"Classic Serum Pro, Beauty, Classic, quality",Buy Classic Serum Pro online. Best price. Classic trusted brand.
204,Natural Sunscreen Lite,natural-sunscreen-lite-204,Beauty,High-quality Natural Sunscreen Lite. Perfect for everyday use with premium features.,412.48,522.32,7,products/beauty_006.jpg,products/beauty_006_2.jpg,products/beauty_006_3.jpg,Natural,BEA-NAT-00204,False,False,"Natural Sunscreen Lite, Beauty, Natural, quality",Buy Natural Sunscreen Lite online. Best price. Natural trusted brand.
205,Organic Lipstick Standard,organic-lipstick-standard-205,Beauty,High-quality Organic Lipstick Standard. Perfect for everyday use with premium features.,15.59,19.32,17,products/beauty_007.jpg,products/beauty_007_2.jpg,products/beauty_007_3.jpg,Organic,BEA-ORG-00205,True,False,"Organic Lipstick Standard, Beauty, Organic, quality",Buy Organic Lipstick Standard online. Best price. Organic trusted brand.
206,Natural Face Mask Premium,natural-face-mask-premium-206,Beauty,High-quality Natural Face Mask Premium. Perfect for everyday use with premium features.,361.99,454.93,86,products/beauty_008.jpg,products/beauty_008_2.jpg,products/beauty_008_3.jpg,Natural,BEA-NAT-00206,True,False,"Natural Face Mask Premium, Beauty, Natural, quality",Buy Natural Face Mask Premium online. Best price. Natural trusted brand.
207,Classic Shampoo Standard,classic-shampoo-standard-207,Beauty,High-quality Classic Shampoo Standard. Perfect for everyday use with premium features.,270.43,311.48,5,products/beauty_009.jpg,products/beauty_009_2.jpg,products/beauty_009_3.jpg,Classic,BEA-CLA-00207,True,False,"Classic Shampoo Standard, Beauty, Classic, quality",Buy Classic Shampoo Standard online. Best price. Classic trusted brand.
208,Modern Foundation Standard,modern-foundation-standard-208,Beauty,High-quality Modern Foundation Standard. Perfect for everyday use with premium features.,385.55,427.38,41,products/beauty_010.jpg,products/beauty_010_2.jpg,products/beauty_010_3.jpg,Modern,BEA-MOD-00208,True,True,"Modern Foundation Standard, Beauty, Modern, quality",Buy Modern Foundation Standard online. Best price. Modern trusted brand.
209,Smart Conditioner Standard,smart-conditioner-standard-209,Beauty,High-quality Smart Conditioner Standard. Perfect for everyday use with premium features.,263.18,345.52,78,products/beauty_011.jpg,products/beauty_011_2.jpg,products/beauty_011_3.jpg,Smart,BEA-SMA-00209,True,True,"Smart Conditioner Standard, Beauty, Smart, quality",Buy Smart Conditioner Standard online. Best price. Smart trusted brand.
210,Classic Foundation Plus,classic-foundation-plus-210,Beauty,High-quality Classic Foundation Plus. Perfect for everyday use with premium features.,215.7,271.59,83,products/beauty_012.jpg,products/beauty_012_2.jpg,products/beauty_012_3.jpg,Classic,BEA-CLA-00210,True,False,"Classic Foundation Plus, Beauty, Classic, quality",Buy Classic Foundation Plus online. Best price. Classic trusted brand.
211,Classic Sunscreen Plus,classic-sunscreen-plus-211,Beauty,High-quality Classic Sunscreen Plus. Perfect for everyday use with premium features.,132.84,158.59,86,products/beauty_013.jpg,products/beauty_013_2.jpg,products/beauty_013_3.jpg,Classic,BEA-CLA-00211,True,True,"Classic Sunscreen Plus, Beauty, Classic, quality",Buy Classic Sunscreen Plus online. Best price. Classic trusted brand.
212,ProMax Face Wash Standard,promax-face-wash-standard-212,Beauty,High-quality ProMax Face Wash Standard. Perfect for everyday use with premium features.,48.82,57.76,87,products/beauty_014.jpg,products/beauty_014_2.jpg,products/beauty_014_3.jpg,ProMax,BEA-PRO-00212,True,False,"ProMax Face Wash Standard, Beauty, ProMax, quality",Buy ProMax Face Wash Standard online. Best price. ProMax trusted brand.
213,Natural Moisturizer Lite,natural-moisturizer-lite-213,Beauty,High-quality Natural Moisturizer Lite. Perfect for everyday use with premium features.,318.17,422.77,92,products/beauty_015.jpg,products/beauty_015_2.jpg,products/beauty_015_3.jpg,Natural,BEA-NAT-00213,True,False,"Natural Moisturizer Lite, Beauty, Natural, quality",Buy Natural Moisturizer Lite online. Best price. Natural trusted brand.
214,BrandX Foundation Pro,brandx-foundation-pro-214,Beauty,High-quality BrandX Foundation Pro. Perfect for everyday use with premium features.,18.23,27.2,74,products/beauty_016.jpg,products/beauty_016_2.jpg,products/beauty_016_3.jpg,BrandX,BEA-BRA-00214,True,False,"BrandX Foundation Pro, Beauty, BrandX, quality",Buy BrandX Foundation Pro online. Best price. BrandX trusted brand.
215,Organic Perfume Premium,organic-perfume-premium-215,Beauty,High-quality Organic Perfume Premium. Perfect for everyday use with premium features.,184.61,271.51,14,products/beauty_017.jpg,products/beauty_017_2.jpg,products/beauty_017_3.jpg,Organic,BEA-ORG-00215,False,True,"Organic Perfume Premium, Beauty, Organic, quality",Buy Organic Perfume Premium online. Best price. Organic trusted brand.
216,Organic Perfume Plus,organic-perfume-plus-216,Beauty,High-quality Organic Perfume Plus. Perfect for everyday use with premium features.,210.73,249.27,44,products/beauty_018.jpg,products/beauty_018_2.jpg,products/beauty_018_3.jpg,Organic,BEA-ORG-00216,True,False,"Organic Perfume Plus, Beauty, Organic, quality",Buy Organic Perfume Plus online. Best price. Organic trusted brand.
217,BrandX Lipstick Standard,brandx-lipstick-standard-217,Beauty,High-quality BrandX Lipstick Standard. Perfect for everyday use with premium features.,224.93,315.99,3,products/beauty_019.jpg,products/beauty_019_2.jpg,products/beauty_019_3.jpg,BrandX,BEA-BRA-00217,False,False,"BrandX Lipstick Standard, Beauty, BrandX, quality",Buy BrandX Lipstick Standard online. Best price. BrandX trusted brand.
218,Classic Face Wash,classic-face-wash-218,Beauty,High-quality Classic Face Wash. Perfect for everyday use with premium features.,255.39,311.93,18,products/beauty_020.jpg,products/beauty_020_2.jpg,products/beauty_020_3.jpg,Classic,BEA-CLA-00218,False,False,"Classic Face Wash, Beauty, Classic, quality",Buy Classic Face Wash online. Best price. Classic trusted brand.
219,Smart Conditioner Plus,smart-conditioner-plus-219,Beauty,High-quality Smart Conditioner Plus. Perfect for everyday use with premium features.,78.71,105.4,30,products/beauty_021.jpg,products/beauty_021_2.jpg,products/beauty_021_3.jpg,Smart,BEA-SMA-00219,False,False,"Smart Conditioner Plus, Beauty, Smart, quality",Buy Smart Conditioner Plus online. Best price. Smart trusted brand.
220,Organic Conditioner,organic-conditioner-220,Beauty,High-quality Organic Conditioner. Perfect for everyday use with premium features.,388.6,434.27,100,products/beauty_022.jpg,products/beauty_022_2.jpg,products/beauty_022_3.jpg,Organic,BEA-ORG-00220,True,False,"Organic Conditioner, Beauty, Organic, quality",Buy Organic Conditioner online. Best price. Organic trusted brand.
221,Smart Shampoo Standard,smart-shampoo-standard-221,Beauty,High-quality Smart Shampoo Standard. Perfect for everyday use with premium features.,375.83,546.41,6,products/beauty_023.jpg,products/beauty_023_2.jpg,products/beauty_023_3.jpg,Smart,BEA-SMA-00221,True,False,"Smart Shampoo Standard, Beauty, Smart, quality",Buy Smart Shampoo Standard online. Best price. Smart trusted brand.
222,BrandX Perfume Pro,brandx-perfume-pro-222,Beauty,High-quality BrandX Perfume Pro. Perfect for everyday use with premium features.,124.82,162.76,79,products/beauty_024.jpg,products/beauty_024_2.jpg,products/beauty_024_3.jpg,BrandX,BEA-BRA-00222,True,False,"BrandX Perfume Pro, Beauty, BrandX, quality",Buy BrandX Perfume Pro online. Best price. BrandX trusted brand.
223,BrandX Shampoo Premium,brandx-shampoo-premium-223,Beauty,High-quality BrandX Shampoo Premium. Perfect for everyday use with premium features.,30.09,35.23,92,products/beauty_025.jpg,products/beauty_025_2.jpg,products/beauty_025_3.jpg,BrandX,BEA-BRA-00223,True,False,"BrandX Shampoo Premium, Beauty, BrandX, quality",Buy BrandX Shampoo Premium online. Best price. BrandX trusted brand.
224,Premium Shampoo,premium-shampoo-224,Beauty,High-quality Premium Shampoo. Perfect for everyday use with premium features.,393.46,552.54,80,products/beauty_026.jpg,products/beauty_026_2.jpg,products/beauty_026_3.jpg,Premium,BEA-PRE-00224,True,True,"Premium Shampoo, Beauty, Premium, quality",Buy Premium Shampoo online. Best price. Premium trusted brand.
225,Premium Face Mask Lite,premium-face-mask-lite-225,Beauty,High-quality Premium Face Mask Lite. Perfect for everyday use with premium features.,213.75,267.69,14,products/beauty_027.jpg,products/beauty_027_2.jpg,products/beauty_027_3.jpg,Premium,BEA-PRE-00225,True,False,"Premium Face Mask Lite, Beauty, Premium, quality",Buy Premium Face Mask Lite online. Best price. Premium trusted brand.
226,Elite Perfume Premium,elite-perfume-premium-226,Beauty,High-quality Elite Perfume Premium. Perfect for everyday use with premium features.,340.47,505.94,23,products/beauty_028.jpg,products/beauty_028_2.jpg,products/beauty_028_3.jpg,Elite,BEA-ELI-00226,True,False,"Elite Perfume Premium, Beauty, Elite, quality",Buy Elite Perfume Premium online. Best price. Elite trusted brand.
227,Premium Serum Premium,premium-serum-premium-227,Beauty,High-quality Premium Serum Premium. Perfect for everyday use with premium features.,291.48,338.31,98,products/beauty_029.jpg,products/beauty_029_2.jpg,products/beauty_029_3.jpg,Premium,BEA-PRE-00227,False,False,"Premium Serum Premium, Beauty, Premium, quality",Buy Premium Serum Premium online. Best price. Premium trusted brand.
228,BrandX Foundation,brandx-foundation-228,Beauty,High-quality BrandX Foundation. Perfect for everyday use with premium features.,44.28,63.98,45,products/beauty_030.jpg,products/beauty_030_2.jpg,products/beauty_030_3.jpg,BrandX,BEA-BRA-00228,True,False,"BrandX Foundation, Beauty, BrandX, quality",Buy BrandX Foundation online. Best price. BrandX trusted brand.
229,Organic Face Wash Standard,organic-face-wash-standard-229,Beauty,High-quality Organic Face Wash Standard. Perfect for everyday use with premium features.,97.94,145.95,87,products/beauty_031.jpg,products/beauty_031_2.jpg,products/beauty_031_3.jpg,Organic,BEA-ORG-00229,True,False,"Organic Face Wash Standard, Beauty, Organic, quality",Buy Organic Face Wash Standard online. Best price. Organic trusted brand.
230,Ultra Serum,ultra-serum-230,Beauty,High-quality Ultra Serum. Perfect for everyday use with premium features.,42.06,54.74,48,products/beauty_032.jpg,products/beauty_032_2.jpg,products/beauty_032_3.jpg,Ultra,BEA-ULT-00230,True,True,"Ultra Serum, Beauty, Ultra, quality",Buy Ultra Serum online. Best price. Ultra trusted brand.
231,Premium Lipstick Premium,premium-lipstick-premium-231,Beauty,High-quality Premium Lipstick Premium. Perfect for everyday use with premium features.,424.66,505.24,92,products/beauty_033.jpg,products/beauty_033_2.jpg,products/beauty_033_3.jpg,Premium,BEA-PRE-00231,False,False,"Premium Lipstick Premium, Beauty, Premium, quality",Buy Premium Lipstick Premium online. Best price. Premium trusted brand.
232,Smart Multivitamin Standard,smart-multivitamin-standard-232,Health,High-quality Smart Multivitamin Standard. Perfect for everyday use with premium features.,381.44,429.47,28,products/health_001.jpg,products/health_001_2.jpg,products/health_001_3.jpg,Smart,HEA-SMA-00232,False,False,"Smart Multivitamin Standard, Health, Smart, quality",Buy Smart Multivitamin Standard online. Best price. Smart trusted brand.
233,Modern Vitamins Premium,modern-vitamins-premium-233,Health,High-quality Modern Vitamins Premium. Perfect for everyday use with premium features.,63.15,89.82,41,products/health_002.jpg,products/health_002_2.jpg,products/health_002_3.jpg,Modern,HEA-MOD-00233,True,False,"Modern Vitamins Premium, Health, Modern, quality",Buy Modern Vitamins Premium online. Best price. Modern trusted brand.
234,Ultra Multivitamin Max,ultra-multivitamin-max-234,Health,High-quality Ultra Multivitamin Max. Perfect for everyday use with premium features.,350.34,392.43,65,products/health_003.jpg,products/health_003_2.jpg,products/health_003_3.jpg,Ultra,HEA-ULT-00234,True,False,"Ultra Multivitamin Max, Health, Ultra, quality",Buy Ultra Multivitamin Max online. Best price. Ultra trusted brand.
235,Natural First Aid Kit Premium,natural-first-aid-kit-premium-235,Health,High-quality Natural First Aid Kit Premium. Perfect for everyday use with premium features.,241.25,288.05,23,products/health_004.jpg,products/health_004_2.jpg,products/health_004_3.jpg,Natural,HEA-NAT-00235,True,True,"Natural First Aid Kit Premium, Health, Natural, quality",Buy Natural First Aid Kit Premium online. Best price. Natural trusted brand.
236,Ultra Vitamins Plus,ultra-vitamins-plus-236,Health,High-quality Ultra Vitamins Plus. Perfect for everyday use with premium features.,52.69,68.71,92,products/health_005.jpg,products/health_005_2.jpg,products/health_005_3.jpg,Ultra,HEA-ULT-00236,True,False,"Ultra Vitamins Plus, Health, Ultra, quality",Buy Ultra Vitamins Plus online. Best price. Ultra trusted brand.
237,Modern Protein Powder Max,modern-protein-powder-max-237,Health,High-quality Modern Protein Powder Max. Perfect for everyday use with premium features.,468.0,582.76,84,products/health_006.jpg,products/health_006_2.jpg,products/health_006_3.jpg,Modern,HEA-MOD-00237,True,False,"Modern Protein Powder Max, Health, Modern, quality",Buy Modern Protein Powder Max online. Best price. Modern trusted brand.
238,Natural Thermometer Plus,natural-thermometer-plus-238,Health,High-quality Natural Thermometer Plus. Perfect for everyday use with premium features.,456.86,676.76,0,products/health_007.jpg,products/health_007_2.jpg,products/health_007_3.jpg,Natural,HEA-NAT-00238,True,False,"Natural Thermometer Plus, Health, Natural, quality",Buy Natural Thermometer Plus online. Best price. Natural trusted brand.
239,Elite Multivitamin,elite-multivitamin-239,Health,High-quality Elite Multivitamin. Perfect for everyday use with premium features.,490.84,633.78,34,products/health_008.jpg,products/health_008_2.jpg,products/health_008_3.jpg,Elite,HEA-ELI-00239,True,True,"Elite Multivitamin, Health, Elite, quality",Buy Elite Multivitamin online. Best price. Elite trusted brand.
240,Smart Vitamins Lite,smart-vitamins-lite-240,Health,High-quality Smart Vitamins Lite. Perfect for everyday use with premium features.,244.73,272.84,10,products/health_009.jpg,products/health_009_2.jpg,products/health_009_3.jpg,Smart,HEA-SMA-00240,True,False,"Smart Vitamins Lite, Health, Smart, quality",Buy Smart Vitamins Lite online. Best price. Smart trusted brand.
241,Smart First Aid Kit,smart-first-aid-kit-241,Health,High-quality Smart First Aid Kit. Perfect for everyday use with premium features.,43.21,63.45,1,products/health_010.jpg,products/health_010_2.jpg,products/health_010_3.jpg,Smart,HEA-SMA-00241,True,False,"Smart First Aid Kit, Health, Smart, quality",Buy Smart First Aid Kit online. Best price. Smart trusted brand.
242,Modern Blood Pressure Monitor,modern-blood-pressure-monitor-242,Health,High-quality Modern Blood Pressure Monitor. Perfect for everyday use with premium features.,186.07,225.21,8,products/health_011.jpg,products/health_011_2.jpg,products/health_011_3.jpg,Modern,HEA-MOD-00242,True,True,"Modern Blood Pressure Monitor, Health, Modern, quality",Buy Modern Blood Pressure Monitor online. Best price. Modern trusted brand.
243,Smart Vitamins Plus,smart-vitamins-plus-243,Health,High-quality Smart Vitamins Plus. Perfect for everyday use with premium features.,310.32,352.93,77,products/health_012.jpg,products/health_012_2.jpg,products/health_012_3.jpg,Smart,HEA-SMA-00243,True,False,"Smart Vitamins Plus, Health, Smart, quality",Buy Smart Vitamins Plus online. Best price. Smart trusted brand.
244,Organic Thermometer Max,organic-thermometer-max-244,Health,High-quality Organic Thermometer Max. Perfect for everyday use with premium features.,268.55,385.17,83,products/health_013.jpg,products/health_013_2.jpg,products/health_013_3.jpg,Organic,HEA-ORG-00244,True,True,"Organic Thermometer Max, Health, Organic, quality",Buy Organic Thermometer Max online. Best price. Organic trusted brand.
245,Organic First Aid Kit Plus,organic-first-aid-kit-plus-245,Health,High-quality Organic First Aid Kit Plus. Perfect for everyday use with premium features.,388.44,548.58,46,products/health_014.jpg,products/health_014_2.jpg,products/health_014_3.jpg,Organic,HEA-ORG-00245,True,False,"Organic First Aid Kit Plus, Health, Organic, quality",Buy Organic First Aid Kit Plus online. Best price. Organic trusted brand.
246,BrandX Vitamins Lite,brandx-vitamins-lite-246,Health,High-quality BrandX Vitamins Lite. Perfect for everyday use with premium features.,61.01,83.78,93,products/health_015.jpg,products/health_015_2.jpg,products/health_015_3.jpg,BrandX,HEA-BRA-00246,True,True,"BrandX Vitamins Lite, Health, BrandX, quality",Buy BrandX Vitamins Lite online. Best price. BrandX trusted brand.
247,Ultra Multivitamin Standard,ultra-multivitamin-standard-247,Health,High-quality Ultra Multivitamin Standard. Perfect for everyday use with premium features.,102.86,148.74,29,products/health_016.jpg,products/health_016_2.jpg,products/health_016_3.jpg,Ultra,HEA-ULT-00247,True,True,"Ultra Multivitamin Standard, Health, Ultra, quality",Buy Ultra Multivitamin Standard online. Best price. Ultra trusted brand.
248,Premium Protein Powder Pro,premium-protein-powder-pro-248,Health,High-quality Premium Protein Powder Pro. Perfect for everyday use with premium features.,199.96,281.37,30,products/health_017.jpg,products/health_017_2.jpg,products/health_017_3.jpg,Premium,HEA-PRE-00248,False,False,"Premium Protein Powder Pro, Health, Premium, quality",Buy Premium Protein Powder Pro online. Best price. Premium trusted brand.
249,Smart First Aid Kit Max,smart-first-aid-kit-max-249,Health,High-quality Smart First Aid Kit Max. Perfect for everyday use with premium features.,30.36,37.28,93,products/health_018.jpg,products/health_018_2.jpg,products/health_018_3.jpg,Smart,HEA-SMA-00249,False,False,"Smart First Aid Kit Max, Health, Smart, quality",Buy Smart First Aid Kit Max online. Best price. Smart trusted brand.
250,Smart Thermometer Premium,smart-thermometer-premium-250,Health,High-quality Smart Thermometer Premium. Perfect for everyday use with premium features.,55.61,72.38,25,products/health_019.jpg,products/health_019_2.jpg,products/health_019_3.jpg,Smart,HEA-SMA-00250,False,False,"Smart Thermometer Premium, Health, Smart, quality",Buy Smart Thermometer Premium online. Best price. Smart trusted brand.
251,Organic Face Masks Lite,organic-face-masks-lite-251,Health,High-quality Organic Face Masks Lite. Perfect for everyday use with premium features.,306.24,441.48,37,products/health_020.jpg,products/health_020_2.jpg,products/health_020_3.jpg,Organic,HEA-ORG-00251,True,True,"Organic Face Masks Lite, Health, Organic, quality",Buy Organic Face Masks Lite online. Best price. Organic trusted brand.
252,Classic Face Masks Pro,classic-face-masks-pro-252,Health,High-quality Classic Face Masks Pro. Perfect for everyday use with premium features.,351.22,467.26,4,products/health_021.jpg,products/health_021_2.jpg,products/health_021_3.jpg,Classic,HEA-CLA-00252,False,True,"Classic Face Masks Pro, Health, Classic, quality",Buy Classic Face Masks Pro online. Best price. Classic trusted brand.
253,Ultra Pain Relief Lite,ultra-pain-relief-lite-253,Health,High-quality Ultra Pain Relief Lite. Perfect for everyday use with premium features.,304.86,345.37,58,products/health_022.jpg,products/health_022_2.jpg,products/health_022_3.jpg,Ultra,HEA-ULT-00253,True,True,"Ultra Pain Relief Lite, Health, Ultra, quality",Buy Ultra Pain Relief Lite online. Best price. Ultra trusted brand.
254,Organic First Aid Kit Max,organic-first-aid-kit-max-254,Health,High-quality Organic First Aid Kit Max. Perfect for everyday use with premium features.,499.87,636.25,83,products/health_023.jpg,products/health_023_2.jpg,products/health_023_3.jpg,Organic,HEA-ORG-00254,False,True,"Organic First Aid Kit Max, Health, Organic, quality",Buy Organic First Aid Kit Max online. Best price. Organic trusted brand.
255,Organic First Aid Kit Standard,organic-first-aid-kit-standard-255,Health,High-quality Organic First Aid Kit Standard. Perfect for everyday use with premium features.,341.44,425.41,46,products/health_024.jpg,products/health_024_2.jpg,products/health_024_3.jpg,Organic,HEA-ORG-00255,True,True,"Organic First Aid Kit Standard, Health, Organic, quality",Buy Organic First Aid Kit Standard online. Best price. Organic trusted brand.
256,Premium Blood Pressure Monitor,premium-blood-pressure-monitor-256,Health,High-quality Premium Blood Pressure Monitor. Perfect for everyday use with premium features.,466.85,548.99,5,products/health_025.jpg,products/health_025_2.jpg,products/health_025_3.jpg,Premium,HEA-PRE-00256,True,True,"Premium Blood Pressure Monitor, Health, Premium, quality",Buy Premium Blood Pressure Monitor online. Best price. Premium trusted brand.
257,Modern Hand Sanitizer Standard,modern-hand-sanitizer-standard-257,Health,High-quality Modern Hand Sanitizer Standard. Perfect for everyday use with premium features.,367.51,540.32,56,products/health_026.jpg,products/health_026_2.jpg,products/health_026_3.jpg,Modern,HEA-MOD-00257,True,False,"Modern Hand Sanitizer Standard, Health, Modern, quality",Buy Modern Hand Sanitizer Standard online. Best price. Modern trusted brand.
258,Natural Protein Powder,natural-protein-powder-258,Health,High-quality Natural Protein Powder. Perfect for everyday use with premium features.,74.5,92.13,71,products/health_027.jpg,products/health_027_2.jpg,products/health_027_3.jpg,Natural,HEA-NAT-00258,True,False,"Natural Protein Powder, Health, Natural, quality",Buy Natural Protein Powder online. Best price. Natural trusted brand.
259,Classic Pain Relief,classic-pain-relief-259,Health,High-quality Classic Pain Relief. Perfect for everyday use with premium features.,420.71,517.1,65,products/health_028.jpg,products/health_028_2.jpg,products/health_028_3.jpg,Classic,HEA-CLA-00259,False,False,"Classic Pain Relief, Health, Classic, quality",Buy Classic Pain Relief online. Best price. Classic trusted brand.
260,Organic First Aid Kit Plus,organic-first-aid-kit-plus-260,Health,High-quality Organic First Aid Kit Plus. Perfect for everyday use with premium features.,77.49,113.26,35,products/health_029.jpg,products/health_029_2.jpg,products/health_029_3.jpg,Organic,HEA-ORG-00260,True,False,"Organic First Aid Kit Plus, Health, Organic, quality",Buy Organic First Aid Kit Plus online. Best price. Organic trusted brand.
261,Modern Face Masks Standard,modern-face-masks-standard-261,Health,High-quality Modern Face Masks Standard. Perfect for everyday use with premium features.,376.69,526.91,24,products/health_030.jpg,products/health_030_2.jpg,products/health_030_3.jpg,Modern,HEA-MOD-00261,True,False,"Modern Face Masks Standard, Health, Modern, quality",Buy Modern Face Masks Standard online. Best price. Modern trusted brand.
262,BrandX Pain Relief Lite,brandx-pain-relief-lite-262,Health,High-quality BrandX Pain Relief Lite. Perfect for everyday use with premium features.,113.19,150.51,92,products/health_031.jpg,products/health_031_2.jpg,products/health_031_3.jpg,BrandX,HEA-BRA-00262,True,False,"BrandX Pain Relief Lite, Health, BrandX, quality",Buy BrandX Pain Relief Lite online. Best price. BrandX trusted brand.
263,Modern Blood Pressure Monitor Max,modern-blood-pressure-monitor-max-263,Health,High-quality Modern Blood Pressure Monitor Max. Perfect for everyday use with premium features.,414.98,528.91,2,products/health_032.jpg,products/health_032_2.jpg,products/health_032_3.jpg,Modern,HEA-MOD-00263,True,False,"Modern Blood Pressure Monitor Max, Health, Modern, quality",Buy Modern Blood Pressure Monitor Max online. Best price. Modern trusted brand.
264,BrandX Face Masks Plus,brandx-face-masks-plus-264,Health,High-quality BrandX Face Masks Plus. Perfect for everyday use with premium features.,238.2,295.38,81,products/health_033.jpg,products/health_033_2.jpg,products/health_033_3.jpg,BrandX,HEA-BRA-00264,False,True,"BrandX Face Masks Plus, Health, BrandX, quality",Buy BrandX Face Masks Plus online. Best price. BrandX trusted brand.
265,Premium Hat Standard,premium-hat-standard-265,Accessories,High-quality Premium Hat Standard. Perfect for everyday use with premium features.,376.09,446.77,47,products/accessories_001.jpg,products/accessories_001_2.jpg,products/accessories_001_3.jpg,Premium,ACC-PRE-00265,True,True,"Premium Hat Standard, Accessories, Premium, quality",Buy Premium Hat Standard online. Best price. Premium trusted brand.
266,Premium Bracelet Plus,premium-bracelet-plus-266,Accessories,High-quality Premium Bracelet Plus. Perfect for everyday use with premium features.,334.45,446.7,31,products/accessories_002.jpg,products/accessories_002_2.jpg,products/accessories_002_3.jpg,Premium,ACC-PRE-00266,True,False,"Premium Bracelet Plus, Accessories, Premium, quality",Buy Premium Bracelet Plus online. Best price. Premium trusted brand.
267,Smart Necklace Max,smart-necklace-max-267,Accessories,High-quality Smart Necklace Max. Perfect for everyday use with premium features.,233.39,325.34,79,products/accessories_003.jpg,products/accessories_003_2.jpg,products/accessories_003_3.jpg,Smart,ACC-SMA-00267,True,False,"Smart Necklace Max, Accessories, Smart, quality",Buy Smart Necklace Max online. Best price. Smart trusted brand.
268,Elite Watch,elite-watch-268,Accessories,High-quality Elite Watch. Perfect for everyday use with premium features.,143.01,179.55,65,products/accessories_004.jpg,products/accessories_004_2.jpg,products/accessories_004_3.jpg,Elite,ACC-ELI-00268,True,False,"Elite Watch, Accessories, Elite, quality",Buy Elite Watch online. Best price. Elite trusted brand.
269,Modern Bracelet Premium,modern-bracelet-premium-269,Accessories,High-quality Modern Bracelet Premium. Perfect for everyday use with premium features.,31.66,35.79,55,products/accessories_005.jpg,products/accessories_005_2.jpg,products/accessories_005_3.jpg,Modern,ACC-MOD-00269,True,False,"Modern Bracelet Premium, Accessories, Modern, quality",Buy Modern Bracelet Premium online. Best price. Modern trusted brand.
270,Ultra Earrings Standard,ultra-earrings-standard-270,Accessories,High-quality Ultra Earrings Standard. Perfect for everyday use with premium features.,428.43,599.72,1,products/accessories_006.jpg,products/accessories_006_2.jpg,products/accessories_006_3.jpg,Ultra,ACC-ULT-00270,True,False,"Ultra Earrings Standard, Accessories, Ultra, quality",Buy Ultra Earrings Standard online. Best price. Ultra trusted brand.
271,Organic Ring Max,organic-ring-max-271,Accessories,High-quality Organic Ring Max. Perfect for everyday use with premium features.,427.55,551.57,73,products/accessories_007.jpg,products/accessories_007_2.jpg,products/accessories_007_3.jpg,Organic,ACC-ORG-00271,True,True,"Organic Ring Max, Accessories, Organic, quality",Buy Organic Ring Max online. Best price. Organic trusted brand.
272,BrandX Scarf Standard,brandx-scarf-standard-272,Accessories,High-quality BrandX Scarf Standard. Perfect for everyday use with premium features.,462.63,509.1,5,products/accessories_008.jpg,products/accessories_008_2.jpg,products/accessories_008_3.jpg,BrandX,ACC-BRA-00272,True,False,"BrandX Scarf Standard, Accessories, BrandX, quality",Buy BrandX Scarf Standard online. Best price. BrandX trusted brand.
273,Premium Necklace Standard,premium-necklace-standard-273,Accessories,High-quality Premium Necklace Standard. Perfect for everyday use with premium features.,93.89,107.58,26,products/accessories_009.jpg,products/accessories_009_2.jpg,products/accessories_009_3.jpg,Premium,ACC-PRE-00273,True,False,"Premium Necklace Standard, Accessories, Premium, quality",Buy Premium Necklace Standard online. Best price. Premium trusted brand.
274,Classic Belt Max,classic-belt-max-274,Accessories,High-quality Classic Belt Max. Perfect for everyday use with premium features.,480.35,539.45,86,products/accessories_010.jpg,products/accessories_010_2.jpg,products/accessories_010_3.jpg,Classic,ACC-CLA-00274,True,False,"Classic Belt Max, Accessories, Classic, quality",Buy Classic Belt Max online. Best price. Classic trusted brand.
275,Classic Hat Max,classic-hat-max-275,Accessories,High-quality Classic Hat Max. Perfect for everyday use with premium features.,10.24,11.45,31,products/accessories_011.jpg,products/accessories_011_2.jpg,products/accessories_011_3.jpg,Classic,ACC-CLA-00275,False,False,"Classic Hat Max, Accessories, Classic, quality",Buy Classic Hat Max online. Best price. Classic trusted brand.
276,Premium Necklace Premium,premium-necklace-premium-276,Accessories,High-quality Premium Necklace Premium. Perfect for everyday use with premium features.,426.78,629.58,71,products/accessories_012.jpg,products/accessories_012_2.jpg,products/accessories_012_3.jpg,Premium,ACC-PRE-00276,True,False,"Premium Necklace Premium, Accessories, Premium, quality",Buy Premium Necklace Premium online. Best price. Premium trusted brand.
277,Modern Wallet Premium,modern-wallet-premium-277,Accessories,High-quality Modern Wallet Premium. Perfect for everyday use with premium features.,80.94,98.97,95,products/accessories_013.jpg,products/accessories_013_2.jpg,products/accessories_013_3.jpg,Modern,ACC-MOD-00277,False,False,"Modern Wallet Premium, Accessories, Modern, quality",Buy Modern Wallet Premium online. Best price. Modern trusted brand.
278,Premium Wallet Max,premium-wallet-max-278,Accessories,High-quality Premium Wallet Max. Perfect for everyday use with premium features.,220.21,270.41,81,products/accessories_014.jpg,products/accessories_014_2.jpg,products/accessories_014_3.jpg,Premium,ACC-PRE-00278,True,False,"Premium Wallet Max, Accessories, Premium, quality",Buy Premium Wallet Max online. Best price. Premium trusted brand.
279,ProMax Scarf Plus,promax-scarf-plus-279,Accessories,High-quality ProMax Scarf Plus. Perfect for everyday use with premium features.,141.8,158.52,61,products/accessories_015.jpg,products/accessories_015_2.jpg,products/accessories_015_3.jpg,ProMax,ACC-PRO-00279,True,True,"ProMax Scarf Plus, Accessories, ProMax, quality",Buy ProMax Scarf Plus online. Best price. ProMax trusted brand.
280,Premium Earrings Max,premium-earrings-max-280,Accessories,High-quality Premium Earrings Max. Perfect for everyday use with premium features.,472.83,569.17,25,products/accessories_016.jpg,products/accessories_016_2.jpg,products/accessories_016_3.jpg,Premium,ACC-PRE-00280,True,True,"Premium Earrings Max, Accessories, Premium, quality",Buy Premium Earrings Max online. Best price. Premium trusted brand.
281,Elite Keychain Plus,elite-keychain-plus-281,Accessories,High-quality Elite Keychain Plus. Perfect for everyday use with premium features.,267.88,323.64,15,products/accessories_017.jpg,products/accessories_017_2.jpg,products/accessories_017_3.jpg,Elite,ACC-ELI-00281,True,False,"Elite Keychain Plus, Accessories, Elite, quality",Buy Elite Keychain Plus online. Best price. Elite trusted brand.
282,Natural Sunglasses Plus,natural-sunglasses-plus-282,Accessories,High-quality Natural Sunglasses Plus. Perfect for everyday use with premium features.,438.72,508.91,70,products/accessories_018.jpg,products/accessories_018_2.jpg,products/accessories_018_3.jpg,Natural,ACC-NAT-00282,True,False,"Natural Sunglasses Plus, Accessories, Natural, quality",Buy Natural Sunglasses Plus online. Best price. Natural trusted brand.
283,Smart Bracelet Standard,smart-bracelet-standard-283,Accessories,High-quality Smart Bracelet Standard. Perfect for everyday use with premium features.,74.94,84.29,12,products/accessories_019.jpg,products/accessories_019_2.jpg,products/accessories_019_3.jpg,Smart,ACC-SMA-00283,True,False,"Smart Bracelet Standard, Accessories, Smart, quality",Buy Smart Bracelet Standard online. Best price. Smart trusted brand.
284,Elite Wallet Standard,elite-wallet-standard-284,Accessories,High-quality Elite Wallet Standard. Perfect for everyday use with premium features.,454.26,595.99,15,products/accessories_020.jpg,products/accessories_020_2.jpg,products/accessories_020_3.jpg,Elite,ACC-ELI-00284,True,True,"Elite Wallet Standard, Accessories, Elite, quality",Buy Elite Wallet Standard online. Best price. Elite trusted brand.
285,Organic Watch Pro,organic-watch-pro-285,Accessories,High-quality Organic Watch Pro. Perfect for everyday use with premium features.,348.07,440.05,15,products/accessories_021.jpg,products/accessories_021_2.jpg,products/accessories_021_3.jpg,Organic,ACC-ORG-00285,True,False,"Organic Watch Pro, Accessories, Organic, quality",Buy Organic Watch Pro online. Best price. Organic trusted brand.
286,ProMax Ring Max,promax-ring-max-286,Accessories,High-quality ProMax Ring Max. Perfect for everyday use with premium features.,125.83,188.08,92,products/accessories_022.jpg,products/accessories_022_2.jpg,products/accessories_022_3.jpg,ProMax,ACC-PRO-00286,True,False,"ProMax Ring Max, Accessories, ProMax, quality",Buy ProMax Ring Max online. Best price. ProMax trusted brand.
287,BrandX Bag Plus,brandx-bag-plus-287,Accessories,High-quality BrandX Bag Plus. Perfect for everyday use with premium features.,145.92,162.9,84,products/accessories_023.jpg,products/accessories_023_2.jpg,products/accessories_023_3.jpg,BrandX,ACC-BRA-00287,True,False,"BrandX Bag Plus, Accessories, BrandX, quality",Buy BrandX Bag Plus online. Best price. BrandX trusted brand.
288,Natural Sunglasses Plus,natural-sunglasses-plus-288,Accessories,High-quality Natural Sunglasses Plus. Perfect for everyday use with premium features.,341.78,434.78,47,products/accessories_024.jpg,products/accessories_024_2.jpg,products/accessories_024_3.jpg,Natural,ACC-NAT-00288,False,False,"Natural Sunglasses Plus, Accessories, Natural, quality",Buy Natural Sunglasses Plus online. Best price. Natural trusted brand.
289,Premium Sunglasses Plus,premium-sunglasses-plus-289,Accessories,High-quality Premium Sunglasses Plus. Perfect for everyday use with premium features.,122.31,149.35,34,products/accessories_025.jpg,products/accessories_025_2.jpg,products/accessories_025_3.jpg,Premium,ACC-PRE-00289,False,True,"Premium Sunglasses Plus, Accessories, Premium, quality",Buy Premium Sunglasses Plus online. Best price. Premium trusted brand.
290,ProMax Bag,promax-bag-290,Accessories,High-quality ProMax Bag. Perfect for everyday use with premium features.,32.36,40.67,29,products/accessories_026.jpg,products/accessories_026_2.jpg,products/accessories_026_3.jpg,ProMax,ACC-PRO-00290,False,True,"ProMax Bag, Accessories, ProMax, quality",Buy ProMax Bag online. Best price. ProMax trusted brand.
291,ProMax Ring Standard,promax-ring-standard-291,Accessories,High-quality ProMax Ring Standard. Perfect for everyday use with premium features.,112.13,142.58,24,products/accessories_027.jpg,products/accessories_027_2.jpg,products/accessories_027_3.jpg,ProMax,ACC-PRO-00291,True,True,"ProMax Ring Standard, Accessories, ProMax, quality",Buy ProMax Ring Standard online. Best price. ProMax trusted brand.
292,Elite Hat Pro,elite-hat-pro-292,Accessories,High-quality Elite Hat Pro. Perfect for everyday use with premium features.,294.91,370.97,25,products/accessories_028.jpg,products/accessories_028_2.jpg,products/accessories_028_3.jpg,Elite,ACC-ELI-00292,True,False,"Elite Hat Pro, Accessories, Elite, quality",Buy Elite Hat Pro online. Best price. Elite trusted brand.
293,Ultra Bracelet Plus,ultra-bracelet-plus-293,Accessories,High-quality Ultra Bracelet Plus. Perfect for everyday use with premium features.,230.77,337.62,55,products/accessories_029.jpg,products/accessories_029_2.jpg,products/accessories_029_3.jpg,Ultra,ACC-ULT-00293,False,False,"Ultra Bracelet Plus, Accessories, Ultra, quality",Buy Ultra Bracelet Plus online. Best price. Ultra trusted brand.
294,Organic Hat Lite,organic-hat-lite-294,Accessories,High-quality Organic Hat Lite. Perfect for everyday use with premium features.,458.05,576.6,85,products/accessories_030.jpg,products/accessories_030_2.jpg,products/accessories_030_3.jpg,Organic,ACC-ORG-00294,False,True,"Organic Hat Lite, Accessories, Organic, quality",Buy Organic Hat Lite online. Best price. Organic trusted brand.
295,Classic Wallet Standard,classic-wallet-standard-295,Accessories,High-quality Classic Wallet Standard. Perfect for everyday use with premium features.,485.98,621.48,99,products/accessories_031.jpg,products/accessories_031_2.jpg,products/accessories_031_3.jpg,Classic,ACC-CLA-00295,False,True,"Classic Wallet Standard, Accessories, Classic, quality",Buy Classic Wallet Standard online. Best price. Classic trusted brand.
296,BrandX Ring Plus,brandx-ring-plus-296,Accessories,High-quality BrandX Ring Plus. Perfect for everyday use with premium features.,440.66,489.94,28,products/accessories_032.jpg,products/accessories_032_2.jpg,products/accessories_032_3.jpg,BrandX,ACC-BRA-00296,False,False,"BrandX Ring Plus, Accessories, BrandX, quality",Buy BrandX Ring Plus online. Best price. BrandX trusted brand.
297,BrandX Ring,brandx-ring-297,Accessories,High-quality BrandX Ring. Perfect for everyday use with premium features.,78.14,117.02,3,products/accessories_033.jpg,products/accessories_033_2.jpg,products/accessories_033_3.jpg,BrandX,ACC-BRA-00297,True,False,"BrandX Ring, Accessories, BrandX, quality",Buy BrandX Ring online. Best price. BrandX trusted brand.
298,Elite Desk Chair Pro,elite-desk-chair-pro-298,Furniture,High-quality Elite Desk Chair Pro. Perfect for everyday use with premium features.,108.74,141.56,92,products/furniture_001.jpg,products/furniture_001_2.jpg,products/furniture_001_3.jpg,Elite,FUR-ELI-00298,True,False,"Elite Desk Chair Pro, Furniture, Elite, quality",Buy Elite Desk Chair Pro online. Best price. Elite trusted brand.
299,Smart Nightstand Premium,smart-nightstand-premium-299,Furniture,High-quality Smart Nightstand Premium. Perfect for everyday use with premium features.,242.13,285.66,26,products/furniture_002.jpg,products/furniture_002_2.jpg,products/furniture_002_3.jpg,Smart,FUR-SMA-00299,False,False,"Smart Nightstand Premium, Furniture, Smart, quality",Buy Smart Nightstand Premium online. Best price. Smart trusted brand.
300,Premium Bed Frame Standard,premium-bed-frame-standard-300,Furniture,High-quality Premium Bed Frame Standard. Perfect for everyday use with premium features.,348.48,394.6,34,products/furniture_003.jpg,products/furniture_003_2.jpg,products/furniture_003_3.jpg,Premium,FUR-PRE-00300,True,False,"Premium Bed Frame Standard, Furniture, Premium, quality",Buy Premium Bed Frame Standard online. Best price. Premium trusted brand.
301,Elite Bed Frame Lite,elite-bed-frame-lite-301,Furniture,High-quality Elite Bed Frame Lite. Perfect for everyday use with premium features.,259.84,368.91,51,products/furniture_004.jpg,products/furniture_004_2.jpg,products/furniture_004_3.jpg,Elite,FUR-ELI-00301,True,False,"Elite Bed Frame Lite, Furniture, Elite, quality",Buy Elite Bed Frame Lite online. Best price. Elite trusted brand.
302,Modern Desk Chair,modern-desk-chair-302,Furniture,High-quality Modern Desk Chair. Perfect for everyday use with premium features.,357.75,443.5,48,products/furniture_005.jpg,products/furniture_005_2.jpg,products/furniture_005_3.jpg,Modern,FUR-MOD-00302,True,True,"Modern Desk Chair, Furniture, Modern, quality",Buy Modern Desk Chair online. Best price. Modern trusted brand.
303,Elite Shelving Unit Plus,elite-shelving-unit-plus-303,Furniture,High-quality Elite Shelving Unit Plus. Perfect for everyday use with premium features.,324.15,426.47,18,products/furniture_006.jpg,products/furniture_006_2.jpg,products/furniture_006_3.jpg,Elite,FUR-ELI-00303,True,False,"Elite Shelving Unit Plus, Furniture, Elite, quality",Buy Elite Shelving Unit Plus online. Best price. Elite trusted brand.
304,Modern Office Desk Standard,modern-office-desk-standard-304,Furniture,High-quality Modern Office Desk Standard. Perfect for everyday use with premium features.,86.45,118.55,31,products/furniture_007.jpg,products/furniture_007_2.jpg,products/furniture_007_3.jpg,Modern,FUR-MOD-00304,True,True,"Modern Office Desk Standard, Furniture, Modern, quality",Buy Modern Office Desk Standard online. Best price. Modern trusted brand.
305,Smart Bookshelf Standard,smart-bookshelf-standard-305,Furniture,High-quality Smart Bookshelf Standard. Perfect for everyday use with premium features.,313.14,418.56,54,products/furniture_008.jpg,products/furniture_008_2.jpg,products/furniture_008_3.jpg,Smart,FUR-SMA-00305,True,False,"Smart Bookshelf Standard, Furniture, Smart, quality",Buy Smart Bookshelf Standard online. Best price. Smart trusted brand.
306,Organic Shelving Unit Lite,organic-shelving-unit-lite-306,Furniture,High-quality Organic Shelving Unit Lite. Perfect for everyday use with premium features.,365.44,450.7,59,products/furniture_009.jpg,products/furniture_009_2.jpg,products/furniture_009_3.jpg,Organic,FUR-ORG-00306,False,False,"Organic Shelving Unit Lite, Furniture, Organic, quality",Buy Organic Shelving Unit Lite online. Best price. Organic trusted brand.
307,BrandX Shelving Unit Max,brandx-shelving-unit-max-307,Furniture,High-quality BrandX Shelving Unit Max. Perfect for everyday use with premium features.,275.08,406.88,55,products/furniture_010.jpg,products/furniture_010_2.jpg,products/furniture_010_3.jpg,BrandX,FUR-BRA-00307,True,False,"BrandX Shelving Unit Max, Furniture, BrandX, quality",Buy BrandX Shelving Unit Max online. Best price. BrandX trusted brand.
308,Elite Coffee Table,elite-coffee-table-308,Furniture,High-quality Elite Coffee Table. Perfect for everyday use with premium features.,122.4,159.49,22,products/furniture_011.jpg,products/furniture_011_2.jpg,products/furniture_011_3.jpg,Elite,FUR-ELI-00308,True,False,"Elite Coffee Table, Furniture, Elite, quality",Buy Elite Coffee Table online. Best price. Elite trusted brand.
309,BrandX Coffee Table Pro,brandx-coffee-table-pro-309,Furniture,High-quality BrandX Coffee Table Pro. Perfect for everyday use with premium features.,25.89,37.58,43,products/furniture_012.jpg,products/furniture_012_2.jpg,products/furniture_012_3.jpg,BrandX,FUR-BRA-00309,True,False,"BrandX Coffee Table Pro, Furniture, BrandX, quality",Buy BrandX Coffee Table Pro online. Best price. BrandX trusted brand.
310,Elite Wardrobe Standard,elite-wardrobe-standard-310,Furniture,High-quality Elite Wardrobe Standard. Perfect for everyday use with premium features.,377.73,529.77,93,products/furniture_013.jpg,products/furniture_013_2.jpg,products/furniture_013_3.jpg,Elite,FUR-ELI-00310,True,False,"Elite Wardrobe Standard, Furniture, Elite, quality",Buy Elite Wardrobe Standard online. Best price. Elite trusted brand.
311,Organic Coffee Table Max,organic-coffee-table-max-311,Furniture,High-quality Organic Coffee Table Max. Perfect for everyday use with premium features.,294.27,370.8,46,products/furniture_014.jpg,products/furniture_014_2.jpg,products/furniture_014_3.jpg,Organic,FUR-ORG-00311,False,False,"Organic Coffee Table Max, Furniture, Organic, quality",Buy Organic Coffee Table Max online. Best price. Organic trusted brand.
312,Organic Bookshelf Plus,organic-bookshelf-plus-312,Furniture,High-quality Organic Bookshelf Plus. Perfect for everyday use with premium features.,351.5,492.3,25,products/furniture_015.jpg,products/furniture_015_2.jpg,products/furniture_015_3.jpg,Organic,FUR-ORG-00312,True,False,"Organic Bookshelf Plus, Furniture, Organic, quality",Buy Organic Bookshelf Plus online. Best price. Organic trusted brand.
313,Organic Shelving Unit Pro,organic-shelving-unit-pro-313,Furniture,High-quality Organic Shelving Unit Pro. Perfect for everyday use with premium features.,350.9,513.99,63,products/furniture_016.jpg,products/furniture_016_2.jpg,products/furniture_016_3.jpg,Organic,FUR-ORG-00313,True,False,"Organic Shelving Unit Pro, Furniture, Organic, quality",Buy Organic Shelving Unit Pro online. Best price. Organic trusted brand.
314,Organic Sofa Max,organic-sofa-max-314,Furniture,High-quality Organic Sofa Max. Perfect for everyday use with premium features.,341.41,499.2,73,products/furniture_017.jpg,products/furniture_017_2.jpg,products/furniture_017_3.jpg,Organic,FUR-ORG-00314,True,False,"Organic Sofa Max, Furniture, Organic, quality",Buy Organic Sofa Max online. Best price. Organic trusted brand.
315,Modern Side Table Premium,modern-side-table-premium-315,Furniture,High-quality Modern Side Table Premium. Perfect for everyday use with premium features.,95.22,124.36,16,products/furniture_018.jpg,products/furniture_018_2.jpg,products/furniture_018_3.jpg,Modern,FUR-MOD-00315,True,False,"Modern Side Table Premium, Furniture, Modern, quality",Buy Modern Side Table Premium online. Best price. Modern trusted brand.
316,Premium Side Table Standard,premium-side-table-standard-316,Furniture,High-quality Premium Side Table Standard. Perfect for everyday use with premium features.,226.93,257.47,25,products/furniture_019.jpg,products/furniture_019_2.jpg,products/furniture_019_3.jpg,Premium,FUR-PRE-00316,True,True,"Premium Side Table Standard, Furniture, Premium, quality",Buy Premium Side Table Standard online. Best price. Premium trusted brand.
317,BrandX Bed Frame Standard,brandx-bed-frame-standard-317,Furniture,High-quality BrandX Bed Frame Standard. Perfect for everyday use with premium features.,319.53,352.93,50,products/furniture_020.jpg,products/furniture_020_2.jpg,products/furniture_020_3.jpg,BrandX,FUR-BRA-00317,True,True,"BrandX Bed Frame Standard, Furniture, BrandX, quality",Buy BrandX Bed Frame Standard online. Best price. BrandX trusted brand.
318,Organic Sofa,organic-sofa-318,Furniture,High-quality Organic Sofa. Perfect for everyday use with premium features.,286.62,412.72,11,products/furniture_021.jpg,products/furniture_021_2.jpg,products/furniture_021_3.jpg,Organic,FUR-ORG-00318,False,True,"Organic Sofa, Furniture, Organic, quality",Buy Organic Sofa online. Best price. Organic trusted brand.
319,Modern Coffee Table Pro,modern-coffee-table-pro-319,Furniture,High-quality Modern Coffee Table Pro. Perfect for everyday use with premium features.,304.05,358.55,41,products/furniture_022.jpg,products/furniture_022_2.jpg,products/furniture_022_3.jpg,Modern,FUR-MOD-00319,True,False,"Modern Coffee Table Pro, Furniture, Modern, quality",Buy Modern Coffee Table Pro online. Best price. Modern trusted brand.
320,ProMax Coffee Table Lite,promax-coffee-table-lite-320,Furniture,High-quality ProMax Coffee Table Lite. Perfect for everyday use with premium features.,183.44,259.35,12,products/furniture_023.jpg,products/furniture_023_2.jpg,products/furniture_023_3.jpg,ProMax,FUR-PRO-00320,False,True,"ProMax Coffee Table Lite, Furniture, ProMax, quality",Buy ProMax Coffee Table Lite online. Best price. ProMax trusted brand.
321,Ultra Nightstand Premium,ultra-nightstand-premium-321,Furniture,High-quality Ultra Nightstand Premium. Perfect for everyday use with premium features.,449.14,510.79,53,products/furniture_024.jpg,products/furniture_024_2.jpg,products/furniture_024_3.jpg,Ultra,FUR-ULT-00321,True,False,"Ultra Nightstand Premium, Furniture, Ultra, quality",Buy Ultra Nightstand Premium online. Best price. Ultra trusted brand.
322,Classic Bookshelf,classic-bookshelf-322,Furniture,High-quality Classic Bookshelf. Perfect for everyday use with premium features.,126.11,176.87,92,products/furniture_025.jpg,products/furniture_025_2.jpg,products/furniture_025_3.jpg,Classic,FUR-CLA-00322,True,True,"Classic Bookshelf, Furniture, Classic, quality",Buy Classic Bookshelf online. Best price. Classic trusted brand.
323,Premium Nightstand,premium-nightstand-323,Furniture,High-quality Premium Nightstand. Perfect for everyday use with premium features.,25.44,29.97,12,products/furniture_026.jpg,products/furniture_026_2.jpg,products/furniture_026_3.jpg,Premium,FUR-PRE-00323,True,True,"Premium Nightstand, Furniture, Premium, quality",Buy Premium Nightstand online. Best price. Premium trusted brand.
324,Natural Nightstand Pro,natural-nightstand-pro-324,Furniture,High-quality Natural Nightstand Pro. Perfect for everyday use with premium features.,423.95,475.57,80,products/furniture_027.jpg,products/furniture_027_2.jpg,products/furniture_027_3.jpg,Natural,FUR-NAT-00324,True,False,"Natural Nightstand Pro, Furniture, Natural, quality",Buy Natural Nightstand Pro online. Best price. Natural trusted brand.
325,ProMax Office Desk Plus,promax-office-desk-plus-325,Furniture,High-quality ProMax Office Desk Plus. Perfect for everyday use with premium features.,312.04,384.03,24,products/furniture_028.jpg,products/furniture_028_2.jpg,products/furniture_028_3.jpg,ProMax,FUR-PRO-00325,True,False,"ProMax Office Desk Plus, Furniture, ProMax, quality",Buy ProMax Office Desk Plus online. Best price. ProMax trusted brand.
326,Natural Sofa Plus,natural-sofa-plus-326,Furniture,High-quality Natural Sofa Plus. Perfect for everyday use with premium features.,45.81,56.91,47,products/furniture_029.jpg,products/furniture_029_2.jpg,products/furniture_029_3.jpg,Natural,FUR-NAT-00326,True,True,"Natural Sofa Plus, Furniture, Natural, quality",Buy Natural Sofa Plus online. Best price. Natural trusted brand.
327,ProMax Nightstand Plus,promax-nightstand-plus-327,Furniture,High-quality ProMax Nightstand Plus. Perfect for everyday use with premium features.,421.93,527.35,70,products/furniture_030.jpg,products/furniture_030_2.jpg,products/furniture_030_3.jpg,ProMax,FUR-PRO-00327,True,False,"ProMax Nightstand Plus, Furniture, ProMax, quality",Buy ProMax Nightstand Plus online. Best price. ProMax trusted brand.
328,BrandX Side Table Plus,brandx-side-table-plus-328,Furniture,High-quality BrandX Side Table Plus. Perfect for everyday use with premium features.,150.92,218.95,66,products/furniture_031.jpg,products/furniture_031_2.jpg,products/furniture_031_3.jpg,BrandX,FUR-BRA-00328,True,False,"BrandX Side Table Plus, Furniture, BrandX, quality",Buy BrandX Side Table Plus online. Best price. BrandX trusted brand.
329,Natural Sofa,natural-sofa-329,Furniture,High-quality Natural Sofa. Perfect for everyday use with premium features.,219.09,290.71,8,products/furniture_032.jpg,products/furniture_032_2.jpg,products/furniture_032_3.jpg,Natural,FUR-NAT-00329,True,False,"Natural Sofa, Furniture, Natural, quality",Buy Natural Sofa online. Best price. Natural trusted brand.
330,Elite Coffee Table Lite,elite-coffee-table-lite-330,Furniture,High-quality Elite Coffee Table Lite. Perfect for everyday use with premium features.,202.24,281.91,5,products/furniture_033.jpg,products/furniture_033_2.jpg,products/furniture_033_3.jpg,Elite,FUR-ELI-00330,True,True,"Elite Coffee Table Lite, Furniture, Elite, quality",Buy Elite Coffee Table Lite online. Best price. Elite trusted brand.
331,BrandX Window Shade Standard,brandx-window-shade-standard-331,Automotive,High-quality BrandX Window Shade Standard. Perfect for everyday use with premium features.,107.76,144.87,71,products/automotive_001.jpg,products/automotive_001_2.jpg,products/automotive_001_3.jpg,BrandX,AUT-BRA-00331,False,False,"BrandX Window Shade Standard, Automotive, BrandX, quality",Buy BrandX Window Shade Standard online. Best price. BrandX trusted brand.
332,Classic Seat Covers Max,classic-seat-covers-max-332,Automotive,High-quality Classic Seat Covers Max. Perfect for everyday use with premium features.,158.08,232.94,34,products/automotive_002.jpg,products/automotive_002_2.jpg,products/automotive_002_3.jpg,Classic,AUT-CLA-00332,False,True,"Classic Seat Covers Max, Automotive, Classic, quality",Buy Classic Seat Covers Max online. Best price. Classic trusted brand.
333,Modern Steering Cover Lite,modern-steering-cover-lite-333,Automotive,High-quality Modern Steering Cover Lite. Perfect for everyday use with premium features.,182.63,233.92,97,products/automotive_003.jpg,products/automotive_003_2.jpg,products/automotive_003_3.jpg,Modern,AUT-MOD-00333,False,True,"Modern Steering Cover Lite, Automotive, Modern, quality",Buy Modern Steering Cover Lite online. Best price. Modern trusted brand.
334,Smart Window Shade Pro,smart-window-shade-pro-334,Automotive,High-quality Smart Window Shade Pro. Perfect for everyday use with premium features.,110.87,160.94,81,products/automotive_004.jpg,products/automotive_004_2.jpg,products/automotive_004_3.jpg,Smart,AUT-SMA-00334,False,False,"Smart Window Shade Pro, Automotive, Smart, quality",Buy Smart Window Shade Pro online. Best price. Smart trusted brand.
335,Natural Steering Cover Standard,natural-steering-cover-standard-335,Automotive,High-quality Natural Steering Cover Standard. Perfect for everyday use with premium features.,179.17,224.9,16,products/automotive_005.jpg,products/automotive_005_2.jpg,products/automotive_005_3.jpg,Natural,AUT-NAT-00335,True,True,"Natural Steering Cover Standard, Automotive, Natural, quality",Buy Natural Steering Cover Standard online. Best price. Natural trusted brand.
336,Organic Phone Holder Lite,organic-phone-holder-lite-336,Automotive,High-quality Organic Phone Holder Lite. Perfect for everyday use with premium features.,454.41,629.19,31,products/automotive_006.jpg,products/automotive_006_2.jpg,products/automotive_006_3.jpg,Organic,AUT-ORG-00336,True,True,"Organic Phone Holder Lite, Automotive, Organic, quality",Buy Organic Phone Holder Lite online. Best price. Organic trusted brand.
337,Modern Car Mat Pro,modern-car-mat-pro-337,Automotive,High-quality Modern Car Mat Pro. Perfect for everyday use with premium features.,390.94,499.65,50,products/automotive_007.jpg,products/automotive_007_2.jpg,products/automotive_007_3.jpg,Modern,AUT-MOD-00337,False,False,"Modern Car Mat Pro, Automotive, Modern, quality",Buy Modern Car Mat Pro online. Best price. Modern trusted brand.
338,Ultra Steering Cover Max,ultra-steering-cover-max-338,Automotive,High-quality Ultra Steering Cover Max. Perfect for everyday use with premium features.,364.38,534.61,16,products/automotive_008.jpg,products/automotive_008_2.jpg,products/automotive_008_3.jpg,Ultra,AUT-ULT-00338,True,False,"Ultra Steering Cover Max, Automotive, Ultra, quality",Buy Ultra Steering Cover Max online. Best price. Ultra trusted brand.
339,Modern Seat Covers Max,modern-seat-covers-max-339,Automotive,High-quality Modern Seat Covers Max. Perfect for everyday use with premium features.,106.4,138.7,62,products/automotive_009.jpg,products/automotive_009_2.jpg,products/automotive_009_3.jpg,Modern,AUT-MOD-00339,False,False,"Modern Seat Covers Max, Automotive, Modern, quality",Buy Modern Seat Covers Max online. Best price. Modern trusted brand.
340,Elite Dashboard Cam Plus,elite-dashboard-cam-plus-340,Automotive,High-quality Elite Dashboard Cam Plus. Perfect for everyday use with premium features.,282.53,342.36,92,products/automotive_010.jpg,products/automotive_010_2.jpg,products/automotive_010_3.jpg,Elite,AUT-ELI-00340,True,False,"Elite Dashboard Cam Plus, Automotive, Elite, quality",Buy Elite Dashboard Cam Plus online. Best price. Elite trusted brand.
341,Natural Window Shade,natural-window-shade-341,Automotive,High-quality Natural Window Shade. Perfect for everyday use with premium features.,28.24,32.5,32,products/automotive_011.jpg,products/automotive_011_2.jpg,products/automotive_011_3.jpg,Natural,AUT-NAT-00341,True,False,"Natural Window Shade, Automotive, Natural, quality",Buy Natural Window Shade online. Best price. Natural trusted brand.
342,Organic Steering Cover Lite,organic-steering-cover-lite-342,Automotive,High-quality Organic Steering Cover Lite. Perfect for everyday use with premium features.,355.26,531.67,58,products/automotive_012.jpg,products/automotive_012_2.jpg,products/automotive_012_3.jpg,Organic,AUT-ORG-00342,True,False,"Organic Steering Cover Lite, Automotive, Organic, quality",Buy Organic Steering Cover Lite online. Best price. Organic trusted brand.
343,Natural Phone Holder Plus,natural-phone-holder-plus-343,Automotive,High-quality Natural Phone Holder Plus. Perfect for everyday use with premium features.,377.67,471.78,67,products/automotive_013.jpg,products/automotive_013_2.jpg,products/automotive_013_3.jpg,Natural,AUT-NAT-00343,False,True,"Natural Phone Holder Plus, Automotive, Natural, quality",Buy Natural Phone Holder Plus online. Best price. Natural trusted brand.
344,Classic Car Mat Plus,classic-car-mat-plus-344,Automotive,High-quality Classic Car Mat Plus. Perfect for everyday use with premium features.,455.79,635.25,17,products/automotive_014.jpg,products/automotive_014_2.jpg,products/automotive_014_3.jpg,Classic,AUT-CLA-00344,False,False,"Classic Car Mat Plus, Automotive, Classic, quality",Buy Classic Car Mat Plus online. Best price. Classic trusted brand.
345,Natural Seat Covers Standard,natural-seat-covers-standard-345,Automotive,High-quality Natural Seat Covers Standard. Perfect for everyday use with premium features.,13.81,15.58,52,products/automotive_015.jpg,products/automotive_015_2.jpg,products/automotive_015_3.jpg,Natural,AUT-NAT-00345,True,False,"Natural Seat Covers Standard, Automotive, Natural, quality",Buy Natural Seat Covers Standard online. Best price. Natural trusted brand.
346,Modern Cleaning Kit Lite,modern-cleaning-kit-lite-346,Automotive,High-quality Modern Cleaning Kit Lite. Perfect for everyday use with premium features.,497.1,730.63,10,products/automotive_016.jpg,products/automotive_016_2.jpg,products/automotive_016_3.jpg,Modern,AUT-MOD-00346,True,True,"Modern Cleaning Kit Lite, Automotive, Modern, quality",Buy Modern Cleaning Kit Lite online. Best price. Modern trusted brand.
347,Organic Phone Holder Lite,organic-phone-holder-lite-347,Automotive,High-quality Organic Phone Holder Lite. Perfect for everyday use with premium features.,371.62,552.68,94,products/automotive_017.jpg,products/automotive_017_2.jpg,products/automotive_017_3.jpg,Organic,AUT-ORG-00347,True,False,"Organic Phone Holder Lite, Automotive, Organic, quality",Buy Organic Phone Holder Lite online. Best price. Organic trusted brand.
348,Smart Window Shade Pro,smart-window-shade-pro-348,Automotive,High-quality Smart Window Shade Pro. Perfect for everyday use with premium features.,141.11,194.88,93,products/automotive_018.jpg,products/automotive_018_2.jpg,products/automotive_018_3.jpg,Smart,AUT-SMA-00348,True,False,"Smart Window Shade Pro, Automotive, Smart, quality",Buy Smart Window Shade Pro online. Best price. Smart trusted brand.
349,Smart Cleaning Kit Premium,smart-cleaning-kit-premium-349,Automotive,High-quality Smart Cleaning Kit Premium. Perfect for everyday use with premium features.,185.22,234.55,77,products/automotive_019.jpg,products/automotive_019_2.jpg,products/automotive_019_3.jpg,Smart,AUT-SMA-00349,True,False,"Smart Cleaning Kit Premium, Automotive, Smart, quality",Buy Smart Cleaning Kit Premium online. Best price. Smart trusted brand.
350,Premium Car Mat Lite,premium-car-mat-lite-350,Automotive,High-quality Premium Car Mat Lite. Perfect for everyday use with premium features.,22.44,28.67,63,products/automotive_020.jpg,products/automotive_020_2.jpg,products/automotive_020_3.jpg,Premium,AUT-PRE-00350,True,False,"Premium Car Mat Lite, Automotive, Premium, quality",Buy Premium Car Mat Lite online. Best price. Premium trusted brand.
351,Natural Dashboard Cam,natural-dashboard-cam-351,Automotive,High-quality Natural Dashboard Cam. Perfect for everyday use with premium features.,486.97,554.8,9,products/automotive_021.jpg,products/automotive_021_2.jpg,products/automotive_021_3.jpg,Natural,AUT-NAT-00351,True,False,"Natural Dashboard Cam, Automotive, Natural, quality",Buy Natural Dashboard Cam online. Best price. Natural trusted brand.
352,BrandX Dashboard Cam Lite,brandx-dashboard-cam-lite-352,Automotive,High-quality BrandX Dashboard Cam Lite. Perfect for everyday use with premium features.,267.16,297.48,88,products/automotive_022.jpg,products/automotive_022_2.jpg,products/automotive_022_3.jpg,BrandX,AUT-BRA-00352,False,False,"BrandX Dashboard Cam Lite, Automotive, BrandX, quality",Buy BrandX Dashboard Cam Lite online. Best price. BrandX trusted brand.
353,Classic Steering Cover Plus,classic-steering-cover-plus-353,Automotive,High-quality Classic Steering Cover Plus. Perfect for everyday use with premium features.,432.56,485.42,96,products/automotive_023.jpg,products/automotive_023_2.jpg,products/automotive_023_3.jpg,Classic,AUT-CLA-00353,False,True,"Classic Steering Cover Plus, Automotive, Classic, quality",Buy Classic Steering Cover Plus online. Best price. Classic trusted brand.
354,Elite Dashboard Cam Standard,elite-dashboard-cam-standard-354,Automotive,High-quality Elite Dashboard Cam Standard. Perfect for everyday use with premium features.,199.39,260.2,31,products/automotive_024.jpg,products/automotive_024_2.jpg,products/automotive_024_3.jpg,Elite,AUT-ELI-00354,True,True,"Elite Dashboard Cam Standard, Automotive, Elite, quality",Buy Elite Dashboard Cam Standard online. Best price. Elite trusted brand.
355,Modern Phone Holder Pro,modern-phone-holder-pro-355,Automotive,High-quality Modern Phone Holder Pro. Perfect for everyday use with premium features.,339.35,393.88,62,products/automotive_025.jpg,products/automotive_025_2.jpg,products/automotive_025_3.jpg,Modern,AUT-MOD-00355,True,True,"Modern Phone Holder Pro, Automotive, Modern, quality",Buy Modern Phone Holder Pro online. Best price. Modern trusted brand.
356,Ultra Car Vacuum Lite,ultra-car-vacuum-lite-356,Automotive,High-quality Ultra Car Vacuum Lite. Perfect for everyday use with premium features.,290.13,322.89,21,products/automotive_026.jpg,products/automotive_026_2.jpg,products/automotive_026_3.jpg,Ultra,AUT-ULT-00356,True,True,"Ultra Car Vacuum Lite, Automotive, Ultra, quality",Buy Ultra Car Vacuum Lite online. Best price. Ultra trusted brand.
357,Elite Seat Covers Pro,elite-seat-covers-pro-357,Automotive,High-quality Elite Seat Covers Pro. Perfect for everyday use with premium features.,48.58,58.73,78,products/automotive_027.jpg,products/automotive_027_2.jpg,products/automotive_027_3.jpg,Elite,AUT-ELI-00357,True,False,"Elite Seat Covers Pro, Automotive, Elite, quality",Buy Elite Seat Covers Pro online. Best price. Elite trusted brand.
358,Elite Seat Covers Premium,elite-seat-covers-premium-358,Automotive,High-quality Elite Seat Covers Premium. Perfect for everyday use with premium features.,393.25,520.95,35,products/automotive_028.jpg,products/automotive_028_2.jpg,products/automotive_028_3.jpg,Elite,AUT-ELI-00358,True,False,"Elite Seat Covers Premium, Automotive, Elite, quality",Buy Elite Seat Covers Premium online. Best price. Elite trusted brand.
359,Ultra Dashboard Cam Pro,ultra-dashboard-cam-pro-359,Automotive,High-quality Ultra Dashboard Cam Pro. Perfect for everyday use with premium features.,186.88,259.35,21,products/automotive_029.jpg,products/automotive_029_2.jpg,products/automotive_029_3.jpg,Ultra,AUT-ULT-00359,False,False,"Ultra Dashboard Cam Pro, Automotive, Ultra, quality",Buy Ultra Dashboard Cam Pro online. Best price. Ultra trusted brand.
360,Premium Seat Covers,premium-seat-covers-360,Automotive,High-quality Premium Seat Covers. Perfect for everyday use with premium features.,293.51,346.25,58,products/automotive_030.jpg,products/automotive_030_2.jpg,products/automotive_030_3.jpg,Premium,AUT-PRE-00360,True,False,"Premium Seat Covers, Automotive, Premium, quality",Buy Premium Seat Covers online. Best price. Premium trusted brand.
361,Classic Steering Cover Premium,classic-steering-cover-premium-361,Automotive,High-quality Classic Steering Cover Premium. Perfect for everyday use with premium features.,169.88,216.17,9,products/automotive_031.jpg,products/automotive_031_2.jpg,products/automotive_031_3.jpg,Classic,AUT-CLA-00361,True,True,"Classic Steering Cover Premium, Automotive, Classic, quality",Buy Classic Steering Cover Premium online. Best price. Classic trusted brand.
362,Organic Car Vacuum Plus,organic-car-vacuum-plus-362,Automotive,High-quality Organic Car Vacuum Plus. Perfect for everyday use with premium features.,268.15,318.71,43,products/automotive_032.jpg,products/automotive_032_2.jpg,products/automotive_032_3.jpg,Organic,AUT-ORG-00362,False,True,"Organic Car Vacuum Plus, Automotive, Organic, quality",Buy Organic Car Vacuum Plus online. Best price. Organic trusted brand.
363,Smart Steering Cover Pro,smart-steering-cover-pro-363,Automotive,High-quality Smart Steering Cover Pro. Perfect for everyday use with premium features.,458.38,648.18,30,products/automotive_033.jpg,products/automotive_033_2.jpg,products/automotive_033_3.jpg,Smart,AUT-SMA-00363,False,False,"Smart Steering Cover Pro, Automotive, Smart, quality",Buy Smart Steering Cover Pro online. Best price. Smart trusted brand.
364,BrandX Seeds Plus,brandx-seeds-plus-364,Garden,High-quality BrandX Seeds Plus. Perfect for everyday use with premium features.,377.67,482.25,61,products/garden_001.jpg,products/garden_001_2.jpg,products/garden_001_3.jpg,BrandX,GAR-BRA-00364,True,False,"BrandX Seeds Plus, Garden, BrandX, quality",Buy BrandX Seeds Plus online. Best price. BrandX trusted brand.
365,Elite Pruning Shears Plus,elite-pruning-shears-plus-365,Garden,High-quality Elite Pruning Shears Plus. Perfect for everyday use with premium features.,30.31,33.93,66,products/garden_002.jpg,products/garden_002_2.jpg,products/garden_002_3.jpg,Elite,GAR-ELI-00365,False,False,"Elite Pruning Shears Plus, Garden, Elite, quality",Buy Elite Pruning Shears Plus online. Best price. Elite trusted brand.
366,Premium Spade Plus,premium-spade-plus-366,Garden,High-quality Premium Spade Plus. Perfect for everyday use with premium features.,412.66,535.36,67,products/garden_003.jpg,products/garden_003_2.jpg,products/garden_003_3.jpg,Premium,GAR-PRE-00366,True,False,"Premium Spade Plus, Garden, Premium, quality",Buy Premium Spade Plus online. Best price. Premium trusted brand.
367,ProMax Plant Pot Standard,promax-plant-pot-standard-367,Garden,High-quality ProMax Plant Pot Standard. Perfect for everyday use with premium features.,365.07,519.16,30,products/garden_004.jpg,products/garden_004_2.jpg,products/garden_004_3.jpg,ProMax,GAR-PRO-00367,False,False,"ProMax Plant Pot Standard, Garden, ProMax, quality",Buy ProMax Plant Pot Standard online. Best price. ProMax trusted brand.
368,Classic Watering Can Lite,classic-watering-can-lite-368,Garden,High-quality Classic Watering Can Lite. Perfect for everyday use with premium features.,287.76,349.91,69,products/garden_005.jpg,products/garden_005_2.jpg,products/garden_005_3.jpg,Classic,GAR-CLA-00368,True,False,"Classic Watering Can Lite, Garden, Classic, quality",Buy Classic Watering Can Lite online. Best price. Classic trusted brand.
369,Smart Rake,smart-rake-369,Garden,High-quality Smart Rake. Perfect for everyday use with premium features.,486.7,609.52,100,products/garden_006.jpg,products/garden_006_2.jpg,products/garden_006_3.jpg,Smart,GAR-SMA-00369,True,False,"Smart Rake, Garden, Smart, quality",Buy Smart Rake online. Best price. Smart trusted brand.
370,ProMax Plant Pot Pro,promax-plant-pot-pro-370,Garden,High-quality ProMax Plant Pot Pro. Perfect for everyday use with premium features.,474.07,563.9,72,products/garden_007.jpg,products/garden_007_2.jpg,products/garden_007_3.jpg,ProMax,GAR-PRO-00370,True,True,"ProMax Plant Pot Pro, Garden, ProMax, quality",Buy ProMax Plant Pot Pro online. Best price. ProMax trusted brand.
371,Elite Garden Tool Set Premium,elite-garden-tool-set-premium-371,Garden,High-quality Elite Garden Tool Set Premium. Perfect for everyday use with premium features.,319.65,467.25,99,products/garden_008.jpg,products/garden_008_2.jpg,products/garden_008_3.jpg,Elite,GAR-ELI-00371,False,True,"Elite Garden Tool Set Premium, Garden, Elite, quality",Buy Elite Garden Tool Set Premium online. Best price. Elite trusted brand.
372,Premium Watering Can Max,premium-watering-can-max-372,Garden,High-quality Premium Watering Can Max. Perfect for everyday use with premium features.,28.21,31.08,46,products/garden_009.jpg,products/garden_009_2.jpg,products/garden_009_3.jpg,Premium,GAR-PRE-00372,True,False,"Premium Watering Can Max, Garden, Premium, quality",Buy Premium Watering Can Max online. Best price. Premium trusted brand.
373,Natural Pruning Shears Max,natural-pruning-shears-max-373,Garden,High-quality Natural Pruning Shears Max. Perfect for everyday use with premium features.,211.05,247.39,81,products/garden_010.jpg,products/garden_010_2.jpg,products/garden_010_3.jpg,Natural,GAR-NAT-00373,True,False,"Natural Pruning Shears Max, Garden, Natural, quality",Buy Natural Pruning Shears Max online. Best price. Natural trusted brand.
374,Modern Gardening Gloves Pro,modern-gardening-gloves-pro-374,Garden,High-quality Modern Gardening Gloves Pro. Perfect for everyday use with premium features.,403.74,536.82,39,products/garden_011.jpg,products/garden_011_2.jpg,products/garden_011_3.jpg,Modern,GAR-MOD-00374,True,True,"Modern Gardening Gloves Pro, Garden, Modern, quality",Buy Modern Gardening Gloves Pro online. Best price. Modern trusted brand.
375,Smart Compost Bin Plus,smart-compost-bin-plus-375,Garden,High-quality Smart Compost Bin Plus. Perfect for everyday use with premium features.,271.37,383.72,56,products/garden_012.jpg,products/garden_012_2.jpg,products/garden_012_3.jpg,Smart,GAR-SMA-00375,True,False,"Smart Compost Bin Plus, Garden, Smart, quality",Buy Smart Compost Bin Plus online. Best price. Smart trusted brand.
376,Elite Plant Pot Standard,elite-plant-pot-standard-376,Garden,High-quality Elite Plant Pot Standard. Perfect for everyday use with premium features.,58.63,69.24,12,products/garden_013.jpg,products/garden_013_2.jpg,products/garden_013_3.jpg,Elite,GAR-ELI-00376,True,False,"Elite Plant Pot Standard, Garden, Elite, quality",Buy Elite Plant Pot Standard online. Best price. Elite trusted brand.
377,BrandX Plant Stand Standard,brandx-plant-stand-standard-377,Garden,High-quality BrandX Plant Stand Standard. Perfect for everyday use with premium features.,131.85,173.99,79,products/garden_014.jpg,products/garden_014_2.jpg,products/garden_014_3.jpg,BrandX,GAR-BRA-00377,True,False,"BrandX Plant Stand Standard, Garden, BrandX, quality",Buy BrandX Plant Stand Standard online. Best price. BrandX trusted brand.
378,Natural Garden Tool Set,natural-garden-tool-set-378,Garden,High-quality Natural Garden Tool Set. Perfect for everyday use with premium features.,71.99,86.53,22,products/garden_015.jpg,products/garden_015_2.jpg,products/garden_015_3.jpg,Natural,GAR-NAT-00378,False,False,"Natural Garden Tool Set, Garden, Natural, quality",Buy Natural Garden Tool Set online. Best price. Natural trusted brand.
379,ProMax Plant Stand Max,promax-plant-stand-max-379,Garden,High-quality ProMax Plant Stand Max. Perfect for everyday use with premium features.,221.65,258.83,63,products/garden_016.jpg,products/garden_016_2.jpg,products/garden_016_3.jpg,ProMax,GAR-PRO-00379,False,False,"ProMax Plant Stand Max, Garden, ProMax, quality",Buy ProMax Plant Stand Max online. Best price. ProMax trusted brand.
380,Natural Spade Pro,natural-spade-pro-380,Garden,High-quality Natural Spade Pro. Perfect for everyday use with premium features.,222.94,268.83,72,products/garden_017.jpg,products/garden_017_2.jpg,products/garden_017_3.jpg,Natural,GAR-NAT-00380,True,True,"Natural Spade Pro, Garden, Natural, quality",Buy Natural Spade Pro online. Best price. Natural trusted brand.
381,Elite Plant Stand Max,elite-plant-stand-max-381,Garden,High-quality Elite Plant Stand Max. Perfect for everyday use with premium features.,291.87,364.1,30,products/garden_018.jpg,products/garden_018_2.jpg,products/garden_018_3.jpg,Elite,GAR-ELI-00381,True,False,"Elite Plant Stand Max, Garden, Elite, quality",Buy Elite Plant Stand Max online. Best price. Elite trusted brand.
382,Organic Watering Can Max,organic-watering-can-max-382,Garden,High-quality Organic Watering Can Max. Perfect for everyday use with premium features.,280.7,420.53,69,products/garden_019.jpg,products/garden_019_2.jpg,products/garden_019_3.jpg,Organic,GAR-ORG-00382,False,True,"Organic Watering Can Max, Garden, Organic, quality",Buy Organic Watering Can Max online. Best price. Organic trusted brand.
383,Modern Spade Lite,modern-spade-lite-383,Garden,High-quality Modern Spade Lite. Perfect for everyday use with premium features.,255.54,318.0,55,products/garden_020.jpg,products/garden_020_2.jpg,products/garden_020_3.jpg,Modern,GAR-MOD-00383,False,True,"Modern Spade Lite, Garden, Modern, quality",Buy Modern Spade Lite online. Best price. Modern trusted brand.
384,Smart Spade Max,smart-spade-max-384,Garden,High-quality Smart Spade Max. Perfect for everyday use with premium features.,314.28,426.46,79,products/garden_021.jpg,products/garden_021_2.jpg,products/garden_021_3.jpg,Smart,GAR-SMA-00384,False,False,"Smart Spade Max, Garden, Smart, quality",Buy Smart Spade Max online. Best price. Smart trusted brand.
385,Natural Rake Pro,natural-rake-pro-385,Garden,High-quality Natural Rake Pro. Perfect for everyday use with premium features.,126.32,165.9,62,products/garden_022.jpg,products/garden_022_2.jpg,products/garden_022_3.jpg,Natural,GAR-NAT-00385,True,False,"Natural Rake Pro, Garden, Natural, quality",Buy Natural Rake Pro online. Best price. Natural trusted brand.
386,ProMax Gardening Gloves Premium,promax-gardening-gloves-premium-386,Garden,High-quality ProMax Gardening Gloves Premium. Perfect for everyday use with premium features.,113.82,145.82,98,products/garden_023.jpg,products/garden_023_2.jpg,products/garden_023_3.jpg,ProMax,GAR-PRO-00386,False,False,"ProMax Gardening Gloves Premium, Garden, ProMax, quality",Buy ProMax Gardening Gloves Premium online. Best price. ProMax trusted brand.
387,BrandX Pruning Shears Lite,brandx-pruning-shears-lite-387,Garden,High-quality BrandX Pruning Shears Lite. Perfect for everyday use with premium features.,200.39,236.04,89,products/garden_024.jpg,products/garden_024_2.jpg,products/garden_024_3.jpg,BrandX,GAR-BRA-00387,False,False,"BrandX Pruning Shears Lite, Garden, BrandX, quality",Buy BrandX Pruning Shears Lite online. Best price. BrandX trusted brand.
388,Natural Garden Tool Set Plus,natural-garden-tool-set-plus-388,Garden,High-quality Natural Garden Tool Set Plus. Perfect for everyday use with premium features.,418.65,461.46,0,products/garden_025.jpg,products/garden_025_2.jpg,products/garden_025_3.jpg,Natural,GAR-NAT-00388,True,False,"Natural Garden Tool Set Plus, Garden, Natural, quality",Buy Natural Garden Tool Set Plus online. Best price. Natural trusted brand.
389,Modern Gardening Gloves,modern-gardening-gloves-389,Garden,High-quality Modern Gardening Gloves. Perfect for everyday use with premium features.,54.37,73.88,55,products/garden_026.jpg,products/garden_026_2.jpg,products/garden_026_3.jpg,Modern,GAR-MOD-00389,True,False,"Modern Gardening Gloves, Garden, Modern, quality",Buy Modern Gardening Gloves online. Best price. Modern trusted brand.
390,ProMax Compost Bin Premium,promax-compost-bin-premium-390,Garden,High-quality ProMax Compost Bin Premium. Perfect for everyday use with premium features.,52.34,66.74,51,products/garden_027.jpg,products/garden_027_2.jpg,products/garden_027_3.jpg,ProMax,GAR-PRO-00390,False,False,"ProMax Compost Bin Premium, Garden, ProMax, quality",Buy ProMax Compost Bin Premium online. Best price. ProMax trusted brand.
391,Premium Garden Tool Set Pro,premium-garden-tool-set-pro-391,Garden,High-quality Premium Garden Tool Set Pro. Perfect for everyday use with premium features.,68.18,94.37,40,products/garden_028.jpg,products/garden_028_2.jpg,products/garden_028_3.jpg,Premium,GAR-PRE-00391,True,False,"Premium Garden Tool Set Pro, Garden, Premium, quality",Buy Premium Garden Tool Set Pro online. Best price. Premium trusted brand.
392,Elite Garden Tool Set Plus,elite-garden-tool-set-plus-392,Garden,High-quality Elite Garden Tool Set Plus. Perfect for everyday use with premium features.,336.83,383.07,8,products/garden_029.jpg,products/garden_029_2.jpg,products/garden_029_3.jpg,Elite,GAR-ELI-00392,True,True,"Elite Garden Tool Set Plus, Garden, Elite, quality",Buy Elite Garden Tool Set Plus online. Best price. Elite trusted brand.
393,ProMax Garden Tool Set Standard,promax-garden-tool-set-standard-393,Garden,High-quality ProMax Garden Tool Set Standard. Perfect for everyday use with premium features.,15.85,18.76,23,products/garden_030.jpg,products/garden_030_2.jpg,products/garden_030_3.jpg,ProMax,GAR-PRO-00393,True,False,"ProMax Garden Tool Set Standard, Garden, ProMax, quality",Buy ProMax Garden Tool Set Standard online. Best price. ProMax trusted brand.
394,Smart Seeds Max,smart-seeds-max-394,Garden,High-quality Smart Seeds Max. Perfect for everyday use with premium features.,61.89,76.21,89,products/garden_031.jpg,products/garden_031_2.jpg,products/garden_031_3.jpg,Smart,GAR-SMA-00394,True,False,"Smart Seeds Max, Garden, Smart, quality",Buy Smart Seeds Max online. Best price. Smart trusted brand.
395,ProMax Rake Lite,promax-rake-lite-395,Garden,High-quality ProMax Rake Lite. Perfect for everyday use with premium features.,39.59,55.0,37,products/garden_032.jpg,products/garden_032_2.jpg,products/garden_032_3.jpg,ProMax,GAR-PRO-00395,False,True,"ProMax Rake Lite, Garden, ProMax, quality",Buy ProMax Rake Lite online. Best price. ProMax trusted brand.
396,Modern Gardening Gloves Max,modern-gardening-gloves-max-396,Garden,High-quality Modern Gardening Gloves Max. Perfect for everyday use with premium features.,206.76,307.13,60,products/garden_033.jpg,products/garden_033_2.jpg,products/garden_033_3.jpg,Modern,GAR-MOD-00396,True,False,"Modern Gardening Gloves Max, Garden, Modern, quality",Buy Modern Gardening Gloves Max online. Best price. Modern trusted brand.
397,Ultra Folder Max,ultra-folder-max-397,Office Supplies,High-quality Ultra Folder Max. Perfect for everyday use with premium features.,243.75,273.66,91,products/office_supplies_001.jpg,products/office_supplies_001_2.jpg,products/office_supplies_001_3.jpg,Ultra,OFF-ULT-00397,True,False,"Ultra Folder Max, Office Supplies, Ultra, quality",Buy Ultra Folder Max online. Best price. Ultra trusted brand.
398,Modern File Organizer Lite,modern-file-organizer-lite-398,Office Supplies,High-quality Modern File Organizer Lite. Perfect for everyday use with premium features.,485.7,628.12,9,products/office_supplies_002.jpg,products/office_supplies_002_2.jpg,products/office_supplies_002_3.jpg,Modern,OFF-MOD-00398,False,False,"Modern File Organizer Lite, Office Supplies, Modern, quality",Buy Modern File Organizer Lite online. Best price. Modern trusted brand.
399,Classic Pencil Lite,classic-pencil-lite-399,Office Supplies,High-quality Classic Pencil Lite. Perfect for everyday use with premium features.,422.97,575.27,63,products/office_supplies_003.jpg,products/office_supplies_003_2.jpg,products/office_supplies_003_3.jpg,Classic,OFF-CLA-00399,True,False,"Classic Pencil Lite, Office Supplies, Classic, quality",Buy Classic Pencil Lite online. Best price. Classic trusted brand.
400,Natural File Organizer Standard,natural-file-organizer-standard-400,Office Supplies,High-quality Natural File Organizer Standard. Perfect for everyday use with premium features.,488.22,710.1,4,products/office_supplies_004.jpg,products/office_supplies_004_2.jpg,products/office_supplies_004_3.jpg,Natural,OFF-NAT-00400,True,False,"Natural File Organizer Standard, Office Supplies, Natural, quality",Buy Natural File Organizer Standard online. Best price. Natural trusted brand.
401,ProMax Markers Max,promax-markers-max-401,Office Supplies,High-quality ProMax Markers Max. Perfect for everyday use with premium features.,208.31,295.92,32,products/office_supplies_005.jpg,products/office_supplies_005_2.jpg,products/office_supplies_005_3.jpg,ProMax,OFF-PRO-00401,True,False,"ProMax Markers Max, Office Supplies, ProMax, quality",Buy ProMax Markers Max online. Best price. ProMax trusted brand.
402,Premium Tape Premium,premium-tape-premium-402,Office Supplies,High-quality Premium Tape Premium. Perfect for everyday use with premium features.,326.82,477.21,15,products/office_supplies_006.jpg,products/office_supplies_006_2.jpg,products/office_supplies_006_3.jpg,Premium,OFF-PRE-00402,True,False,"Premium Tape Premium, Office Supplies, Premium, quality",Buy Premium Tape Premium online. Best price. Premium trusted brand.
403,Natural Paper Clips Standard,natural-paper-clips-standard-403,Office Supplies,High-quality Natural Paper Clips Standard. Perfect for everyday use with premium features.,429.07,582.68,83,products/office_supplies_007.jpg,products/office_supplies_007_2.jpg,products/office_supplies_007_3.jpg,Natural,OFF-NAT-00403,True,False,"Natural Paper Clips Standard, Office Supplies, Natural, quality",Buy Natural Paper Clips Standard online. Best price. Natural trusted brand.
404,Premium Pen Set Plus,premium-pen-set-plus-404,Office Supplies,High-quality Premium Pen Set Plus. Perfect for everyday use with premium features.,412.59,600.75,29,products/office_supplies_008.jpg,products/office_supplies_008_2.jpg,products/office_supplies_008_3.jpg,Premium,OFF-PRE-00404,True,False,"Premium Pen Set Plus, Office Supplies, Premium, quality",Buy Premium Pen Set Plus online. Best price. Premium trusted brand.
405,Organic Notebook Pro,organic-notebook-pro-405,Office Supplies,High-quality Organic Notebook Pro. Perfect for everyday use with premium features.,436.43,643.83,62,products/office_supplies_009.jpg,products/office_supplies_009_2.jpg,products/office_supplies_009_3.jpg,Organic,OFF-ORG-00405,True,False,"Organic Notebook Pro, Office Supplies, Organic, quality",Buy Organic Notebook Pro online. Best price. Organic trusted brand.
406,Modern Pen Set Standard,modern-pen-set-standard-406,Office Supplies,High-quality Modern Pen Set Standard. Perfect for everyday use with premium features.,11.13,15.51,22,products/office_supplies_010.jpg,products/office_supplies_010_2.jpg,products/office_supplies_010_3.jpg,Modern,OFF-MOD-00406,False,False,"Modern Pen Set Standard, Office Supplies, Modern, quality",Buy Modern Pen Set Standard online. Best price. Modern trusted brand.
407,Modern Stapler Premium,modern-stapler-premium-407,Office Supplies,High-quality Modern Stapler Premium. Perfect for everyday use with premium features.,166.8,222.67,40,products/office_supplies_011.jpg,products/office_supplies_011_2.jpg,products/office_supplies_011_3.jpg,Modern,OFF-MOD-00407,False,False,"Modern Stapler Premium, Office Supplies, Modern, quality",Buy Modern Stapler Premium online. Best price. Modern trusted brand.
408,Ultra Folder Standard,ultra-folder-standard-408,Office Supplies,High-quality Ultra Folder Standard. Perfect for everyday use with premium features.,230.18,273.68,80,products/office_supplies_012.jpg,products/office_supplies_012_2.jpg,products/office_supplies_012_3.jpg,Ultra,OFF-ULT-00408,True,False,"Ultra Folder Standard, Office Supplies, Ultra, quality",Buy Ultra Folder Standard online. Best price. Ultra trusted brand.
409,ProMax Desk Organizer Premium,promax-desk-organizer-premium-409,Office Supplies,High-quality ProMax Desk Organizer Premium. Perfect for everyday use with premium features.,446.73,548.2,58,products/office_supplies_013.jpg,products/office_supplies_013_2.jpg,products/office_supplies_013_3.jpg,ProMax,OFF-PRO-00409,True,False,"ProMax Desk Organizer Premium, Office Supplies, ProMax, quality",Buy ProMax Desk Organizer Premium online. Best price. ProMax trusted brand.
410,Organic Tape Lite,organic-tape-lite-410,Office Supplies,High-quality Organic Tape Lite. Perfect for everyday use with premium features.,414.15,521.25,5,products/office_supplies_014.jpg,products/office_supplies_014_2.jpg,products/office_supplies_014_3.jpg,Organic,OFF-ORG-00410,True,False,"Organic Tape Lite, Office Supplies, Organic, quality",Buy Organic Tape Lite online. Best price. Organic trusted brand.
411,Classic Pencil Pro,classic-pencil-pro-411,Office Supplies,High-quality Classic Pencil Pro. Perfect for everyday use with premium features.,57.46,65.21,93,products/office_supplies_015.jpg,products/office_supplies_015_2.jpg,products/office_supplies_015_3.jpg,Classic,OFF-CLA-00411,False,True,"Classic Pencil Pro, Office Supplies, Classic, quality",Buy Classic Pencil Pro online. Best price. Classic trusted brand.
412,Classic Stapler Max,classic-stapler-max-412,Office Supplies,High-quality Classic Stapler Max. Perfect for everyday use with premium features.,216.26,271.86,56,products/office_supplies_016.jpg,products/office_supplies_016_2.jpg,products/office_supplies_016_3.jpg,Classic,OFF-CLA-00412,True,False,"Classic Stapler Max, Office Supplies, Classic, quality",Buy Classic Stapler Max online. Best price. Classic trusted brand.
413,BrandX File Organizer,brandx-file-organizer-413,Office Supplies,High-quality BrandX File Organizer. Perfect for everyday use with premium features.,318.85,431.21,60,products/office_supplies_017.jpg,products/office_supplies_017_2.jpg,products/office_supplies_017_3.jpg,BrandX,OFF-BRA-00413,True,False,"BrandX File Organizer, Office Supplies, BrandX, quality",Buy BrandX File Organizer online. Best price. BrandX trusted brand.
414,Modern Paper Clips,modern-paper-clips-414,Office Supplies,High-quality Modern Paper Clips. Perfect for everyday use with premium features.,401.01,492.75,42,products/office_supplies_018.jpg,products/office_supplies_018_2.jpg,products/office_supplies_018_3.jpg,Modern,OFF-MOD-00414,True,False,"Modern Paper Clips, Office Supplies, Modern, quality",Buy Modern Paper Clips online. Best price. Modern trusted brand.
415,Elite File Organizer Lite,elite-file-organizer-lite-415,Office Supplies,High-quality Elite File Organizer Lite. Perfect for everyday use with premium features.,249.65,332.06,55,products/office_supplies_019.jpg,products/office_supplies_019_2.jpg,products/office_supplies_019_3.jpg,Elite,OFF-ELI-00415,True,False,"Elite File Organizer Lite, Office Supplies, Elite, quality",Buy Elite File Organizer Lite online. Best price. Elite trusted brand.
416,Classic Tape Standard,classic-tape-standard-416,Office Supplies,High-quality Classic Tape Standard. Perfect for everyday use with premium features.,129.69,173.26,55,products/office_supplies_020.jpg,products/office_supplies_020_2.jpg,products/office_supplies_020_3.jpg,Classic,OFF-CLA-00416,True,False,"Classic Tape Standard, Office Supplies, Classic, quality",Buy Classic Tape Standard online. Best price. Classic trusted brand.
417,Natural File Organizer Premium,natural-file-organizer-premium-417,Office Supplies,High-quality Natural File Organizer Premium. Perfect for everyday use with premium features.,497.16,581.83,61,products/office_supplies_021.jpg,products/office_supplies_021_2.jpg,products/office_supplies_021_3.jpg,Natural,OFF-NAT-00417,True,True,"Natural File Organizer Premium, Office Supplies, Natural, quality",Buy Natural File Organizer Premium online. Best price. Natural trusted brand.
418,Premium Tape Pro,premium-tape-pro-418,Office Supplies,High-quality Premium Tape Pro. Perfect for everyday use with premium features.,155.47,203.06,99,products/office_supplies_022.jpg,products/office_supplies_022_2.jpg,products/office_supplies_022_3.jpg,Premium,OFF-PRE-00418,True,False,"Premium Tape Pro, Office Supplies, Premium, quality",Buy Premium Tape Pro online. Best price. Premium trusted brand.
419,BrandX Pencil Max,brandx-pencil-max-419,Office Supplies,High-quality BrandX Pencil Max. Perfect for everyday use with premium features.,231.58,293.75,52,products/office_supplies_023.jpg,products/office_supplies_023_2.jpg,products/office_supplies_023_3.jpg,BrandX,OFF-BRA-00419,True,True,"BrandX Pencil Max, Office Supplies, BrandX, quality",Buy BrandX Pencil Max online. Best price. BrandX trusted brand.
420,Smart Markers Plus,smart-markers-plus-420,Office Supplies,High-quality Smart Markers Plus. Perfect for everyday use with premium features.,134.88,155.93,0,products/office_supplies_024.jpg,products/office_supplies_024_2.jpg,products/office_supplies_024_3.jpg,Smart,OFF-SMA-00420,False,False,"Smart Markers Plus, Office Supplies, Smart, quality",Buy Smart Markers Plus online. Best price. Smart trusted brand.
421,Modern Pencil,modern-pencil-421,Office Supplies,High-quality Modern Pencil. Perfect for everyday use with premium features.,293.6,405.43,45,products/office_supplies_025.jpg,products/office_supplies_025_2.jpg,products/office_supplies_025_3.jpg,Modern,OFF-MOD-00421,True,False,"Modern Pencil, Office Supplies, Modern, quality",Buy Modern Pencil online. Best price. Modern trusted brand.
422,Premium Whiteboard,premium-whiteboard-422,Office Supplies,High-quality Premium Whiteboard. Perfect for everyday use with premium features.,60.14,71.25,29,products/office_supplies_026.jpg,products/office_supplies_026_2.jpg,products/office_supplies_026_3.jpg,Premium,OFF-PRE-00422,True,False,"Premium Whiteboard, Office Supplies, Premium, quality",Buy Premium Whiteboard online. Best price. Premium trusted brand.
423,ProMax Folder Pro,promax-folder-pro-423,Office Supplies,High-quality ProMax Folder Pro. Perfect for everyday use with premium features.,13.64,17.76,75,products/office_supplies_027.jpg,products/office_supplies_027_2.jpg,products/office_supplies_027_3.jpg,ProMax,OFF-PRO-00423,True,False,"ProMax Folder Pro, Office Supplies, ProMax, quality",Buy ProMax Folder Pro online. Best price. ProMax trusted brand.
424,Smart Pen Set Premium,smart-pen-set-premium-424,Office Supplies,High-quality Smart Pen Set Premium. Perfect for everyday use with premium features.,160.38,236.31,17,products/office_supplies_028.jpg,products/office_supplies_028_2.jpg,products/office_supplies_028_3.jpg,Smart,OFF-SMA-00424,False,False,"Smart Pen Set Premium, Office Supplies, Smart, quality",Buy Smart Pen Set Premium online. Best price. Smart trusted brand.
425,Premium Whiteboard Standard,premium-whiteboard-standard-425,Office Supplies,High-quality Premium Whiteboard Standard. Perfect for everyday use with premium features.,181.0,248.91,2,products/office_supplies_029.jpg,products/office_supplies_029_2.jpg,products/office_supplies_029_3.jpg,Premium,OFF-PRE-00425,True,False,"Premium Whiteboard Standard, Office Supplies, Premium, quality",Buy Premium Whiteboard Standard online. Best price. Premium trusted brand.
426,Modern Stapler Lite,modern-stapler-lite-426,Office Supplies,High-quality Modern Stapler Lite. Perfect for everyday use with premium features.,254.39,335.34,38,products/office_supplies_030.jpg,products/office_supplies_030_2.jpg,products/office_supplies_030_3.jpg,Modern,OFF-MOD-00426,False,True,"Modern Stapler Lite, Office Supplies, Modern, quality",Buy Modern Stapler Lite online. Best price. Modern trusted brand.
427,Ultra Desk Organizer Standard,ultra-desk-organizer-standard-427,Office Supplies,High-quality Ultra Desk Organizer Standard. Perfect for everyday use with premium features.,210.63,275.4,19,products/office_supplies_031.jpg,products/office_supplies_031_2.jpg,products/office_supplies_031_3.jpg,Ultra,OFF-ULT-00427,True,True,"Ultra Desk Organizer Standard, Office Supplies, Ultra, quality",Buy Ultra Desk Organizer Standard online. Best price. Ultra trusted brand.
428,Natural Desk Organizer,natural-desk-organizer-428,Office Supplies,High-quality Natural Desk Organizer. Perfect for everyday use with premium features.,124.01,162.93,81,products/office_supplies_032.jpg,products/office_supplies_032_2.jpg,products/office_supplies_032_3.jpg,Natural,OFF-NAT-00428,True,False,"Natural Desk Organizer, Office Supplies, Natural, quality",Buy Natural Desk Organizer online. Best price. Natural trusted brand.
429,Natural Stapler,natural-stapler-429,Office Supplies,High-quality Natural Stapler. Perfect for everyday use with premium features.,24.71,28.28,23,products/office_supplies_033.jpg,products/office_supplies_033_2.jpg,products/office_supplies_033_3.jpg,Natural,OFF-NAT-00429,True,False,"Natural Stapler, Office Supplies, Natural, quality",Buy Natural Stapler online. Best price. Natural trusted brand.
430,BrandX Leash Standard,brandx-leash-standard-430,Pet Supplies,High-quality BrandX Leash Standard. Perfect for everyday use with premium features.,428.22,594.93,90,products/pet_supplies_001.jpg,products/pet_supplies_001_2.jpg,products/pet_supplies_001_3.jpg,BrandX,PET-BRA-00430,True,False,"BrandX Leash Standard, Pet Supplies, BrandX, quality",Buy BrandX Leash Standard online. Best price. BrandX trusted brand.
431,Classic Treats Max,classic-treats-max-431,Pet Supplies,High-quality Classic Treats Max. Perfect for everyday use with premium features.,330.55,365.71,15,products/pet_supplies_002.jpg,products/pet_supplies_002_2.jpg,products/pet_supplies_002_3.jpg,Classic,PET-CLA-00431,False,False,"Classic Treats Max, Pet Supplies, Classic, quality",Buy Classic Treats Max online. Best price. Classic trusted brand.
432,ProMax Food Bowl Standard,promax-food-bowl-standard-432,Pet Supplies,High-quality ProMax Food Bowl Standard. Perfect for everyday use with premium features.,310.37,354.6,22,products/pet_supplies_003.jpg,products/pet_supplies_003_2.jpg,products/pet_supplies_003_3.jpg,ProMax,PET-PRO-00432,True,False,"ProMax Food Bowl Standard, Pet Supplies, ProMax, quality",Buy ProMax Food Bowl Standard online. Best price. ProMax trusted brand.
433,Natural Food Bowl Lite,natural-food-bowl-lite-433,Pet Supplies,High-quality Natural Food Bowl Lite. Perfect for everyday use with premium features.,162.76,215.59,3,products/pet_supplies_004.jpg,products/pet_supplies_004_2.jpg,products/pet_supplies_004_3.jpg,Natural,PET-NAT-00433,True,False,"Natural Food Bowl Lite, Pet Supplies, Natural, quality",Buy Natural Food Bowl Lite online. Best price. Natural trusted brand.
434,Ultra Dog Food Standard,ultra-dog-food-standard-434,Pet Supplies,High-quality Ultra Dog Food Standard. Perfect for everyday use with premium features.,413.93,606.59,68,products/pet_supplies_005.jpg,products/pet_supplies_005_2.jpg,products/pet_supplies_005_3.jpg,Ultra,PET-ULT-00434,True,False,"Ultra Dog Food Standard, Pet Supplies, Ultra, quality",Buy Ultra Dog Food Standard online. Best price. Ultra trusted brand.
435,Modern Leash Premium,modern-leash-premium-435,Pet Supplies,High-quality Modern Leash Premium. Perfect for everyday use with premium features.,99.68,112.56,50,products/pet_supplies_006.jpg,products/pet_supplies_006_2.jpg,products/pet_supplies_006_3.jpg,Modern,PET-MOD-00435,True,False,"Modern Leash Premium, Pet Supplies, Modern, quality",Buy Modern Leash Premium online. Best price. Modern trusted brand.
436,Elite Toy Ball Premium,elite-toy-ball-premium-436,Pet Supplies,High-quality Elite Toy Ball Premium. Perfect for everyday use with premium features.,474.21,589.58,43,products/pet_supplies_007.jpg,products/pet_supplies_007_2.jpg,products/pet_supplies_007_3.jpg,Elite,PET-ELI-00436,True,True,"Elite Toy Ball Premium, Pet Supplies, Elite, quality",Buy Elite Toy Ball Premium online. Best price. Elite trusted brand.
437,Elite Pet Shampoo Premium,elite-pet-shampoo-premium-437,Pet Supplies,High-quality Elite Pet Shampoo Premium. Perfect for everyday use with premium features.,92.1,125.1,81,products/pet_supplies_008.jpg,products/pet_supplies_008_2.jpg,products/pet_supplies_008_3.jpg,Elite,PET-ELI-00437,True,False,"Elite Pet Shampoo Premium, Pet Supplies, Elite, quality",Buy Elite Pet Shampoo Premium online. Best price. Elite trusted brand.
438,Natural Treats Lite,natural-treats-lite-438,Pet Supplies,High-quality Natural Treats Lite. Perfect for everyday use with premium features.,121.44,171.52,54,products/pet_supplies_009.jpg,products/pet_supplies_009_2.jpg,products/pet_supplies_009_3.jpg,Natural,PET-NAT-00438,True,False,"Natural Treats Lite, Pet Supplies, Natural, quality",Buy Natural Treats Lite online. Best price. Natural trusted brand.
439,Natural Cat Food Lite,natural-cat-food-lite-439,Pet Supplies,High-quality Natural Cat Food Lite. Perfect for everyday use with premium features.,272.06,332.86,33,products/pet_supplies_010.jpg,products/pet_supplies_010_2.jpg,products/pet_supplies_010_3.jpg,Natural,PET-NAT-00439,False,True,"Natural Cat Food Lite, Pet Supplies, Natural, quality",Buy Natural Cat Food Lite online. Best price. Natural trusted brand.
440,BrandX Pet Shampoo Premium,brandx-pet-shampoo-premium-440,Pet Supplies,High-quality BrandX Pet Shampoo Premium. Perfect for everyday use with premium features.,180.45,204.28,98,products/pet_supplies_011.jpg,products/pet_supplies_011_2.jpg,products/pet_supplies_011_3.jpg,BrandX,PET-BRA-00440,True,False,"BrandX Pet Shampoo Premium, Pet Supplies, BrandX, quality",Buy BrandX Pet Shampoo Premium online. Best price. BrandX trusted brand.
441,Ultra Leash Premium,ultra-leash-premium-441,Pet Supplies,High-quality Ultra Leash Premium. Perfect for everyday use with premium features.,234.47,319.5,0,products/pet_supplies_012.jpg,products/pet_supplies_012_2.jpg,products/pet_supplies_012_3.jpg,Ultra,PET-ULT-00441,True,True,"Ultra Leash Premium, Pet Supplies, Ultra, quality",Buy Ultra Leash Premium online. Best price. Ultra trusted brand.
442,ProMax Brush Plus,promax-brush-plus-442,Pet Supplies,High-quality ProMax Brush Plus. Perfect for everyday use with premium features.,234.02,347.56,89,products/pet_supplies_013.jpg,products/pet_supplies_013_2.jpg,products/pet_supplies_013_3.jpg,ProMax,PET-PRO-00442,True,False,"ProMax Brush Plus, Pet Supplies, ProMax, quality",Buy ProMax Brush Plus online. Best price. ProMax trusted brand.
443,Elite Cat Food Plus,elite-cat-food-plus-443,Pet Supplies,High-quality Elite Cat Food Plus. Perfect for everyday use with premium features.,154.91,222.2,15,products/pet_supplies_014.jpg,products/pet_supplies_014_2.jpg,products/pet_supplies_014_3.jpg,Elite,PET-ELI-00443,True,False,"Elite Cat Food Plus, Pet Supplies, Elite, quality",Buy Elite Cat Food Plus online. Best price. Elite trusted brand.
444,BrandX Brush Premium,brandx-brush-premium-444,Pet Supplies,High-quality BrandX Brush Premium. Perfect for everyday use with premium features.,453.82,616.54,53,products/pet_supplies_015.jpg,products/pet_supplies_015_2.jpg,products/pet_supplies_015_3.jpg,BrandX,PET-BRA-00444,True,False,"BrandX Brush Premium, Pet Supplies, BrandX, quality",Buy BrandX Brush Premium online. Best price. BrandX trusted brand.
445,Natural Dog Food Plus,natural-dog-food-plus-445,Pet Supplies,High-quality Natural Dog Food Plus. Perfect for everyday use with premium features.,441.02,585.43,80,products/pet_supplies_016.jpg,products/pet_supplies_016_2.jpg,products/pet_supplies_016_3.jpg,Natural,PET-NAT-00445,True,False,"Natural Dog Food Plus, Pet Supplies, Natural, quality",Buy Natural Dog Food Plus online. Best price. Natural trusted brand.
446,Classic Brush Lite,classic-brush-lite-446,Pet Supplies,High-quality Classic Brush Lite. Perfect for everyday use with premium features.,476.59,639.63,76,products/pet_supplies_017.jpg,products/pet_supplies_017_2.jpg,products/pet_supplies_017_3.jpg,Classic,PET-CLA-00446,True,False,"Classic Brush Lite, Pet Supplies, Classic, quality",Buy Classic Brush Lite online. Best price. Classic trusted brand.
447,Organic Pet Shampoo,organic-pet-shampoo-447,Pet Supplies,High-quality Organic Pet Shampoo. Perfect for everyday use with premium features.,166.21,186.59,37,products/pet_supplies_018.jpg,products/pet_supplies_018_2.jpg,products/pet_supplies_018_3.jpg,Organic,PET-ORG-00447,True,False,"Organic Pet Shampoo, Pet Supplies, Organic, quality",Buy Organic Pet Shampoo online. Best price. Organic trusted brand.
448,Classic Water Bowl,classic-water-bowl-448,Pet Supplies,High-quality Classic Water Bowl. Perfect for everyday use with premium features.,437.49,531.59,50,products/pet_supplies_019.jpg,products/pet_supplies_019_2.jpg,products/pet_supplies_019_3.jpg,Classic,PET-CLA-00448,True,False,"Classic Water Bowl, Pet Supplies, Classic, quality",Buy Classic Water Bowl online. Best price. Classic trusted brand.
449,Natural Cat Food Max,natural-cat-food-max-449,Pet Supplies,High-quality Natural Cat Food Max. Perfect for everyday use with premium features.,465.23,576.07,78,products/pet_supplies_020.jpg,products/pet_supplies_020_2.jpg,products/pet_supplies_020_3.jpg,Natural,PET-NAT-00449,True,False,"Natural Cat Food Max, Pet Supplies, Natural, quality",Buy Natural Cat Food Max online. Best price. Natural trusted brand.
450,Classic Collar Lite,classic-collar-lite-450,Pet Supplies,High-quality Classic Collar Lite. Perfect for everyday use with premium features.,483.89,714.32,48,products/pet_supplies_021.jpg,products/pet_supplies_021_2.jpg,products/pet_supplies_021_3.jpg,Classic,PET-CLA-00450,True,False,"Classic Collar Lite, Pet Supplies, Classic, quality",Buy Classic Collar Lite online. Best price. Classic trusted brand.
451,Smart Treats Max,smart-treats-max-451,Pet Supplies,High-quality Smart Treats Max. Perfect for everyday use with premium features.,487.51,560.35,23,products/pet_supplies_022.jpg,products/pet_supplies_022_2.jpg,products/pet_supplies_022_3.jpg,Smart,PET-SMA-00451,True,False,"Smart Treats Max, Pet Supplies, Smart, quality",Buy Smart Treats Max online. Best price. Smart trusted brand.
452,Natural Pet Shampoo Standard,natural-pet-shampoo-standard-452,Pet Supplies,High-quality Natural Pet Shampoo Standard. Perfect for everyday use with premium features.,341.48,447.42,3,products/pet_supplies_023.jpg,products/pet_supplies_023_2.jpg,products/pet_supplies_023_3.jpg,Natural,PET-NAT-00452,True,True,"Natural Pet Shampoo Standard, Pet Supplies, Natural, quality",Buy Natural Pet Shampoo Standard online. Best price. Natural trusted brand.
453,Elite Treats Plus,elite-treats-plus-453,Pet Supplies,High-quality Elite Treats Plus. Perfect for everyday use with premium features.,83.49,94.14,64,products/pet_supplies_024.jpg,products/pet_supplies_024_2.jpg,products/pet_supplies_024_3.jpg,Elite,PET-ELI-00453,True,False,"Elite Treats Plus, Pet Supplies, Elite, quality",Buy Elite Treats Plus online. Best price. Elite trusted brand.
454,Organic Treats Pro,organic-treats-pro-454,Pet Supplies,High-quality Organic Treats Pro. Perfect for everyday use with premium features.,427.69,634.91,48,products/pet_supplies_025.jpg,products/pet_supplies_025_2.jpg,products/pet_supplies_025_3.jpg,Organic,PET-ORG-00454,False,False,"Organic Treats Pro, Pet Supplies, Organic, quality",Buy Organic Treats Pro online. Best price. Organic trusted brand.
455,Smart Cat Food Standard,smart-cat-food-standard-455,Pet Supplies,High-quality Smart Cat Food Standard. Perfect for everyday use with premium features.,20.66,30.19,41,products/pet_supplies_026.jpg,products/pet_supplies_026_2.jpg,products/pet_supplies_026_3.jpg,Smart,PET-SMA-00455,False,False,"Smart Cat Food Standard, Pet Supplies, Smart, quality",Buy Smart Cat Food Standard online. Best price. Smart trusted brand.
456,Ultra Pet Bed Max,ultra-pet-bed-max-456,Pet Supplies,High-quality Ultra Pet Bed Max. Perfect for everyday use with premium features.,293.7,370.45,76,products/pet_supplies_027.jpg,products/pet_supplies_027_2.jpg,products/pet_supplies_027_3.jpg,Ultra,PET-ULT-00456,True,False,"Ultra Pet Bed Max, Pet Supplies, Ultra, quality",Buy Ultra Pet Bed Max online. Best price. Ultra trusted brand.
457,Classic Dog Food Max,classic-dog-food-max-457,Pet Supplies,High-quality Classic Dog Food Max. Perfect for everyday use with premium features.,305.58,372.35,85,products/pet_supplies_028.jpg,products/pet_supplies_028_2.jpg,products/pet_supplies_028_3.jpg,Classic,PET-CLA-00457,False,False,"Classic Dog Food Max, Pet Supplies, Classic, quality",Buy Classic Dog Food Max online. Best price. Classic trusted brand.
458,Premium Cat Food Premium,premium-cat-food-premium-458,Pet Supplies,High-quality Premium Cat Food Premium. Perfect for everyday use with premium features.,472.93,626.01,28,products/pet_supplies_029.jpg,products/pet_supplies_029_2.jpg,products/pet_supplies_029_3.jpg,Premium,PET-PRE-00458,False,False,"Premium Cat Food Premium, Pet Supplies, Premium, quality",Buy Premium Cat Food Premium online. Best price. Premium trusted brand.
459,ProMax Leash Premium,promax-leash-premium-459,Pet Supplies,High-quality ProMax Leash Premium. Perfect for everyday use with premium features.,458.51,582.79,54,products/pet_supplies_030.jpg,products/pet_supplies_030_2.jpg,products/pet_supplies_030_3.jpg,ProMax,PET-PRO-00459,True,False,"ProMax Leash Premium, Pet Supplies, ProMax, quality",Buy ProMax Leash Premium online. Best price. ProMax trusted brand.
460,Smart Treats Max,smart-treats-max-460,Pet Supplies,High-quality Smart Treats Max. Perfect for everyday use with premium features.,17.63,20.09,65,products/pet_supplies_031.jpg,products/pet_supplies_031_2.jpg,products/pet_supplies_031_3.jpg,Smart,PET-SMA-00460,False,False,"Smart Treats Max, Pet Supplies, Smart, quality",Buy Smart Treats Max online. Best price. Smart trusted brand.
461,Premium Pet Shampoo Standard,premium-pet-shampoo-standard-461,Pet Supplies,High-quality Premium Pet Shampoo Standard. Perfect for everyday use with premium features.,37.64,42.67,43,products/pet_supplies_032.jpg,products/pet_supplies_032_2.jpg,products/pet_supplies_032_3.jpg,Premium,PET-PRE-00461,True,False,"Premium Pet Shampoo Standard, Pet Supplies, Premium, quality",Buy Premium Pet Shampoo Standard online. Best price. Premium trusted brand.
462,Elite Pet Bed Lite,elite-pet-bed-lite-462,Pet Supplies,High-quality Elite Pet Bed Lite. Perfect for everyday use with premium features.,46.55,63.48,68,products/pet_supplies_033.jpg,products/pet_supplies_033_2.jpg,products/pet_supplies_033_3.jpg,Elite,PET-ELI-00462,False,False,"Elite Pet Bed Lite, Pet Supplies, Elite, quality",Buy Elite Pet Bed Lite online. Best price. Elite trusted brand.
463,Modern Heels Lite,modern-heels-lite-463,Fashion,High-quality Modern Heels Lite. Perfect for everyday use with premium features.,14.29,19.92,64,products/fashion_001.jpg,products/fashion_001_2.jpg,products/fashion_001_3.jpg,Modern,FAS-MOD-00463,True,False,"Modern Heels Lite, Fashion, Modern, quality",Buy Modern Heels Lite online. Best price. Modern trusted brand.
464,Natural Hat Plus,natural-hat-plus-464,Fashion,High-quality Natural Hat Plus. Perfect for everyday use with premium features.,183.56,228.7,55,products/fashion_002.jpg,products/fashion_002_2.jpg,products/fashion_002_3.jpg,Natural,FAS-NAT-00464,True,False,"Natural Hat Plus, Fashion, Natural, quality",Buy Natural Hat Plus online. Best price. Natural trusted brand.
465,Natural Hat Plus,natural-hat-plus-465,Fashion,High-quality Natural Hat Plus. Perfect for everyday use with premium features.,130.9,145.2,59,products/fashion_003.jpg,products/fashion_003_2.jpg,products/fashion_003_3.jpg,Natural,FAS-NAT-00465,False,True,"Natural Hat Plus, Fashion, Natural, quality",Buy Natural Hat Plus online. Best price. Natural trusted brand.
466,Premium Hat Premium,premium-hat-premium-466,Fashion,High-quality Premium Hat Premium. Perfect for everyday use with premium features.,147.94,199.84,39,products/fashion_004.jpg,products/fashion_004_2.jpg,products/fashion_004_3.jpg,Premium,FAS-PRE-00466,True,True,"Premium Hat Premium, Fashion, Premium, quality",Buy Premium Hat Premium online. Best price. Premium trusted brand.
467,Natural Boots,natural-boots-467,Fashion,High-quality Natural Boots. Perfect for everyday use with premium features.,471.1,691.08,85,products/fashion_005.jpg,products/fashion_005_2.jpg,products/fashion_005_3.jpg,Natural,FAS-NAT-00467,False,False,"Natural Boots, Fashion, Natural, quality",Buy Natural Boots online. Best price. Natural trusted brand.
468,Organic Sneakers Plus,organic-sneakers-plus-468,Fashion,High-quality Organic Sneakers Plus. Perfect for everyday use with premium features.,67.24,86.53,88,products/fashion_006.jpg,products/fashion_006_2.jpg,products/fashion_006_3.jpg,Organic,FAS-ORG-00468,True,False,"Organic Sneakers Plus, Fashion, Organic, quality",Buy Organic Sneakers Plus online. Best price. Organic trusted brand.
469,Elite Scarf,elite-scarf-469,Fashion,High-quality Elite Scarf. Perfect for everyday use with premium features.,154.19,221.55,71,products/fashion_007.jpg,products/fashion_007_2.jpg,products/fashion_007_3.jpg,Elite,FAS-ELI-00469,True,False,"Elite Scarf, Fashion, Elite, quality",Buy Elite Scarf online. Best price. Elite trusted brand.
470,BrandX Socks Pro,brandx-socks-pro-470,Fashion,High-quality BrandX Socks Pro. Perfect for everyday use with premium features.,123.42,180.47,76,products/fashion_008.jpg,products/fashion_008_2.jpg,products/fashion_008_3.jpg,BrandX,FAS-BRA-00470,True,True,"BrandX Socks Pro, Fashion, BrandX, quality",Buy BrandX Socks Pro online. Best price. BrandX trusted brand.
471,Ultra Socks,ultra-socks-471,Fashion,High-quality Ultra Socks. Perfect for everyday use with premium features.,26.81,36.08,95,products/fashion_009.jpg,products/fashion_009_2.jpg,products/fashion_009_3.jpg,Ultra,FAS-ULT-00471,True,True,"Ultra Socks, Fashion, Ultra, quality",Buy Ultra Socks online. Best price. Ultra trusted brand.
472,Premium Gloves Premium,premium-gloves-premium-472,Fashion,High-quality Premium Gloves Premium. Perfect for everyday use with premium features.,455.75,525.95,47,products/fashion_010.jpg,products/fashion_010_2.jpg,products/fashion_010_3.jpg,Premium,FAS-PRE-00472,False,False,"Premium Gloves Premium, Fashion, Premium, quality",Buy Premium Gloves Premium online. Best price. Premium trusted brand.
473,Ultra Loafers Plus,ultra-loafers-plus-473,Fashion,High-quality Ultra Loafers Plus. Perfect for everyday use with premium features.,95.04,130.48,43,products/fashion_011.jpg,products/fashion_011_2.jpg,products/fashion_011_3.jpg,Ultra,FAS-ULT-00473,True,True,"Ultra Loafers Plus, Fashion, Ultra, quality",Buy Ultra Loafers Plus online. Best price. Ultra trusted brand.
474,Natural Scarf Premium,natural-scarf-premium-474,Fashion,High-quality Natural Scarf Premium. Perfect for everyday use with premium features.,94.14,134.38,65,products/fashion_012.jpg,products/fashion_012_2.jpg,products/fashion_012_3.jpg,Natural,FAS-NAT-00474,False,True,"Natural Scarf Premium, Fashion, Natural, quality",Buy Natural Scarf Premium online. Best price. Natural trusted brand.
475,Natural Boots Lite,natural-boots-lite-475,Fashion,High-quality Natural Boots Lite. Perfect for everyday use with premium features.,189.1,246.93,68,products/fashion_013.jpg,products/fashion_013_2.jpg,products/fashion_013_3.jpg,Natural,FAS-NAT-00475,True,False,"Natural Boots Lite, Fashion, Natural, quality",Buy Natural Boots Lite online. Best price. Natural trusted brand.
476,Ultra Sneakers Premium,ultra-sneakers-premium-476,Fashion,High-quality Ultra Sneakers Premium. Perfect for everyday use with premium features.,428.88,622.97,46,products/fashion_014.jpg,products/fashion_014_2.jpg,products/fashion_014_3.jpg,Ultra,FAS-ULT-00476,False,False,"Ultra Sneakers Premium, Fashion, Ultra, quality",Buy Ultra Sneakers Premium online. Best price. Ultra trusted brand.
477,Classic Gloves Pro,classic-gloves-pro-477,Fashion,High-quality Classic Gloves Pro. Perfect for everyday use with premium features.,241.22,287.72,11,products/fashion_015.jpg,products/fashion_015_2.jpg,products/fashion_015_3.jpg,Classic,FAS-CLA-00477,False,True,"Classic Gloves Pro, Fashion, Classic, quality",Buy Classic Gloves Pro online. Best price. Classic trusted brand.
478,BrandX Socks Plus,brandx-socks-plus-478,Fashion,High-quality BrandX Socks Plus. Perfect for everyday use with premium features.,465.95,640.83,54,products/fashion_016.jpg,products/fashion_016_2.jpg,products/fashion_016_3.jpg,BrandX,FAS-BRA-00478,True,False,"BrandX Socks Plus, Fashion, BrandX, quality",Buy BrandX Socks Plus online. Best price. BrandX trusted brand.
479,Natural Loafers Max,natural-loafers-max-479,Fashion,High-quality Natural Loafers Max. Perfect for everyday use with premium features.,450.04,576.04,85,products/fashion_017.jpg,products/fashion_017_2.jpg,products/fashion_017_3.jpg,Natural,FAS-NAT-00479,True,False,"Natural Loafers Max, Fashion, Natural, quality",Buy Natural Loafers Max online. Best price. Natural trusted brand.
480,Modern Gloves Plus,modern-gloves-plus-480,Fashion,High-quality Modern Gloves Plus. Perfect for everyday use with premium features.,136.81,150.9,47,products/fashion_018.jpg,products/fashion_018_2.jpg,products/fashion_018_3.jpg,Modern,FAS-MOD-00480,True,False,"Modern Gloves Plus, Fashion, Modern, quality",Buy Modern Gloves Plus online. Best price. Modern trusted brand.
481,BrandX Sandals Pro,brandx-sandals-pro-481,Fashion,High-quality BrandX Sandals Pro. Perfect for everyday use with premium features.,55.15,67.0,94,products/fashion_019.jpg,products/fashion_019_2.jpg,products/fashion_019_3.jpg,BrandX,FAS-BRA-00481,True,False,"BrandX Sandals Pro, Fashion, BrandX, quality",Buy BrandX Sandals Pro online. Best price. BrandX trusted brand.
482,Premium Heels Standard,premium-heels-standard-482,Fashion,High-quality Premium Heels Standard. Perfect for everyday use with premium features.,436.3,621.31,85,products/fashion_020.jpg,products/fashion_020_2.jpg,products/fashion_020_3.jpg,Premium,FAS-PRE-00482,True,False,"Premium Heels Standard, Fashion, Premium, quality",Buy Premium Heels Standard online. Best price. Premium trusted brand.
483,Smart Boots Plus,smart-boots-plus-483,Fashion,High-quality Smart Boots Plus. Perfect for everyday use with premium features.,361.94,416.35,34,products/fashion_021.jpg,products/fashion_021_2.jpg,products/fashion_021_3.jpg,Smart,FAS-SMA-00483,False,False,"Smart Boots Plus, Fashion, Smart, quality",Buy Smart Boots Plus online. Best price. Smart trusted brand.
484,Premium Socks Premium,premium-socks-premium-484,Fashion,High-quality Premium Socks Premium. Perfect for everyday use with premium features.,243.15,354.03,7,products/fashion_022.jpg,products/fashion_022_2.jpg,products/fashion_022_3.jpg,Premium,FAS-PRE-00484,True,False,"Premium Socks Premium, Fashion, Premium, quality",Buy Premium Socks Premium online. Best price. Premium trusted brand.
485,Natural Sneakers Standard,natural-sneakers-standard-485,Fashion,High-quality Natural Sneakers Standard. Perfect for everyday use with premium features.,16.57,23.35,25,products/fashion_023.jpg,products/fashion_023_2.jpg,products/fashion_023_3.jpg,Natural,FAS-NAT-00485,True,False,"Natural Sneakers Standard, Fashion, Natural, quality",Buy Natural Sneakers Standard online. Best price. Natural trusted brand.
486,Natural Formal Shoes Premium,natural-formal-shoes-premium-486,Fashion,High-quality Natural Formal Shoes Premium. Perfect for everyday use with premium features.,161.81,198.26,17,products/fashion_024.jpg,products/fashion_024_2.jpg,products/fashion_024_3.jpg,Natural,FAS-NAT-00486,False,True,"Natural Formal Shoes Premium, Fashion, Natural, quality",Buy Natural Formal Shoes Premium online. Best price. Natural trusted brand.
487,Smart Hat Pro,smart-hat-pro-487,Fashion,High-quality Smart Hat Pro. Perfect for everyday use with premium features.,314.42,461.62,16,products/fashion_025.jpg,products/fashion_025_2.jpg,products/fashion_025_3.jpg,Smart,FAS-SMA-00487,False,False,"Smart Hat Pro, Fashion, Smart, quality",Buy Smart Hat Pro online. Best price. Smart trusted brand.
488,Organic Sandals,organic-sandals-488,Fashion,High-quality Organic Sandals. Perfect for everyday use with premium features.,386.11,513.59,3,products/fashion_026.jpg,products/fashion_026_2.jpg,products/fashion_026_3.jpg,Organic,FAS-ORG-00488,False,False,"Organic Sandals, Fashion, Organic, quality",Buy Organic Sandals online. Best price. Organic trusted brand.
489,Natural Boots,natural-boots-489,Fashion,High-quality Natural Boots. Perfect for everyday use with premium features.,213.87,308.45,37,products/fashion_027.jpg,products/fashion_027_2.jpg,products/fashion_027_3.jpg,Natural,FAS-NAT-00489,True,False,"Natural Boots, Fashion, Natural, quality",Buy Natural Boots online. Best price. Natural trusted brand.
490,ProMax Sandals,promax-sandals-490,Fashion,High-quality ProMax Sandals. Perfect for everyday use with premium features.,107.27,135.08,82,products/fashion_028.jpg,products/fashion_028_2.jpg,products/fashion_028_3.jpg,ProMax,FAS-PRO-00490,True,False,"ProMax Sandals, Fashion, ProMax, quality",Buy ProMax Sandals online. Best price. ProMax trusted brand.
491,Premium Sneakers Lite,premium-sneakers-lite-491,Fashion,High-quality Premium Sneakers Lite. Perfect for everyday use with premium features.,334.63,444.1,3,products/fashion_029.jpg,products/fashion_029_2.jpg,products/fashion_029_3.jpg,Premium,FAS-PRE-00491,True,False,"Premium Sneakers Lite, Fashion, Premium, quality",Buy Premium Sneakers Lite online. Best price. Premium trusted brand.
492,Ultra Loafers Max,ultra-loafers-max-492,Fashion,High-quality Ultra Loafers Max. Perfect for everyday use with premium features.,158.92,225.5,77,products/fashion_030.jpg,products/fashion_030_2.jpg,products/fashion_030_3.jpg,Ultra,FAS-ULT-00492,False,True,"Ultra Loafers Max, Fashion, Ultra, quality",Buy Ultra Loafers Max online. Best price. Ultra trusted brand.
493,Premium Gloves,premium-gloves-493,Fashion,High-quality Premium Gloves. Perfect for everyday use with premium features.,419.76,485.82,88,products/fashion_031.jpg,products/fashion_031_2.jpg,products/fashion_031_3.jpg,Premium,FAS-PRE-00493,False,True,"Premium Gloves, Fashion, Premium, quality",Buy Premium Gloves online. Best price. Premium trusted brand.
494,ProMax Sandals Lite,promax-sandals-lite-494,Fashion,High-quality ProMax Sandals Lite. Perfect for everyday use with premium features.,41.96,48.82,70,products/fashion_032.jpg,products/fashion_032_2.jpg,products/fashion_032_3.jpg,ProMax,FAS-PRO-00494,False,False,"ProMax Sandals Lite, Fashion, ProMax, quality",Buy ProMax Sandals Lite online. Best price. ProMax trusted brand.
495,Smart Heels Max,smart-heels-max-495,Fashion,High-quality Smart Heels Max. Perfect for everyday use with premium features.,112.27,155.54,57,products/fashion_033.jpg,products/fashion_033_2.jpg,products/fashion_033_3.jpg,Smart,FAS-SMA-00495,True,False,"Smart Heels Max, Fashion, Smart, quality",Buy Smart Heels Max online. Best price. Smart trusted brand.
