id,name,slug,category__name,description,price,original_price,stock,image,image2,image3,brand,sku,is_active,is_featured,meta_keywords,meta_description
1,BrandX Laptop Stand,brandx-laptop-stand-1,Electronics,High-quality BrandX Laptop Stand. Perfect for everyday use with premium features.,326.97,438.28,65,products/electronics_001.jpg,products/electronics_001_2.jpg,products/electronics_001_3.jpg,BrandX,ELE-BRA-00001,True,False,"BrandX Laptop Stand, Electronics, BrandX, quality",Buy BrandX Laptop Stand online. Best price. BrandX trusted brand.
2,Ultra USB Cable Lite,ultra-usb-cable-lite-2,Electronics,High-quality Ultra USB Cable Lite. Perfect for everyday use with premium features.,493.8,689.43,45,products/electronics_002.jpg,products/electronics_002_2.jpg,products/electronics_002_3.jpg,Ultra,ELE-ULT-00002,False,False,"Ultra USB Cable Lite, Electronics, Ultra, quality",Buy Ultra USB Cable Lite online. Best price. Ultra trusted brand.
3,BrandX Smart Watch Max,brandx-smart-watch-max-3,Electronics,High-quality BrandX Smart Watch Max. Perfect for everyday use with premium features.,348.37,389.39,22,products/electronics_003.jpg,products/electronics_003_2.jpg,products/electronics_003_3.jpg,BrandX,ELE-BRA-00003,False,True,"BrandX Smart Watch Max, Electronics, BrandX, quality",Buy BrandX Smart Watch Max online. Best price. BrandX trusted brand.
4,Ultra Laptop Stand Standard,ultra-laptop-stand-standard-4,Electronics,High-quality Ultra Laptop Stand Standard. Perfect for everyday use with premium features.,484.12,569.12,86,products/electronics_004.jpg,products/electronics_004_2.jpg,products/electronics_004_3.jpg,Ultra,ELE-ULT-00004,True,False,"Ultra Laptop Stand Standard, Electronics, Ultra, quality",Buy Ultra Laptop Stand Standard online. Best price. Ultra trusted brand.
5,Elite Phone Case,elite-phone-case-5,Electronics,High-quality Elite Phone Case. Perfect for everyday use with premium features.,465.46,682.66,59,products/electronics_005.jpg,products/electronics_005_2.jpg,products/electronics_005_3.jpg,Elite,ELE-ELI-00005,True,False,"Elite Phone Case, Electronics, Elite, quality",Buy Elite Phone Case online. Best price. Elite trusted brand.
6,Classic Smart Watch Standard,classic-smart-watch-standard-6,Electronics,High-quality Classic Smart Watch Standard. Perfect for everyday use with premium features.,363.33,474.83,92,products/electronics_006.jpg,products/electronics_006_2.jpg,products/electronics_006_3.jpg,Classic,ELE-CLA-00006,True,True,"Classic Smart Watch Standard, Electronics, Classic, quality",Buy Classic Smart Watch Standard online. Best price. Classic trusted brand.
7,Classic Charger Premium,classic-charger-premium-7,Electronics,High-quality Classic Charger Premium. Perfect for everyday use with premium features.,63.17,89.34,19,products/electronics_007.jpg,products/electronics_007_2.jpg,products/electronics_007_3.jpg,Classic,ELE-CLA-00007,True,False,"Classic Charger Premium, Electronics, Classic, quality",Buy Classic Charger Premium online. Best price. Classic trusted brand.
8,ProMax Speaker,promax-speaker-8,Electronics,High-quality ProMax Speaker. Perfect for everyday use with premium features.,458.87,544.86,29,products/electronics_008.jpg,products/electronics_008_2.jpg,products/electronics_008_3.jpg,ProMax,ELE-PRO-00008,True,False,"ProMax Speaker, Electronics, ProMax, quality",Buy ProMax Speaker online. Best price. ProMax trusted brand.
9,Organic Speaker,organic-speaker-9,Electronics,High-quality Organic Speaker. Perfect for everyday use with premium features.,139.73,158.67,29,products/electronics_009.jpg,products/electronics_009_2.jpg,products/electronics_009_3.jpg,Organic,ELE-ORG-00009,False,True,"Organic Speaker, Electronics, Organic, quality",Buy Organic Speaker online. Best price. Organic trusted brand.
10,Natural Monitor Pro,natural-monitor-pro-10,Electronics,High-quality Natural Monitor Pro. Perfect for everyday use with premium features.,330.54,365.61,70,products/electronics_010.jpg,products/electronics_010_2.jpg,products/electronics_010_3.jpg,Natural,ELE-NAT-00010,True,False,"Natural Monitor Pro, Electronics, Natural, quality",Buy Natural Monitor Pro online. Best price. Natural trusted brand.
11,Modern Webcam Max,modern-webcam-max-11,Electronics,High-quality Modern Webcam Max. Perfect for everyday use with premium features.,297.19,367.01,39,products/electronics_011.jpg,products/electronics_011_2.jpg,products/electronics_011_3.jpg,Modern,ELE-MOD-00011,True,False,"Modern Webcam Max, Electronics, Modern, quality",Buy Modern Webcam Max online. Best price. Modern trusted brand.
12,Ultra USB Cable Max,ultra-usb-cable-max-12,Electronics,High-quality Ultra USB Cable Max. Perfect for everyday use with premium features.,360.16,516.64,70,products/electronics_012.jpg,products/electronics_012_2.jpg,products/electronics_012_3.jpg,Ultra,ELE-ULT-00012,True,True,"Ultra USB Cable Max, Electronics, Ultra, quality",Buy Ultra USB Cable Max online. Best price. Ultra trusted brand.
13,Premium Monitor Pro,premium-monitor-pro-13,Electronics,High-quality Premium Monitor Pro. Perfect for everyday use with premium features.,222.12,323.09,31,products/electronics_013.jpg,products/electronics_013_2.jpg,products/electronics_013_3.jpg,Premium,ELE-PRE-00013,False,False,"Premium Monitor Pro, Electronics, Premium, quality",Buy Premium Monitor Pro online. Best price. Premium trusted brand.
14,Classic Keyboard,classic-keyboard-14,Electronics,High-quality Classic Keyboard. Perfect for everyday use with premium features.,467.65,657.05,25,products/electronics_014.jpg,products/electronics_014_2.jpg,products/electronics_014_3.jpg,Classic,ELE-CLA-00014,False,False,"Classic Keyboard, Electronics, Classic, quality",Buy Classic Keyboard online. Best price. Classic trusted brand.
15,Classic Monitor Standard,classic-monitor-standard-15,Electronics,High-quality Classic Monitor Standard. Perfect for everyday use with premium features.,277.49,342.67,38,products/electronics_015.jpg,products/electronics_015_2.jpg,products/electronics_015_3.jpg,Classic,ELE-CLA-00015,False,False,"Classic Monitor Standard, Electronics, Classic, quality",Buy Classic Monitor Standard online. Best price. Classic trusted brand.
16,Modern Monitor,modern-monitor-16,Electronics,High-quality Modern Monitor. Perfect for everyday use with premium features.,15.8,20.59,71,products/electronics_016.jpg,products/electronics_016_2.jpg,products/electronics_016_3.jpg,Modern,ELE-MOD-00016,True,False,"Modern Monitor, Electronics, Modern, quality",Buy Modern Monitor online. Best price. Modern trusted brand.
17,Elite Charger,elite-charger-17,Electronics,High-quality Elite Charger. Perfect for everyday use with premium features.,190.26,265.96,43,products/electronics_017.jpg,products/electronics_017_2.jpg,products/electronics_017_3.jpg,Elite,ELE-ELI-00017,False,False,"Elite Charger, Electronics, Elite, quality",Buy Elite Charger online. Best price. Elite trusted brand.
18,Ultra Monitor Premium,ultra-monitor-premium-18,Electronics,High-quality Ultra Monitor Premium. Perfect for everyday use with premium features.,104.3,125.81,81,products/electronics_018.jpg,products/electronics_018_2.jpg,products/electronics_018_3.jpg,Ultra,ELE-ULT-00018,True,False,"Ultra Monitor Premium, Electronics, Ultra, quality",Buy Ultra Monitor Premium online. Best price. Ultra trusted brand.
19,Ultra Smart Watch,ultra-smart-watch-19,Electronics,High-quality Ultra Smart Watch. Perfect for everyday use with premium features.,369.62,485.46,41,products/electronics_019.jpg,products/electronics_019_2.jpg,products/electronics_019_3.jpg,Ultra,ELE-ULT-00019,True,False,"Ultra Smart Watch, Electronics, Ultra, quality",Buy Ultra Smart Watch online. Best price. Ultra trusted brand.
20,Classic Mouse Lite,classic-mouse-lite-20,Electronics,High-quality Classic Mouse Lite. Perfect for everyday use with premium features.,351.93,444.27,33,products/electronics_020.jpg,products/electronics_020_2.jpg,products/electronics_020_3.jpg,Classic,ELE-CLA-00020,True,False,"Classic Mouse Lite, Electronics, Classic, quality",Buy Classic Mouse Lite online. Best price. Classic trusted brand.
22,Classic Keyboard,classic-keyboard-22,Electronics,High-quality Classic Keyboard. Perfect for everyday use with premium features.,77.25,89.28,56,products/electronics_021.jpg,products/electronics_021_2.jpg,products/electronics_021_3.jpg,Classic,ELE-CLA-00022,False,False,"Classic Keyboard, Electronics, Classic, quality",Buy Classic Keyboard online. Best price. Classic trusted brand.
23,Classic Power Bank Max,classic-power-bank-max-23,Electronics,High-quality Classic Power Bank Max. Perfect for everyday use with premium features.,434.95,519.83,5,products/electronics_022.jpg,products/electronics_022_2.jpg,products/electronics_022_3.jpg,Classic,ELE-CLA-00023,True,False,"Classic Power Bank Max, Electronics, Classic, quality",Buy Classic Power Bank Max online. Best price. Classic trusted brand.
24,Classic Keyboard Plus,classic-keyboard-plus-24,Electronics,High-quality Classic Keyboard Plus. Perfect for everyday use with premium features.,173.97,240.16,18,products/electronics_023.jpg,products/electronics_023_2.jpg,products/electronics_023_3.jpg,Classic,ELE-CLA-00024,True,False,"Classic Keyboard Plus, Electronics, Classic, quality",Buy Classic Keyboard Plus online. Best price. Classic trusted brand.
25,Natural Speaker Standard,natural-speaker-standard-25,Electronics,High-quality Natural Speaker Standard. Perfect for everyday use with premium features.,130.87,156.03,99,products/electronics_024.jpg,products/electronics_024_2.jpg,products/electronics_024_3.jpg,Natural,ELE-NAT-00025,True,True,"Natural Speaker Standard, Electronics, Natural, quality",Buy Natural Speaker Standard online. Best price. Natural trusted brand.
26,Modern Power Bank Plus,modern-power-bank-plus-26,Electronics,High-quality Modern Power Bank Plus. Perfect for everyday use with premium features.,262.73,329.52,86,products/electronics_025.jpg,products/electronics_025_2.jpg,products/electronics_025_3.jpg,Modern,ELE-MOD-00026,True,False,"Modern Power Bank Plus, Electronics, Modern, quality",Buy Modern Power Bank Plus online. Best price. Modern trusted brand.
27,Natural Keyboard Plus,natural-keyboard-plus-27,Electronics,High-quality Natural Keyboard Plus. Perfect for everyday use with premium features.,11.15,15.81,31,products/electronics_026.jpg,products/electronics_026_2.jpg,products/electronics_026_3.jpg,Natural,ELE-NAT-00027,True,False,"Natural Keyboard Plus, Electronics, Natural, quality",Buy Natural Keyboard Plus online. Best price. Natural trusted brand.
28,Ultra Laptop Stand,ultra-laptop-stand-28,Electronics,High-quality Ultra Laptop Stand. Perfect for everyday use with premium features.,261.13,389.29,68,products/electronics_027.jpg,products/electronics_027_2.jpg,products/electronics_027_3.jpg,Ultra,ELE-ULT-00028,True,False,"Ultra Laptop Stand, Electronics, Ultra, quality",Buy Ultra Laptop Stand online. Best price. Ultra trusted brand.
29,ProMax Charger Premium,promax-charger-premium-29,Electronics,High-quality ProMax Charger Premium. Perfect for everyday use with premium features.,339.44,405.69,14,products/electronics_028.jpg,products/electronics_028_2.jpg,products/electronics_028_3.jpg,ProMax,ELE-PRO-00029,True,False,"ProMax Charger Premium, Electronics, ProMax, quality",Buy ProMax Charger Premium online. Best price. ProMax trusted brand.
30,Modern Mouse,modern-mouse-30,Electronics,High-quality Modern Mouse. Perfect for everyday use with premium features.,403.14,580.79,73,products/electronics_029.jpg,products/electronics_029_2.jpg,products/electronics_029_3.jpg,Modern,ELE-MOD-00030,True,False,"Modern Mouse, Electronics, Modern, quality",Buy Modern Mouse online. Best price. Modern trusted brand.
31,Elite Phone Case Standard,elite-phone-case-standard-31,Electronics,High-quality Elite Phone Case Standard. Perfect for everyday use with premium features.,118.4,134.94,24,products/electronics_030.jpg,products/electronics_030_2.jpg,products/electronics_030_3.jpg,Elite,ELE-ELI-00031,True,False,"Elite Phone Case Standard, Electronics, Elite, quality",Buy Elite Phone Case Standard online. Best price. Elite trusted brand.
32,Natural Keyboard Lite,natural-keyboard-lite-32,Electronics,High-quality Natural Keyboard Lite. Perfect for everyday use with premium features.,222.48,328.22,68,products/electronics_031.jpg,products/electronics_031_2.jpg,products/electronics_031_3.jpg,Natural,ELE-NAT-00032,True,False,"Natural Keyboard Lite, Electronics, Natural, quality",Buy Natural Keyboard Lite online. Best price. Natural trusted brand.
33,Organic Smart Watch,organic-smart-watch-33,Electronics,High-quality Organic Smart Watch. Perfect for everyday use with premium features.,329.23,483.26,9,products/electronics_032.jpg,products/electronics_032_2.jpg,products/electronics_032_3.jpg,Organic,ELE-ORG-00033,True,False,"Organic Smart Watch, Electronics, Organic, quality",Buy Organic Smart Watch online. Best price. Organic trusted brand.
34,Premium Shorts Lite,premium-shorts-lite-34,Clothing,High-quality Premium Shorts Lite. Perfect for everyday use with premium features.,281.35,313.99,68,products/clothing_001.jpg,products/clothing_001_2.jpg,products/clothing_001_3.jpg,Premium,CLO-PRE-00034,True,False,"Premium Shorts Lite, Clothing, Premium, quality",Buy Premium Shorts Lite online. Best price. Premium trusted brand.
35,Classic Skirt Plus,classic-skirt-plus-35,Clothing,High-quality Classic Skirt Plus. Perfect for everyday use with premium features.,359.56,407.76,55,products/clothing_002.jpg,products/clothing_002_2.jpg,products/clothing_002_3.jpg,Classic,CLO-CLA-00035,True,False,"Classic Skirt Plus, Clothing, Classic, quality",Buy Classic Skirt Plus online. Best price. Classic trusted brand.
36,Natural Shorts Premium,natural-shorts-premium-36,Clothing,High-quality Natural Shorts Premium. Perfect for everyday use with premium features.,196.51,225.14,9,products/clothing_003.jpg,products/clothing_003_2.jpg,products/clothing_003_3.jpg,Natural,CLO-NAT-00036,True,False,"Natural Shorts Premium, Clothing, Natural, quality",Buy Natural Shorts Premium online. Best price. Natural trusted brand.
37,BrandX Sweater,brandx-sweater-37,Clothing,High-quality BrandX Sweater. Perfect for everyday use with premium features.,401.18,501.95,90,products/clothing_004.jpg,products/clothing_004_2.jpg,products/clothing_004_3.jpg,BrandX,CLO-BRA-00037,True,False,"BrandX Sweater, Clothing, BrandX, quality",Buy BrandX Sweater online. Best price. BrandX trusted brand.
38,Premium Shorts Pro,premium-shorts-pro-38,Clothing,High-quality Premium Shorts Pro. Perfect for everyday use with premium features.,267.85,345.05,45,products/clothing_005.jpg,products/clothing_005_2.jpg,products/clothing_005_3.jpg,Premium,CLO-PRE-00038,False,True,"Premium Shorts Pro, Clothing, Premium, quality",Buy Premium Shorts Pro online. Best price. Premium trusted brand.
39,Ultra Shirt Max,ultra-shirt-max-39,Clothing,High-quality Ultra Shirt Max. Perfect for everyday use with premium features.,349.42,522.4,18,products/clothing_006.jpg,products/clothing_006_2.jpg,products/clothing_006_3.jpg,Ultra,CLO-ULT-00039,True,True,"Ultra Shirt Max, Clothing, Ultra, quality",Buy Ultra Shirt Max online. Best price. Ultra trusted brand.
40,Classic Blazer,classic-blazer-40,Clothing,High-quality Classic Blazer. Perfect for everyday use with premium features.,394.23,436.11,30,products/clothing_007.jpg,products/clothing_007_2.jpg,products/clothing_007_3.jpg,Classic,CLO-CLA-00040,True,False,"Classic Blazer, Clothing, Classic, quality",Buy Classic Blazer online. Best price. Classic trusted brand.
41,Premium T-Shirt Lite,premium-t-shirt-lite-41,Clothing,High-quality Premium T-Shirt Lite. Perfect for everyday use with premium features.,227.97,286.11,64,products/clothing_008.jpg,products/clothing_008_2.jpg,products/clothing_008_3.jpg,Premium,CLO-PRE-00041,True,True,"Premium T-Shirt Lite, Clothing, Premium, quality",Buy Premium T-Shirt Lite online. Best price. Premium trusted brand.
42,Classic Polo Premium,classic-polo-premium-42,Clothing,High-quality Classic Polo Premium. Perfect for everyday use with premium features.,378.48,532.94,46,products/clothing_009.jpg,products/clothing_009_2.jpg,products/clothing_009_3.jpg,Classic,CLO-CLA-00042,False,False,"Classic Polo Premium, Clothing, Classic, quality",Buy Classic Polo Premium online. Best price. Classic trusted brand.
43,Organic Jeans Pro,organic-jeans-pro-43,Clothing,High-quality Organic Jeans Pro. Perfect for everyday use with premium features.,285.97,407.71,57,products/clothing_010.jpg,products/clothing_010_2.jpg,products/clothing_010_3.jpg,Organic,CLO-ORG-00043,True,True,"Organic Jeans Pro, Clothing, Organic, quality",Buy Organic Jeans Pro online. Best price. Organic trusted brand.
44,Ultra Jacket Max,ultra-jacket-max-44,Clothing,High-quality Ultra Jacket Max. Perfect for everyday use with premium features.,167.41,203.67,27,products/clothing_011.jpg,products/clothing_011_2.jpg,products/clothing_011_3.jpg,Ultra,CLO-ULT-00044,True,True,"Ultra Jacket Max, Clothing, Ultra, quality",Buy Ultra Jacket Max online. Best price. Ultra trusted brand.
45,Smart Jacket Pro,smart-jacket-pro-45,Clothing,High-quality Smart Jacket Pro. Perfect for everyday use with premium features.,30.92,41.15,22,products/clothing_012.jpg,products/clothing_012_2.jpg,products/clothing_012_3.jpg,Smart,CLO-SMA-00045,True,False,"Smart Jacket Pro, Clothing, Smart, quality",Buy Smart Jacket Pro online. Best price. Smart trusted brand.
46,BrandX Sweater Max,brandx-sweater-max-46,Clothing,High-quality BrandX Sweater Max. Perfect for everyday use with premium features.,163.34,233.14,41,products/clothing_013.jpg,products/clothing_013_2.jpg,products/clothing_013_3.jpg,BrandX,CLO-BRA-00046,True,False,"BrandX Sweater Max, Clothing, BrandX, quality",Buy BrandX Sweater Max online. Best price. BrandX trusted brand.
47,Smart Polo Max,smart-polo-max-47,Clothing,High-quality Smart Polo Max. Perfect for everyday use with premium features.,456.31,667.91,95,products/clothing_014.jpg,products/clothing_014_2.jpg,products/clothing_014_3.jpg,Smart,CLO-SMA-00047,True,False,"Smart Polo Max, Clothing, Smart, quality",Buy Smart Polo Max online. Best price. Smart trusted brand.
48,Premium Leggings Lite,premium-leggings-lite-48,Clothing,High-quality Premium Leggings Lite. Perfect for everyday use with premium features.,395.84,511.96,9,products/clothing_015.jpg,products/clothing_015_2.jpg,products/clothing_015_3.jpg,Premium,CLO-PRE-00048,False,False,"Premium Leggings Lite, Clothing, Premium, quality",Buy Premium Leggings Lite online. Best price. Premium trusted brand.
49,Modern Skirt,modern-skirt-49,Clothing,High-quality Modern Skirt. Perfect for everyday use with premium features.,490.36,669.31,53,products/clothing_016.jpg,products/clothing_016_2.jpg,products/clothing_016_3.jpg,Modern,CLO-MOD-00049,False,False,"Modern Skirt, Clothing, Modern, quality",Buy Modern Skirt online. Best price. Modern trusted brand.
50,Elite Jacket Standard,elite-jacket-standard-50,Clothing,High-quality Elite Jacket Standard. Perfect for everyday use with premium features.,58.5,70.61,19,products/clothing_017.jpg,products/clothing_017_2.jpg,products/clothing_017_3.jpg,Elite,CLO-ELI-00050,True,False,"Elite Jacket Standard, Clothing, Elite, quality",Buy Elite Jacket Standard online. Best price. Elite trusted brand.
51,Elite Jacket,elite-jacket-51,Clothing,High-quality Elite Jacket. Perfect for everyday use with premium features.,207.47,311.12,94,products/clothing_018.jpg,products/clothing_018_2.jpg,products/clothing_018_3.jpg,Elite,CLO-ELI-00051,True,False,"Elite Jacket, Clothing, Elite, quality",Buy Elite Jacket online. Best price. Elite trusted brand.
52,Organic T-Shirt Premium,organic-t-shirt-premium-52,Clothing,High-quality Organic T-Shirt Premium. Perfect for everyday use with premium features.,376.08,461.53,15,products/clothing_019.jpg,products/clothing_019_2.jpg,products/clothing_019_3.jpg,Organic,CLO-ORG-00052,True,False,"Organic T-Shirt Premium, Clothing, Organic, quality",Buy Organic T-Shirt Premium online. Best price. Organic trusted brand.
53,Classic Dress Lite,classic-dress-lite-53,Clothing,High-quality Classic Dress Lite. Perfect for everyday use with premium features.,342.35,461.82,8,products/clothing_020.jpg,products/clothing_020_2.jpg,products/clothing_020_3.jpg,Classic,CLO-CLA-00053,False,False,"Classic Dress Lite, Clothing, Classic, quality",Buy Classic Dress Lite online. Best price. Classic trusted brand.
54,Classic Hoodie Plus,classic-hoodie-plus-54,Clothing,High-quality Classic Hoodie Plus. Perfect for everyday use with premium features.,45.15,58.54,53,products/clothing_021.jpg,products/clothing_021_2.jpg,products/clothing_021_3.jpg,Classic,CLO-CLA-00054,True,False,"Classic Hoodie Plus, Clothing, Classic, quality",Buy Classic Hoodie Plus online. Best price. Classic trusted brand.
55,Smart Jeans Standard,smart-jeans-standard-55,Clothing,High-quality Smart Jeans Standard. Perfect for everyday use with premium features.,388.32,451.99,33,products/clothing_022.jpg,products/clothing_022_2.jpg,products/clothing_022_3.jpg,Smart,CLO-SMA-00055,False,False,"Smart Jeans Standard, Clothing, Smart, quality",Buy Smart Jeans Standard online. Best price. Smart trusted brand.
56,Classic Shorts Lite,classic-shorts-lite-56,Clothing,High-quality Classic Shorts Lite. Perfect for everyday use with premium features.,375.66,536.38,4,products/clothing_023.jpg,products/clothing_023_2.jpg,products/clothing_023_3.jpg,Classic,CLO-CLA-00056,True,False,"Classic Shorts Lite, Clothing, Classic, quality",Buy Classic Shorts Lite online. Best price. Classic trusted brand.
57,Organic Hoodie Standard,organic-hoodie-standard-57,Clothing,High-quality Organic Hoodie Standard. Perfect for everyday use with premium features.,418.14,525.9,19,products/clothing_024.jpg,products/clothing_024_2.jpg,products/clothing_024_3.jpg,Organic,CLO-ORG-00057,True,True,"Organic Hoodie Standard, Clothing, Organic, quality",Buy Organic Hoodie Standard online. Best price. Organic trusted brand.
58,ProMax Blazer Standard,promax-blazer-standard-58,Clothing,High-quality ProMax Blazer Standard. Perfect for everyday use with premium features.,76.94,100.52,23,products/clothing_025.jpg,products/clothing_025_2.jpg,products/clothing_025_3.jpg,ProMax,CLO-PRO-00058,True,False,"ProMax Blazer Standard, Clothing, ProMax, quality",Buy ProMax Blazer Standard online. Best price. ProMax trusted brand.
59,Classic Jacket Pro,classic-jacket-pro-59,Clothing,High-quality Classic Jacket Pro. Perfect for everyday use with premium features.,118.74,150.29,23,products/clothing_026.jpg,products/clothing_026_2.jpg,products/clothing_026_3.jpg,Classic,CLO-CLA-00059,True,True,"Classic Jacket Pro, Clothing, Classic, quality",Buy Classic Jacket Pro online. Best price. Classic trusted brand.
60,Smart Dress Premium,smart-dress-premium-60,Clothing,High-quality Smart Dress Premium. Perfect for everyday use with premium features.,129.37,160.08,9,products/clothing_027.jpg,products/clothing_027_2.jpg,products/clothing_027_3.jpg,Smart,CLO-SMA-00060,True,False,"Smart Dress Premium, Clothing, Smart, quality",Buy Smart Dress Premium online. Best price. Smart trusted brand.
61,Smart Shirt Pro,smart-shirt-pro-61,Clothing,High-quality Smart Shirt Pro. Perfect for everyday use with premium features.,448.63,616.29,44,products/clothing_028.jpg,products/clothing_028_2.jpg,products/clothing_028_3.jpg,Smart,CLO-SMA-00061,True,False,"Smart Shirt Pro, Clothing, Smart, quality",Buy Smart Shirt Pro online. Best price. Smart trusted brand.
62,Smart Blazer Standard,smart-blazer-standard-62,Clothing,High-quality Smart Blazer Standard. Perfect for everyday use with premium features.,103.57,155.0,70,products/clothing_029.jpg,products/clothing_029_2.jpg,products/clothing_029_3.jpg,Smart,CLO-SMA-00062,True,False,"Smart Blazer Standard, Clothing, Smart, quality",Buy Smart Blazer Standard online. Best price. Smart trusted brand.
63,Ultra Dress Pro,ultra-dress-pro-63,Clothing,High-quality Ultra Dress Pro. Perfect for everyday use with premium features.,185.63,266.86,57,products/clothing_030.jpg,products/clothing_030_2.jpg,products/clothing_030_3.jpg,Ultra,CLO-ULT-00063,True,False,"Ultra Dress Pro, Clothing, Ultra, quality",Buy Ultra Dress Pro online. Best price. Ultra trusted brand.
64,Premium Jeans,premium-jeans-64,Clothing,High-quality Premium Jeans. Perfect for everyday use with premium features.,385.17,508.48,3,products/clothing_031.jpg,products/clothing_031_2.jpg,products/clothing_031_3.jpg,Premium,CLO-PRE-00064,True,False,"Premium Jeans, Clothing, Premium, quality",Buy Premium Jeans online. Best price. Premium trusted brand.
65,Modern Blazer,modern-blazer-65,Clothing,High-quality Modern Blazer. Perfect for everyday use with premium features.,41.97,48.41,38,products/clothing_032.jpg,products/clothing_032_2.jpg,products/clothing_032_3.jpg,Modern,CLO-MOD-00065,True,False,"Modern Blazer, Clothing, Modern, quality",Buy Modern Blazer online. Best price. Modern trusted brand.
66,Smart Leggings Plus,smart-leggings-plus-66,Clothing,High-quality Smart Leggings Plus. Perfect for everyday use with premium features.,327.56,476.26,80,products/clothing_033.jpg,products/clothing_033_2.jpg,products/clothing_033_3.jpg,Smart,CLO-SMA-00066,True,False,"Smart Leggings Plus, Clothing, Smart, quality",Buy Smart Leggings Plus online. Best price. Smart trusted brand.
67,Elite Cookware Set Pro,elite-cookware-set-pro-67,Home & Kitchen,High-quality Elite Cookware Set Pro. Perfect for everyday use with premium features.,479.44,543.22,10,products/home_kitchen_001.jpg,products/home_kitchen_001_2.jpg,products/home_kitchen_001_3.jpg,Elite,HOM-ELI-00067,True,False,"Elite Cookware Set Pro, Home & Kitchen, Elite, quality",Buy Elite Cookware Set Pro online. Best price. Elite trusted brand.
68,BrandX Air Fryer Standard,brandx-air-fryer-standard-68,Home & Kitchen,High-quality BrandX Air Fryer Standard. Perfect for everyday use with premium features.,263.77,290.88,17,products/home_kitchen_002.jpg,products/home_kitchen_002_2.jpg,products/home_kitchen_002_3.jpg,BrandX,HOM-BRA-00068,True,True,"BrandX Air Fryer Standard, Home & Kitchen, BrandX, quality",Buy BrandX Air Fryer Standard online. Best price. BrandX trusted brand.
69,Organic Curtains Max,organic-curtains-max-69,Home & Kitchen,High-quality Organic Curtains Max. Perfect for everyday use with premium features.,316.05,461.37,47,products/home_kitchen_003.jpg,products/home_kitchen_003_2.jpg,products/home_kitchen_003_3.jpg,Organic,HOM-ORG-00069,True,False,"Organic Curtains Max, Home & Kitchen, Organic, quality",Buy Organic Curtains Max online. Best price. Organic trusted brand.
70,Smart Toaster Pro,smart-toaster-pro-70,Home & Kitchen,High-quality Smart Toaster Pro. Perfect for everyday use with premium features.,204.25,292.37,75,products/home_kitchen_004.jpg,products/home_kitchen_004_2.jpg,products/home_kitchen_004_3.jpg,Smart,HOM-SMA-00070,True,False,"Smart Toaster Pro, Home & Kitchen, Smart, quality",Buy Smart Toaster Pro online. Best price. Smart trusted brand.
71,Ultra Lamp Lite,ultra-lamp-lite-71,Home & Kitchen,High-quality Ultra Lamp Lite. Perfect for everyday use with premium features.,58.61,68.4,42,products/home_kitchen_005.jpg,products/home_kitchen_005_2.jpg,products/home_kitchen_005_3.jpg,Ultra,HOM-ULT-00071,True,False,"Ultra Lamp Lite, Home & Kitchen, Ultra, quality",Buy Ultra Lamp Lite online. Best price. Ultra trusted brand.
72,Organic Air Fryer Max,organic-air-fryer-max-72,Home & Kitchen,High-quality Organic Air Fryer Max. Perfect for everyday use with premium features.,151.59,219.48,95,products/home_kitchen_006.jpg,products/home_kitchen_006_2.jpg,products/home_kitchen_006_3.jpg,Organic,HOM-ORG-00072,True,True,"Organic Air Fryer Max, Home & Kitchen, Organic, quality",Buy Organic Air Fryer Max online. Best price. Organic trusted brand.
73,ProMax Cookware Set Standard,promax-cookware-set-standard-73,Home & Kitchen,High-quality ProMax Cookware Set Standard. Perfect for everyday use with premium features.,278.99,389.0,42,products/home_kitchen_007.jpg,products/home_kitchen_007_2.jpg,products/home_kitchen_007_3.jpg,ProMax,HOM-PRO-00073,True,False,"ProMax Cookware Set Standard, Home & Kitchen, ProMax, quality",Buy ProMax Cookware Set Standard online. Best price. ProMax trusted brand.
74,Smart Blender Lite,smart-blender-lite-74,Home & Kitchen,High-quality Smart Blender Lite. Perfect for everyday use with premium features.,30.74,45.79,14,products/home_kitchen_008.jpg,products/home_kitchen_008_2.jpg,products/home_kitchen_008_3.jpg,Smart,HOM-SMA-00074,True,False,"Smart Blender Lite, Home & Kitchen, Smart, quality",Buy Smart Blender Lite online. Best price. Smart trusted brand.
75,BrandX Knife Set,brandx-knife-set-75,Home & Kitchen,High-quality BrandX Knife Set. Perfect for everyday use with premium features.,325.74,384.58,34,products/home_kitchen_009.jpg,products/home_kitchen_009_2.jpg,products/home_kitchen_009_3.jpg,BrandX,HOM-BRA-00075,False,False,"BrandX Knife Set, Home & Kitchen, BrandX, quality",Buy BrandX Knife Set online. Best price. BrandX trusted brand.
76,Smart Pillow Plus,smart-pillow-plus-76,Home & Kitchen,High-quality Smart Pillow Plus. Perfect for everyday use with premium features.,239.52,316.42,82,products/home_kitchen_010.jpg,products/home_kitchen_010_2.jpg,products/home_kitchen_010_3.jpg,Smart,HOM-SMA-00076,True,False,"Smart Pillow Plus, Home & Kitchen, Smart, quality",Buy Smart Pillow Plus online. Best price. Smart trusted brand.
77,ProMax Cookware Set Lite,promax-cookware-set-lite-77,Home & Kitchen,High-quality ProMax Cookware Set Lite. Perfect for everyday use with premium features.,103.45,151.01,13,products/home_kitchen_011.jpg,products/home_kitchen_011_2.jpg,products/home_kitchen_011_3.jpg,ProMax,HOM-PRO-00077,False,False,"ProMax Cookware Set Lite, Home & Kitchen, ProMax, quality",Buy ProMax Cookware Set Lite online. Best price. ProMax trusted brand.
78,ProMax Air Fryer,promax-air-fryer-78,Home & Kitchen,High-quality ProMax Air Fryer. Perfect for everyday use with premium features.,404.63,508.17,34,products/home_kitchen_012.jpg,products/home_kitchen_012_2.jpg,products/home_kitchen_012_3.jpg,ProMax,HOM-PRO-00078,False,True,"ProMax Air Fryer, Home & Kitchen, ProMax, quality",Buy ProMax Air Fryer online. Best price. ProMax trusted brand.
79,Premium Cookware Set Plus,premium-cookware-set-plus-79,Home & Kitchen,High-quality Premium Cookware Set Plus. Perfect for everyday use with premium features.,36.71,45.69,41,products/home_kitchen_013.jpg,products/home_kitchen_013_2.jpg,products/home_kitchen_013_3.jpg,Premium,HOM-PRE-00079,True,False,"Premium Cookware Set Plus, Home & Kitchen, Premium, quality",Buy Premium Cookware Set Plus online. Best price. Premium trusted brand.
80,Premium Blender,premium-blender-80,Home & Kitchen,High-quality Premium Blender. Perfect for everyday use with premium features.,271.24,404.71,1,products/home_kitchen_014.jpg,products/home_kitchen_014_2.jpg,products/home_kitchen_014_3.jpg,Premium,HOM-PRE-00080,True,True,"Premium Blender, Home & Kitchen, Premium, quality",Buy Premium Blender online. Best price. Premium trusted brand.
81,Smart Toaster Standard,smart-toaster-standard-81,Home & Kitchen,High-quality Smart Toaster Standard. Perfect for everyday use with premium features.,367.0,457.14,42,products/home_kitchen_015.jpg,products/home_kitchen_015_2.jpg,products/home_kitchen_015_3.jpg,Smart,HOM-SMA-00081,True,False,"Smart Toaster Standard, Home & Kitchen, Smart, quality",Buy Smart Toaster Standard online. Best price. Smart trusted brand.
82,BrandX Cookware Set Max,brandx-cookware-set-max-82,Home & Kitchen,High-quality BrandX Cookware Set Max. Perfect for everyday use with premium features.,464.74,634.48,45,products/home_kitchen_016.jpg,products/home_kitchen_016_2.jpg,products/home_kitchen_016_3.jpg,BrandX,HOM-BRA-00082,True,False,"BrandX Cookware Set Max, Home & Kitchen, BrandX, quality",Buy BrandX Cookware Set Max online. Best price. BrandX trusted brand.
83,BrandX Bedsheet Premium,brandx-bedsheet-premium-83,Home & Kitchen,High-quality BrandX Bedsheet Premium. Perfect for everyday use with premium features.,202.79,274.6,43,products/home_kitchen_017.jpg,products/home_kitchen_017_2.jpg,products/home_kitchen_017_3.jpg,BrandX,HOM-BRA-00083,True,False,"BrandX Bedsheet Premium, Home & Kitchen, BrandX, quality",Buy BrandX Bedsheet Premium online. Best price. BrandX trusted brand.
84,Ultra Lamp,ultra-lamp-84,Home & Kitchen,High-quality Ultra Lamp. Perfect for everyday use with premium features.,322.33,448.23,62,products/home_kitchen_018.jpg,products/home_kitchen_018_2.jpg,products/home_kitchen_018_3.jpg,Ultra,HOM-ULT-00084,True,False,"Ultra Lamp, Home & Kitchen, Ultra, quality",Buy Ultra Lamp online. Best price. Ultra trusted brand.
85,Elite Blender Plus,elite-blender-plus-85,Home & Kitchen,High-quality Elite Blender Plus. Perfect for everyday use with premium features.,472.73,579.48,81,products/home_kitchen_019.jpg,products/home_kitchen_019_2.jpg,products/home_kitchen_019_3.jpg,Elite,HOM-ELI-00085,True,False,"Elite Blender Plus, Home & Kitchen, Elite, quality",Buy Elite Blender Plus online. Best price. Elite trusted brand.
86,Natural Toaster Pro,natural-toaster-pro-86,Home & Kitchen,High-quality Natural Toaster Pro. Perfect for everyday use with premium features.,334.09,488.21,54,products/home_kitchen_020.jpg,products/home_kitchen_020_2.jpg,products/home_kitchen_020_3.jpg,Natural,HOM-NAT-00086,False,False,"Natural Toaster Pro, Home & Kitchen, Natural, quality",Buy Natural Toaster Pro online. Best price. Natural trusted brand.
87,ProMax Containers,promax-containers-87,Home & Kitchen,High-quality ProMax Containers. Perfect for everyday use with premium features.,219.26,301.68,51,products/home_kitchen_021.jpg,products/home_kitchen_021_2.jpg,products/home_kitchen_021_3.jpg,ProMax,HOM-PRO-00087,False,False,"ProMax Containers, Home & Kitchen, ProMax, quality",Buy ProMax Containers online. Best price. ProMax trusted brand.
88,Smart Bedsheet Lite,smart-bedsheet-lite-88,Home & Kitchen,High-quality Smart Bedsheet Lite. Perfect for everyday use with premium features.,32.39,46.16,43,products/home_kitchen_022.jpg,products/home_kitchen_022_2.jpg,products/home_kitchen_022_3.jpg,Smart,HOM-SMA-00088,True,False,"Smart Bedsheet Lite, Home & Kitchen, Smart, quality",Buy Smart Bedsheet Lite online. Best price. Smart trusted brand.
89,Organic Toaster Pro,organic-toaster-pro-89,Home & Kitchen,High-quality Organic Toaster Pro. Perfect for everyday use with premium features.,102.54,113.15,0,products/home_kitchen_023.jpg,products/home_kitchen_023_2.jpg,products/home_kitchen_023_3.jpg,Organic,HOM-ORG-00089,True,False,"Organic Toaster Pro, Home & Kitchen, Organic, quality",Buy Organic Toaster Pro online. Best price. Organic trusted brand.
90,Premium Air Fryer,premium-air-fryer-90,Home & Kitchen,High-quality Premium Air Fryer. Perfect for everyday use with premium features.,160.2,179.19,34,products/home_kitchen_024.jpg,products/home_kitchen_024_2.jpg,products/home_kitchen_024_3.jpg,Premium,HOM-PRE-00090,True,False,"Premium Air Fryer, Home & Kitchen, Premium, quality",Buy Premium Air Fryer online. Best price. Premium trusted brand.
91,Smart Pillow Lite,smart-pillow-lite-91,Home & Kitchen,High-quality Smart Pillow Lite. Perfect for everyday use with premium features.,38.3,52.69,16,products/home_kitchen_025.jpg,products/home_kitchen_025_2.jpg,products/home_kitchen_025_3.jpg,Smart,HOM-SMA-00091,True,False,"Smart Pillow Lite, Home & Kitchen, Smart, quality",Buy Smart Pillow Lite online. Best price. Smart trusted brand.
92,BrandX Containers Standard,brandx-containers-standard-92,Home & Kitchen,High-quality BrandX Containers Standard. Perfect for everyday use with premium features.,114.26,164.43,39,products/home_kitchen_026.jpg,products/home_kitchen_026_2.jpg,products/home_kitchen_026_3.jpg,BrandX,HOM-BRA-00092,True,False,"BrandX Containers Standard, Home & Kitchen, BrandX, quality",Buy BrandX Containers Standard online. Best price. BrandX trusted brand.
93,Elite Microwave Lite,elite-microwave-lite-93,Home & Kitchen,High-quality Elite Microwave Lite. Perfect for everyday use with premium features.,440.83,572.28,68,products/home_kitchen_027.jpg,products/home_kitchen_027_2.jpg,products/home_kitchen_027_3.jpg,Elite,HOM-ELI-00093,True,False,"Elite Microwave Lite, Home & Kitchen, Elite, quality",Buy Elite Microwave Lite online. Best price. Elite trusted brand.
94,Elite Blender Pro,elite-blender-pro-94,Home & Kitchen,High-quality Elite Blender Pro. Perfect for everyday use with premium features.,261.72,360.79,31,products/home_kitchen_028.jpg,products/home_kitchen_028_2.jpg,products/home_kitchen_028_3.jpg,Elite,HOM-ELI-00094,True,False,"Elite Blender Pro, Home & Kitchen, Elite, quality",Buy Elite Blender Pro online. Best price. Elite trusted brand.
95,Natural Pillow Pro,natural-pillow-pro-95,Home & Kitchen,High-quality Natural Pillow Pro. Perfect for everyday use with premium features.,164.64,246.34,75,products/home_kitchen_029.jpg,products/home_kitchen_029_2.jpg,products/home_kitchen_029_3.jpg,Natural,HOM-NAT-00095,True,False,"Natural Pillow Pro, Home & Kitchen, Natural, quality",Buy Natural Pillow Pro online. Best price. Natural trusted brand.
96,Ultra Air Fryer,ultra-air-fryer-96,Home & Kitchen,High-quality Ultra Air Fryer. Perfect for everyday use with premium features.,199.13,246.87,12,products/home_kitchen_030.jpg,products/home_kitchen_030_2.jpg,products/home_kitchen_030_3.jpg,Ultra,HOM-ULT-00096,False,False,"Ultra Air Fryer, Home & Kitchen, Ultra, quality",Buy Ultra Air Fryer online. Best price. Ultra trusted brand.
97,Smart Containers,smart-containers-97,Home & Kitchen,High-quality Smart Containers. Perfect for everyday use with premium features.,262.17,368.45,85,products/home_kitchen_031.jpg,products/home_kitchen_031_2.jpg,products/home_kitchen_031_3.jpg,Smart,HOM-SMA-00097,True,False,"Smart Containers, Home & Kitchen, Smart, quality",Buy Smart Containers online. Best price. Smart trusted brand.
98,Organic Blender Standard,organic-blender-standard-98,Home & Kitchen,High-quality Organic Blender Standard. Perfect for everyday use with premium features.,469.06,522.08,17,products/home_kitchen_032.jpg,products/home_kitchen_032_2.jpg,products/home_kitchen_032_3.jpg,Organic,HOM-ORG-00098,True,False,"Organic Blender Standard, Home & Kitchen, Organic, quality",Buy Organic Blender Standard online. Best price. Organic trusted brand.
99,Premium Toaster Max,premium-toaster-max-99,Home & Kitchen,High-quality Premium Toaster Max. Perfect for everyday use with premium features.,83.25,93.45,11,products/home_kitchen_033.jpg,products/home_kitchen_033_2.jpg,products/home_kitchen_033_3.jpg,Premium,HOM-PRE-00099,False,False,"Premium Toaster Max, Home & Kitchen, Premium, quality",Buy Premium Toaster Max online. Best price. Premium trusted brand.
100,Premium Gym Bag,premium-gym-bag-100,Sports,High-quality Premium Gym Bag. Perfect for everyday use with premium features.,325.96,389.84,68,products/sports_001.jpg,products/sports_001_2.jpg,products/sports_001_3.jpg,Premium,SPO-PRE-00100,False,True,"Premium Gym Bag, Sports, Premium, quality",Buy Premium Gym Bag online. Best price. Premium trusted brand.
101,Smart Resistance Bands Lite,smart-resistance-bands-lite-101,Sports,High-quality Smart Resistance Bands Lite. Perfect for everyday use with premium features.,317.79,357.64,15,products/sports_002.jpg,products/sports_002_2.jpg,products/sports_002_3.jpg,Smart,SPO-SMA-00101,True,True,"Smart Resistance Bands Lite, Sports, Smart, quality",Buy Smart Resistance Bands Lite online. Best price. Smart trusted brand.
102,Premium Dumbbells,premium-dumbbells-102,Sports,High-quality Premium Dumbbells. Perfect for everyday use with premium features.,432.06,533.07,18,products/sports_003.jpg,products/sports_003_2.jpg,products/sports_003_3.jpg,Premium,SPO-PRE-00102,True,True,"Premium Dumbbells, Sports, Premium, quality",Buy Premium Dumbbells online. Best price. Premium trusted brand.
103,Organic Gym Bag Max,organic-gym-bag-max-103,Sports,High-quality Organic Gym Bag Max. Perfect for everyday use with premium features.,177.41,217.44,41,products/sports_004.jpg,products/sports_004_2.jpg,products/sports_004_3.jpg,Organic,SPO-ORG-00103,True,True,"Organic Gym Bag Max, Sports, Organic, quality",Buy Organic Gym Bag Max online. Best price. Organic trusted brand.
104,Natural Resistance Bands Max,natural-resistance-bands-max-104,Sports,High-quality Natural Resistance Bands Max. Perfect for everyday use with premium features.,149.5,178.23,19,products/sports_005.jpg,products/sports_005_2.jpg,products/sports_005_3.jpg,Natural,SPO-NAT-00104,True,False,"Natural Resistance Bands Max, Sports, Natural, quality",Buy Natural Resistance Bands Max online. Best price. Natural trusted brand.
105,Modern Gym Bag Plus,modern-gym-bag-plus-105,Sports,High-quality Modern Gym Bag Plus. Perfect for everyday use with premium features.,182.9,219.52,88,products/sports_006.jpg,products/sports_006_2.jpg,products/sports_006_3.jpg,Modern,SPO-MOD-00105,False,False,"Modern Gym Bag Plus, Sports, Modern, quality",Buy Modern Gym Bag Plus online. Best price. Modern trusted brand.
106,Classic Dumbbells Max,classic-dumbbells-max-106,Sports,High-quality Classic Dumbbells Max. Perfect for everyday use with premium features.,106.36,147.78,23,products/sports_007.jpg,products/sports_007_2.jpg,products/sports_007_3.jpg,Classic,SPO-CLA-00106,True,False,"Classic Dumbbells Max, Sports, Classic, quality",Buy Classic Dumbbells Max online. Best price. Classic trusted brand.
107,Elite Running Shoes Standard,elite-running-shoes-standard-107,Sports,High-quality Elite Running Shoes Standard. Perfect for everyday use with premium features.,494.96,550.96,100,products/sports_008.jpg,products/sports_008_2.jpg,products/sports_008_3.jpg,Elite,SPO-ELI-00107,False,False,"Elite Running Shoes Standard, Sports, Elite, quality",Buy Elite Running Shoes Standard online. Best price. Elite trusted brand.
108,Natural Dumbbells Pro,natural-dumbbells-pro-108,Sports,High-quality Natural Dumbbells Pro. Perfect for everyday use with premium features.,23.85,28.25,38,products/sports_009.jpg,products/sports_009_2.jpg,products/sports_009_3.jpg,Natural,SPO-NAT-00108,False,False,"Natural Dumbbells Pro, Sports, Natural, quality",Buy Natural Dumbbells Pro online. Best price. Natural trusted brand.
109,Classic Gym Bag Premium,classic-gym-bag-premium-109,Sports,High-quality Classic Gym Bag Premium. Perfect for everyday use with premium features.,392.72,501.49,24,products/sports_010.jpg,products/sports_010_2.jpg,products/sports_010_3.jpg,Classic,SPO-CLA-00109,True,False,"Classic Gym Bag Premium, Sports, Classic, quality",Buy Classic Gym Bag Premium online. Best price. Classic trusted brand.
110,Elite Gym Bag Lite,elite-gym-bag-lite-110,Sports,High-quality Elite Gym Bag Lite. Perfect for everyday use with premium features.,232.07,341.46,41,products/sports_011.jpg,products/sports_011_2.jpg,products/sports_011_3.jpg,Elite,SPO-ELI-00110,True,True,"Elite Gym Bag Lite, Sports, Elite, quality",Buy Elite Gym Bag Lite online. Best price. Elite trusted brand.
111,Ultra Resistance Bands Standard,ultra-resistance-bands-standard-111,Sports,High-quality Ultra Resistance Bands Standard. Perfect for everyday use with premium features.,212.39,250.05,72,products/sports_012.jpg,products/sports_012_2.jpg,products/sports_012_3.jpg,Ultra,SPO-ULT-00111,True,True,"Ultra Resistance Bands Standard, Sports, Ultra, quality",Buy Ultra Resistance Bands Standard online. Best price. Ultra trusted brand.
113,Elite Football Pro,elite-football-pro-113,Sports,High-quality Elite Football Pro. Perfect for everyday use with premium features.,256.18,341.33,100,products/sports_013.jpg,products/sports_013_2.jpg,products/sports_013_3.jpg,Elite,SPO-ELI-00113,True,False,"Elite Football Pro, Sports, Elite, quality",Buy Elite Football Pro online. Best price. Elite trusted brand.
114,Organic Gym Bag Max,organic-gym-bag-max-114,Sports,High-quality Organic Gym Bag Max. Perfect for everyday use with premium features.,389.36,441.17,23,products/sports_014.jpg,products/sports_014_2.jpg,products/sports_014_3.jpg,Organic,SPO-ORG-00114,True,False,"Organic Gym Bag Max, Sports, Organic, quality",Buy Organic Gym Bag Max online. Best price. Organic trusted brand.
115,ProMax Badminton Racket,promax-badminton-racket-115,Sports,High-quality ProMax Badminton Racket. Perfect for everyday use with premium features.,29.92,34.24,48,products/sports_015.jpg,products/sports_015_2.jpg,products/sports_015_3.jpg,ProMax,SPO-PRO-00115,True,False,"ProMax Badminton Racket, Sports, ProMax, quality",Buy ProMax Badminton Racket online. Best price. ProMax trusted brand.
116,Organic Badminton Racket Standard,organic-badminton-racket-standard-116,Sports,High-quality Organic Badminton Racket Standard. Perfect for everyday use with premium features.,218.87,296.66,86,products/sports_016.jpg,products/sports_016_2.jpg,products/sports_016_3.jpg,Organic,SPO-ORG-00116,True,True,"Organic Badminton Racket Standard, Sports, Organic, quality",Buy Organic Badminton Racket Standard online. Best price. Organic trusted brand.
117,Ultra Gym Bag Max,ultra-gym-bag-max-117,Sports,High-quality Ultra Gym Bag Max. Perfect for everyday use with premium features.,198.45,260.97,76,products/sports_017.jpg,products/sports_017_2.jpg,products/sports_017_3.jpg,Ultra,SPO-ULT-00117,True,False,"Ultra Gym Bag Max, Sports, Ultra, quality",Buy Ultra Gym Bag Max online. Best price. Ultra trusted brand.
118,Premium Cricket Bat Pro,premium-cricket-bat-pro-118,Sports,High-quality Premium Cricket Bat Pro. Perfect for everyday use with premium features.,255.79,383.18,27,products/sports_018.jpg,products/sports_018_2.jpg,products/sports_018_3.jpg,Premium,SPO-PRE-00118,True,False,"Premium Cricket Bat Pro, Sports, Premium, quality",Buy Premium Cricket Bat Pro online. Best price. Premium trusted brand.
119,Premium Resistance Bands Standard,premium-resistance-bands-standard-119,Sports,High-quality Premium Resistance Bands Standard. Perfect for everyday use with premium features.,395.06,434.59,78,products/sports_019.jpg,products/sports_019_2.jpg,products/sports_019_3.jpg,Premium,SPO-PRE-00119,True,False,"Premium Resistance Bands Standard, Sports, Premium, quality",Buy Premium Resistance Bands Standard online. Best price. Premium trusted brand.
120,BrandX Yoga Mat Standard,brandx-yoga-mat-standard-120,Sports,High-quality BrandX Yoga Mat Standard. Perfect for everyday use with premium features.,290.87,367.75,28,products/sports_020.jpg,products/sports_020_2.jpg,products/sports_020_3.jpg,BrandX,SPO-BRA-00120,True,False,"BrandX Yoga Mat Standard, Sports, BrandX, quality",Buy BrandX Yoga Mat Standard online. Best price. BrandX trusted brand.
121,BrandX Running Shoes Plus,brandx-running-shoes-plus-121,Sports,High-quality BrandX Running Shoes Plus. Perfect for everyday use with premium features.,182.68,226.61,13,products/sports_021.jpg,products/sports_021_2.jpg,products/sports_021_3.jpg,BrandX,SPO-BRA-00121,True,False,"BrandX Running Shoes Plus, Sports, BrandX, quality",Buy BrandX Running Shoes Plus online. Best price. BrandX trusted brand.
122,Organic Football Max,organic-football-max-122,Sports,High-quality Organic Football Max. Perfect for everyday use with premium features.,150.8,191.58,6,products/sports_022.jpg,products/sports_022_2.jpg,products/sports_022_3.jpg,Organic,SPO-ORG-00122,False,False,"Organic Football Max, Sports, Organic, quality",Buy Organic Football Max online. Best price. Organic trusted brand.
123,Natural Water Bottle Plus,natural-water-bottle-plus-123,Sports,High-quality Natural Water Bottle Plus. Perfect for everyday use with premium features.,117.66,169.11,53,products/sports_023.jpg,products/sports_023_2.jpg,products/sports_023_3.jpg,Natural,SPO-NAT-00123,True,False,"Natural Water Bottle Plus, Sports, Natural, quality",Buy Natural Water Bottle Plus online. Best price. Natural trusted brand.
124,Ultra Water Bottle Standard,ultra-water-bottle-standard-124,Sports,High-quality Ultra Water Bottle Standard. Perfect for everyday use with premium features.,95.74,120.91,17,products/sports_024.jpg,products/sports_024_2.jpg,products/sports_024_3.jpg,Ultra,SPO-ULT-00124,False,True,"Ultra Water Bottle Standard, Sports, Ultra, quality",Buy Ultra Water Bottle Standard online. Best price. Ultra trusted brand.
125,Organic Gym Bag Pro,organic-gym-bag-pro-125,Sports,High-quality Organic Gym Bag Pro. Perfect for everyday use with premium features.,360.32,501.57,43,products/sports_025.jpg,products/sports_025_2.jpg,products/sports_025_3.jpg,Organic,SPO-ORG-00125,True,False,"Organic Gym Bag Pro, Sports, Organic, quality",Buy Organic Gym Bag Pro online. Best price. Organic trusted brand.
126,Elite Badminton Racket Pro,elite-badminton-racket-pro-126,Sports,High-quality Elite Badminton Racket Pro. Perfect for everyday use with premium features.,178.37,219.77,69,products/sports_026.jpg,products/sports_026_2.jpg,products/sports_026_3.jpg,Elite,SPO-ELI-00126,True,True,"Elite Badminton Racket Pro, Sports, Elite, quality",Buy Elite Badminton Racket Pro online. Best price. Elite trusted brand.
127,Organic Resistance Bands Plus,organic-resistance-bands-plus-127,Sports,High-quality Organic Resistance Bands Plus. Perfect for everyday use with premium features.,205.39,264.37,21,products/sports_027.jpg,products/sports_027_2.jpg,products/sports_027_3.jpg,Organic,SPO-ORG-00127,True,True,"Organic Resistance Bands Plus, Sports, Organic, quality",Buy Organic Resistance Bands Plus online. Best price. Organic trusted brand.
128,Organic Gym Bag,organic-gym-bag-128,Sports,High-quality Organic Gym Bag. Perfect for everyday use with premium features.,41.5,56.96,96,products/sports_028.jpg,products/sports_028_2.jpg,products/sports_028_3.jpg,Organic,SPO-ORG-00128,True,True,"Organic Gym Bag, Sports, Organic, quality",Buy Organic Gym Bag online. Best price. Organic trusted brand.
129,ProMax Badminton Racket Pro,promax-badminton-racket-pro-129,Sports,High-quality ProMax Badminton Racket Pro. Perfect for everyday use with premium features.,78.05,88.38,43,products/sports_029.jpg,products/sports_029_2.jpg,products/sports_029_3.jpg,ProMax,SPO-PRO-00129,True,True,"ProMax Badminton Racket Pro, Sports, ProMax, quality",Buy ProMax Badminton Racket Pro online. Best price. ProMax trusted brand.
130,Natural Cricket Bat Plus,natural-cricket-bat-plus-130,Sports,High-quality Natural Cricket Bat Plus. Perfect for everyday use with premium features.,116.72,161.25,35,products/sports_030.jpg,products/sports_030_2.jpg,products/sports_030_3.jpg,Natural,SPO-NAT-00130,True,False,"Natural Cricket Bat Plus, Sports, Natural, quality",Buy Natural Cricket Bat Plus online. Best price. Natural trusted brand.
131,Natural Bicycle,natural-bicycle-131,Sports,High-quality Natural Bicycle. Perfect for everyday use with premium features.,447.16,657.15,52,products/sports_031.jpg,products/sports_031_2.jpg,products/sports_031_3.jpg,Natural,SPO-NAT-00131,True,False,"Natural Bicycle, Sports, Natural, quality",Buy Natural Bicycle online. Best price. Natural trusted brand.
132,ProMax Yoga Mat Plus,promax-yoga-mat-plus-132,Sports,High-quality ProMax Yoga Mat Plus. Perfect for everyday use with premium features.,465.96,637.49,2,products/sports_032.jpg,products/sports_032_2.jpg,products/sports_032_3.jpg,ProMax,SPO-PRO-00132,False,False,"ProMax Yoga Mat Plus, Sports, ProMax, quality",Buy ProMax Yoga Mat Plus online. Best price. ProMax trusted brand.
133,BrandX Art Book Pro,brandx-art-book-pro-133,Books,High-quality BrandX Art Book Pro. Perfect for everyday use with premium features.,456.34,679.15,52,products/books_001.jpg,products/books_001_2.jpg,products/books_001_3.jpg,BrandX,BOO-BRA-00133,True,False,"BrandX Art Book Pro, Books, BrandX, quality",Buy BrandX Art Book Pro online. Best price. BrandX trusted brand.
134,ProMax Mystery Thriller Plus,promax-mystery-thriller-plus-134,Books,High-quality ProMax Mystery Thriller Plus. Perfect for everyday use with premium features.,75.13,89.84,37,products/books_002.jpg,products/books_002_2.jpg,products/books_002_3.jpg,ProMax,BOO-PRO-00134,True,False,"ProMax Mystery Thriller Plus, Books, ProMax, quality",Buy ProMax Mystery Thriller Plus online. Best price. ProMax trusted brand.
135,Classic Biography Plus,classic-biography-plus-135,Books,High-quality Classic Biography Plus. Perfect for everyday use with premium features.,219.66,248.64,79,products/books_003.jpg,products/books_003_2.jpg,products/books_003_3.jpg,Classic,BOO-CLA-00135,True,False,"Classic Biography Plus, Books, Classic, quality",Buy Classic Biography Plus online. Best price. Classic trusted brand.
136,Organic Programming Guide Max,organic-programming-guide-max-136,Books,High-quality Organic Programming Guide Max. Perfect for everyday use with premium features.,267.87,372.72,92,products/books_004.jpg,products/books_004_2.jpg,products/books_004_3.jpg,Organic,BOO-ORG-00136,True,True,"Organic Programming Guide Max, Books, Organic, quality",Buy Organic Programming Guide Max online. Best price. Organic trusted brand.
137,Smart Art Book Premium,smart-art-book-premium-137,Books,High-quality Smart Art Book Premium. Perfect for everyday use with premium features.,300.14,365.79,91,products/books_005.jpg,products/books_005_2.jpg,products/books_005_3.jpg,Smart,BOO-SMA-00137,True,False,"Smart Art Book Premium, Books, Smart, quality",Buy Smart Art Book Premium online. Best price. Smart trusted brand.
138,BrandX Romance Novel Pro,brandx-romance-novel-pro-138,Books,High-quality BrandX Romance Novel Pro. Perfect for everyday use with premium features.,238.16,323.18,72,products/books_006.jpg,products/books_006_2.jpg,products/books_006_3.jpg,BrandX,BOO-BRA-00138,True,False,"BrandX Romance Novel Pro, Books, BrandX, quality",Buy BrandX Romance Novel Pro online. Best price. BrandX trusted brand.
139,Ultra Cookbook Premium,ultra-cookbook-premium-139,Books,High-quality Ultra Cookbook Premium. Perfect for everyday use with premium features.,479.03,690.09,41,products/books_007.jpg,products/books_007_2.jpg,products/books_007_3.jpg,Ultra,BOO-ULT-00139,True,True,"Ultra Cookbook Premium, Books, Ultra, quality",Buy Ultra Cookbook Premium online. Best price. Ultra trusted brand.
140,Ultra Science Fiction Max,ultra-science-fiction-max-140,Books,High-quality Ultra Science Fiction Max. Perfect for everyday use with premium features.,390.93,567.43,76,products/books_008.jpg,products/books_008_2.jpg,products/books_008_3.jpg,Ultra,BOO-ULT-00140,True,True,"Ultra Science Fiction Max, Books, Ultra, quality",Buy Ultra Science Fiction Max online. Best price. Ultra trusted brand.
141,Classic Programming Guide Premium,classic-programming-guide-premium-141,Books,High-quality Classic Programming Guide Premium. Perfect for everyday use with premium features.,121.1,176.37,69,products/books_009.jpg,products/books_009_2.jpg,products/books_009_3.jpg,Classic,BOO-CLA-00141,True,False,"Classic Programming Guide Premium, Books, Classic, quality",Buy Classic Programming Guide Premium online. Best price. Classic trusted brand.
142,Classic Science Fiction Pro,classic-science-fiction-pro-142,Books,High-quality Classic Science Fiction Pro. Perfect for everyday use with premium features.,90.51,132.1,52,products/books_010.jpg,products/books_010_2.jpg,products/books_010_3.jpg,Classic,BOO-CLA-00142,True,True,"Classic Science Fiction Pro, Books, Classic, quality",Buy Classic Science Fiction Pro online. Best price. Classic trusted brand.
143,Ultra Biography Plus,ultra-biography-plus-143,Books,High-quality Ultra Biography Plus. Perfect for everyday use with premium features.,143.97,194.78,89,products/books_011.jpg,products/books_011_2.jpg,products/books_011_3.jpg,Ultra,BOO-ULT-00143,True,False,"Ultra Biography Plus, Books, Ultra, quality",Buy Ultra Biography Plus online. Best price. Ultra trusted brand.
144,BrandX Fiction Novel Plus,brandx-fiction-novel-plus-144,Books,High-quality BrandX Fiction Novel Plus. Perfect for everyday use with premium features.,157.57,227.99,57,products/books_012.jpg,products/books_012_2.jpg,products/books_012_3.jpg,BrandX,BOO-BRA-00144,True,False,"BrandX Fiction Novel Plus, Books, BrandX, quality",Buy BrandX Fiction Novel Plus online. Best price. BrandX trusted brand.
145,Modern Self-Help Book Plus,modern-self-help-book-plus-145,Books,High-quality Modern Self-Help Book Plus. Perfect for everyday use with premium features.,262.21,333.35,55,products/books_013.jpg,products/books_013_2.jpg,products/books_013_3.jpg,Modern,BOO-MOD-00145,True,True,"Modern Self-Help Book Plus, Books, Modern, quality",Buy Modern Self-Help Book Plus online. Best price. Modern trusted brand.
146,Premium Romance Novel,premium-romance-novel-146,Books,High-quality Premium Romance Novel. Perfect for everyday use with premium features.,70.41,89.38,41,products/books_014.jpg,products/books_014_2.jpg,products/books_014_3.jpg,Premium,BOO-PRE-00146,True,False,"Premium Romance Novel, Books, Premium, quality",Buy Premium Romance Novel online. Best price. Premium trusted brand.
147,ProMax Programming Guide Standard,promax-programming-guide-standard-147,Books,High-quality ProMax Programming Guide Standard. Perfect for everyday use with premium features.,242.36,360.95,70,products/books_015.jpg,products/books_015_2.jpg,products/books_015_3.jpg,ProMax,BOO-PRO-00147,False,True,"ProMax Programming Guide Standard, Books, ProMax, quality",Buy ProMax Programming Guide Standard online. Best price. ProMax trusted brand.
148,Classic History Book Max,classic-history-book-max-148,Books,High-quality Classic History Book Max. Perfect for everyday use with premium features.,282.45,370.18,11,products/books_016.jpg,products/books_016_2.jpg,products/books_016_3.jpg,Classic,BOO-CLA-00148,False,False,"Classic History Book Max, Books, Classic, quality",Buy Classic History Book Max online. Best price. Classic trusted brand.
149,ProMax Programming Guide Lite,promax-programming-guide-lite-149,Books,High-quality ProMax Programming Guide Lite. Perfect for everyday use with premium features.,103.61,121.95,95,products/books_017.jpg,products/books_017_2.jpg,products/books_017_3.jpg,ProMax,BOO-PRO-00149,True,False,"ProMax Programming Guide Lite, Books, ProMax, quality",Buy ProMax Programming Guide Lite online. Best price. ProMax trusted brand.
150,Natural Fiction Novel Premium,natural-fiction-novel-premium-150,Books,High-quality Natural Fiction Novel Premium. Perfect for everyday use with premium features.,173.07,248.68,20,products/books_018.jpg,products/books_018_2.jpg,products/books_018_3.jpg,Natural,BOO-NAT-00150,False,False,"Natural Fiction Novel Premium, Books, Natural, quality",Buy Natural Fiction Novel Premium online. Best price. Natural trusted brand.
151,ProMax Cookbook Max,promax-cookbook-max-151,Books,High-quality ProMax Cookbook Max. Perfect for everyday use with premium features.,60.97,69.52,91,products/books_019.jpg,products/books_019_2.jpg,products/books_019_3.jpg,ProMax,BOO-PRO-00151,False,False,"ProMax Cookbook Max, Books, ProMax, quality",Buy ProMax Cookbook Max online. Best price. ProMax trusted brand.
152,Natural Romance Novel Plus,natural-romance-novel-plus-152,Books,High-quality Natural Romance Novel Plus. Perfect for everyday use with premium features.,228.79,302.25,89,products/books_020.jpg,products/books_020_2.jpg,products/books_020_3.jpg,Natural,BOO-NAT-00152,True,False,"Natural Romance Novel Plus, Books, Natural, quality",Buy Natural Romance Novel Plus online. Best price. Natural trusted brand.
153,Classic Science Fiction,classic-science-fiction-153,Books,High-quality Classic Science Fiction. Perfect for everyday use with premium features.,247.76,300.48,71,products/books_021.jpg,products/books_021_2.jpg,products/books_021_3.jpg,Classic,BOO-CLA-00153,True,False,"Classic Science Fiction, Books, Classic, quality",Buy Classic Science Fiction online. Best price. Classic trusted brand.
154,Smart Programming Guide Lite,smart-programming-guide-lite-154,Books,High-quality Smart Programming Guide Lite. Perfect for everyday use with premium features.,242.34,310.79,3,products/books_022.jpg,products/books_022_2.jpg,products/books_022_3.jpg,Smart,BOO-SMA-00154,True,True,"Smart Programming Guide Lite, Books, Smart, quality",Buy Smart Programming Guide Lite online. Best price. Smart trusted brand.
155,Organic Science Fiction Pro,organic-science-fiction-pro-155,Books,High-quality Organic Science Fiction Pro. Perfect for everyday use with premium features.,160.28,213.15,77,products/books_023.jpg,products/books_023_2.jpg,products/books_023_3.jpg,Organic,BOO-ORG-00155,True,False,"Organic Science Fiction Pro, Books, Organic, quality",Buy Organic Science Fiction Pro online. Best price. Organic trusted brand.
156,Smart Science Fiction Pro,smart-science-fiction-pro-156,Books,High-quality Smart Science Fiction Pro. Perfect for everyday use with premium features.,298.62,374.86,43,products/books_024.jpg,products/books_024_2.jpg,products/books_024_3.jpg,Smart,BOO-SMA-00156,False,False,"Smart Science Fiction Pro, Books, Smart, quality",Buy Smart Science Fiction Pro online. Best price. Smart trusted brand.
157,Elite Cookbook Lite,elite-cookbook-lite-157,Books,High-quality Elite Cookbook Lite. Perfect for everyday use with premium features.,426.87,628.34,17,products/books_025.jpg,products/books_025_2.jpg,products/books_025_3.jpg,Elite,BOO-ELI-00157,False,False,"Elite Cookbook Lite, Books, Elite, quality",Buy Elite Cookbook Lite online. Best price. Elite trusted brand.
158,Natural History Book Premium,natural-history-book-premium-158,Books,High-quality Natural History Book Premium. Perfect for everyday use with premium features.,30.28,37.54,3,products/books_026.jpg,products/books_026_2.jpg,products/books_026_3.jpg,Natural,BOO-NAT-00158,True,False,"Natural History Book Premium, Books, Natural, quality",Buy Natural History Book Premium online. Best price. Natural trusted brand.
159,Elite Art Book Plus,elite-art-book-plus-159,Books,High-quality Elite Art Book Plus. Perfect for everyday use with premium features.,362.3,444.0,72,products/books_027.jpg,products/books_027_2.jpg,products/books_027_3.jpg,Elite,BOO-ELI-00159,True,False,"Elite Art Book Plus, Books, Elite, quality",Buy Elite Art Book Plus online. Best price. Elite trusted brand.
160,Natural Self-Help Book,natural-self-help-book-160,Books,High-quality Natural Self-Help Book. Perfect for everyday use with premium features.,149.89,180.91,55,products/books_028.jpg,products/books_028_2.jpg,products/books_028_3.jpg,Natural,BOO-NAT-00160,True,False,"Natural Self-Help Book, Books, Natural, quality",Buy Natural Self-Help Book online. Best price. Natural trusted brand.
161,Ultra Self-Help Book Plus,ultra-self-help-book-plus-161,Books,High-quality Ultra Self-Help Book Plus. Perfect for everyday use with premium features.,414.93,465.64,31,products/books_029.jpg,products/books_029_2.jpg,products/books_029_3.jpg,Ultra,BOO-ULT-00161,True,False,"Ultra Self-Help Book Plus, Books, Ultra, quality",Buy Ultra Self-Help Book Plus online. Best price. Ultra trusted brand.
162,Elite Biography,elite-biography-162,Books,High-quality Elite Biography. Perfect for everyday use with premium features.,441.56,611.38,0,products/books_030.jpg,products/books_030_2.jpg,products/books_030_3.jpg,Elite,BOO-ELI-00162,True,False,"Elite Biography, Books, Elite, quality",Buy Elite Biography online. Best price. Elite trusted brand.
164,Elite History Book Plus,elite-history-book-plus-164,Books,High-quality Elite History Book Plus. Perfect for everyday use with premium features.,474.42,558.8,13,products/books_031.jpg,products/books_031_2.jpg,products/books_031_3.jpg,Elite,BOO-ELI-00164,True,True,"Elite History Book Plus, Books, Elite, quality",Buy Elite History Book Plus online. Best price. Elite trusted brand.
165,Organic Cookbook Plus,organic-cookbook-plus-165,Books,High-quality Organic Cookbook Plus. Perfect for everyday use with premium features.,383.44,535.47,84,products/books_032.jpg,products/books_032_2.jpg,products/books_032_3.jpg,Organic,BOO-ORG-00165,True,False,"Organic Cookbook Plus, Books, Organic, quality",Buy Organic Cookbook Plus online. Best price. Organic trusted brand.
166,Natural Action Figure Premium,natural-action-figure-premium-166,Toys,High-quality Natural Action Figure Premium. Perfect for everyday use with premium features.,115.81,139.47,68,products/toys_001.jpg,products/toys_001_2.jpg,products/toys_001_3.jpg,Natural,TOY-NAT-00166,True,False,"Natural Action Figure Premium, Toys, Natural, quality",Buy Natural Action Figure Premium online. Best price. Natural trusted brand.
167,Ultra Action Figure Pro,ultra-action-figure-pro-167,Toys,High-quality Ultra Action Figure Pro. Perfect for everyday use with premium features.,178.22,251.28,84,products/toys_002.jpg,products/toys_002_2.jpg,products/toys_002_3.jpg,Ultra,TOY-ULT-00167,True,False,"Ultra Action Figure Pro, Toys, Ultra, quality",Buy Ultra Action Figure Pro online. Best price. Ultra trusted brand.
168,Organic Puzzle Max,organic-puzzle-max-168,Toys,High-quality Organic Puzzle Max. Perfect for everyday use with premium features.,397.41,529.32,80,products/toys_003.jpg,products/toys_003_2.jpg,products/toys_003_3.jpg,Organic,TOY-ORG-00168,True,False,"Organic Puzzle Max, Toys, Organic, quality",Buy Organic Puzzle Max online. Best price. Organic trusted brand.
169,Organic Card Game Max,organic-card-game-max-169,Toys,High-quality Organic Card Game Max. Perfect for everyday use with premium features.,166.96,192.25,11,products/toys_004.jpg,products/toys_004_2.jpg,products/toys_004_3.jpg,Organic,TOY-ORG-00169,True,True,"Organic Card Game Max, Toys, Organic, quality",Buy Organic Card Game Max online. Best price. Organic trusted brand.
170,Natural LEGO Set Standard,natural-lego-set-standard-170,Toys,High-quality Natural LEGO Set Standard. Perfect for everyday use with premium features.,375.95,488.57,33,products/toys_005.jpg,products/toys_005_2.jpg,products/toys_005_3.jpg,Natural,TOY-NAT-00170,True,False,"Natural LEGO Set Standard, Toys, Natural, quality",Buy Natural LEGO Set Standard online. Best price. Natural trusted brand.
171,Organic Card Game Pro,organic-card-game-pro-171,Toys,High-quality Organic Card Game Pro. Perfect for everyday use with premium features.,180.53,207.02,46,products/toys_006.jpg,products/toys_006_2.jpg,products/toys_006_3.jpg,Organic,TOY-ORG-00171,True,False,"Organic Card Game Pro, Toys, Organic, quality",Buy Organic Card Game Pro online. Best price. Organic trusted brand.
172,Organic Board Game Premium,organic-board-game-premium-172,Toys,High-quality Organic Board Game Premium. Perfect for everyday use with premium features.,16.07,19.77,93,products/toys_007.jpg,products/toys_007_2.jpg,products/toys_007_3.jpg,Organic,TOY-ORG-00172,True,True,"Organic Board Game Premium, Toys, Organic, quality",Buy Organic Board Game Premium online. Best price. Organic trusted brand.
173,Organic Card Game Standard,organic-card-game-standard-173,Toys,High-quality Organic Card Game Standard. Perfect for everyday use with premium features.,277.98,316.03,40,products/toys_008.jpg,products/toys_008_2.jpg,products/toys_008_3.jpg,Organic,TOY-ORG-00173,False,True,"Organic Card Game Standard, Toys, Organic, quality",Buy Organic Card Game Standard online. Best price. Organic trusted brand.
174,Modern Robot Standard,modern-robot-standard-174,Toys,High-quality Modern Robot Standard. Perfect for everyday use with premium features.,384.17,534.03,25,products/toys_009.jpg,products/toys_009_2.jpg,products/toys_009_3.jpg,Modern,TOY-MOD-00174,True,False,"Modern Robot Standard, Toys, Modern, quality",Buy Modern Robot Standard online. Best price. Modern trusted brand.
175,Classic RC Car Premium,classic-rc-car-premium-175,Toys,High-quality Classic RC Car Premium. Perfect for everyday use with premium features.,317.04,459.73,61,products/toys_010.jpg,products/toys_010_2.jpg,products/toys_010_3.jpg,Classic,TOY-CLA-00175,False,True,"Classic RC Car Premium, Toys, Classic, quality",Buy Classic RC Car Premium online. Best price. Classic trusted brand.
176,Elite Robot Plus,elite-robot-plus-176,Toys,High-quality Elite Robot Plus. Perfect for everyday use with premium features.,362.64,447.85,8,products/toys_011.jpg,products/toys_011_2.jpg,products/toys_011_3.jpg,Elite,TOY-ELI-00176,True,True,"Elite Robot Plus, Toys, Elite, quality",Buy Elite Robot Plus online. Best price. Elite trusted brand.
177,Ultra Card Game Standard,ultra-card-game-standard-177,Toys,High-quality Ultra Card Game Standard. Perfect for everyday use with premium features.,49.89,69.09,74,products/toys_012.jpg,products/toys_012_2.jpg,products/toys_012_3.jpg,Ultra,TOY-ULT-00177,True,False,"Ultra Card Game Standard, Toys, Ultra, quality",Buy Ultra Card Game Standard online. Best price. Ultra trusted brand.
178,ProMax LEGO Set Standard,promax-lego-set-standard-178,Toys,High-quality ProMax LEGO Set Standard. Perfect for everyday use with premium features.,452.96,594.04,42,products/toys_013.jpg,products/toys_013_2.jpg,products/toys_013_3.jpg,ProMax,TOY-PRO-00178,True,False,"ProMax LEGO Set Standard, Toys, ProMax, quality",Buy ProMax LEGO Set Standard online. Best price. ProMax trusted brand.
179,Smart Card Game Pro,smart-card-game-pro-179,Toys,High-quality Smart Card Game Pro. Perfect for everyday use with premium features.,252.69,378.25,29,products/toys_014.jpg,products/toys_014_2.jpg,products/toys_014_3.jpg,Smart,TOY-SMA-00179,True,True,"Smart Card Game Pro, Toys, Smart, quality",Buy Smart Card Game Pro online. Best price. Smart trusted brand.
180,ProMax Puzzle Standard,promax-puzzle-standard-180,Toys,High-quality ProMax Puzzle Standard. Perfect for everyday use with premium features.,498.23,587.74,94,products/toys_015.jpg,products/toys_015_2.jpg,products/toys_015_3.jpg,ProMax,TOY-PRO-00180,True,False,"ProMax Puzzle Standard, Toys, ProMax, quality",Buy ProMax Puzzle Standard online. Best price. ProMax trusted brand.
181,Premium Board Game Standard,premium-board-game-standard-181,Toys,High-quality Premium Board Game Standard. Perfect for everyday use with premium features.,345.69,408.28,33,products/toys_016.jpg,products/toys_016_2.jpg,products/toys_016_3.jpg,Premium,TOY-PRE-00181,True,False,"Premium Board Game Standard, Toys, Premium, quality",Buy Premium Board Game Standard online. Best price. Premium trusted brand.
182,Elite RC Car Premium,elite-rc-car-premium-182,Toys,High-quality Elite RC Car Premium. Perfect for everyday use with premium features.,57.93,82.63,30,products/toys_017.jpg,products/toys_017_2.jpg,products/toys_017_3.jpg,Elite,TOY-ELI-00182,True,True,"Elite RC Car Premium, Toys, Elite, quality",Buy Elite RC Car Premium online. Best price. Elite trusted brand.
183,Natural Doll Standard,natural-doll-standard-183,Toys,High-quality Natural Doll Standard. Perfect for everyday use with premium features.,22.35,25.35,52,products/toys_018.jpg,products/toys_018_2.jpg,products/toys_018_3.jpg,Natural,TOY-NAT-00183,False,False,"Natural Doll Standard, Toys, Natural, quality",Buy Natural Doll Standard online. Best price. Natural trusted brand.
184,BrandX Doll Max,brandx-doll-max-184,Toys,High-quality BrandX Doll Max. Perfect for everyday use with premium features.,24.49,35.22,6,products/toys_019.jpg,products/toys_019_2.jpg,products/toys_019_3.jpg,BrandX,TOY-BRA-00184,True,False,"BrandX Doll Max, Toys, BrandX, quality",Buy BrandX Doll Max online. Best price. BrandX trusted brand.
185,Natural RC Car Premium,natural-rc-car-premium-185,Toys,High-quality Natural RC Car Premium. Perfect for everyday use with premium features.,408.77,554.36,13,products/toys_020.jpg,products/toys_020_2.jpg,products/toys_020_3.jpg,Natural,TOY-NAT-00185,True,False,"Natural RC Car Premium, Toys, Natural, quality",Buy Natural RC Car Premium online. Best price. Natural trusted brand.
186,Smart Doll,smart-doll-186,Toys,High-quality Smart Doll. Perfect for everyday use with premium features.,320.86,364.1,64,products/toys_021.jpg,products/toys_021_2.jpg,products/toys_021_3.jpg,Smart,TOY-SMA-00186,True,False,"Smart Doll, Toys, Smart, quality",Buy Smart Doll online. Best price. Smart trusted brand.
187,Organic RC Car Pro,organic-rc-car-pro-187,Toys,High-quality Organic RC Car Pro. Perfect for everyday use with premium features.,442.4,548.04,29,products/toys_022.jpg,products/toys_022_2.jpg,products/toys_022_3.jpg,Organic,TOY-ORG-00187,True,True,"Organic RC Car Pro, Toys, Organic, quality",Buy Organic RC Car Pro online. Best price. Organic trusted brand.
188,BrandX Robot Plus,brandx-robot-plus-188,Toys,High-quality BrandX Robot Plus. Perfect for everyday use with premium features.,325.13,403.89,24,products/toys_023.jpg,products/toys_023_2.jpg,products/toys_023_3.jpg,BrandX,TOY-BRA-00188,True,False,"BrandX Robot Plus, Toys, BrandX, quality",Buy BrandX Robot Plus online. Best price. BrandX trusted brand.
191,Organic RC Car Lite,organic-rc-car-lite-191,Toys,High-quality Organic RC Car Lite. Perfect for everyday use with premium features.,109.1,135.33,26,products/toys_024.jpg,products/toys_024_2.jpg,products/toys_024_3.jpg,Organic,TOY-ORG-00191,True,True,"Organic RC Car Lite, Toys, Organic, quality",Buy Organic RC Car Lite online. Best price. Organic trusted brand.
192,Natural Action Figure Plus,natural-action-figure-plus-192,Toys,High-quality Natural Action Figure Plus. Perfect for everyday use with premium features.,172.96,213.27,69,products/toys_025.jpg,products/toys_025_2.jpg,products/toys_025_3.jpg,Natural,TOY-NAT-00192,True,False,"Natural Action Figure Plus, Toys, Natural, quality",Buy Natural Action Figure Plus online. Best price. Natural trusted brand.
193,Elite Robot,elite-robot-193,Toys,High-quality Elite Robot. Perfect for everyday use with premium features.,314.82,468.98,26,products/toys_026.jpg,products/toys_026_2.jpg,products/toys_026_3.jpg,Elite,TOY-ELI-00193,False,False,"Elite Robot, Toys, Elite, quality",Buy Elite Robot online. Best price. Elite trusted brand.
194,Elite Robot,elite-robot-194,Toys,High-quality Elite Robot. Perfect for everyday use with premium features.,133.43,196.88,71,products/toys_027.jpg,products/toys_027_2.jpg,products/toys_027_3.jpg,Elite,TOY-ELI-00194,True,False,"Elite Robot, Toys, Elite, quality",Buy Elite Robot online. Best price. Elite trusted brand.
195,Smart Card Game Pro,smart-card-game-pro-195,Toys,High-quality Smart Card Game Pro. Perfect for everyday use with premium features.,267.22,355.29,17,products/toys_028.jpg,products/toys_028_2.jpg,products/toys_028_3.jpg,Smart,TOY-SMA-00195,False,False,"Smart Card Game Pro, Toys, Smart, quality",Buy Smart Card Game Pro online. Best price. Smart trusted brand.
196,Elite LEGO Set Premium,elite-lego-set-premium-196,Toys,High-quality Elite LEGO Set Premium. Perfect for everyday use with premium features.,165.11,184.33,57,products/toys_029.jpg,products/toys_029_2.jpg,products/toys_029_3.jpg,Elite,TOY-ELI-00196,True,False,"Elite LEGO Set Premium, Toys, Elite, quality",Buy Elite LEGO Set Premium online. Best price. Elite trusted brand.
197,Ultra LEGO Set Pro,ultra-lego-set-pro-197,Toys,High-quality Ultra LEGO Set Pro. Perfect for everyday use with premium features.,382.54,500.27,9,products/toys_030.jpg,products/toys_030_2.jpg,products/toys_030_3.jpg,Ultra,TOY-ULT-00197,True,False,"Ultra LEGO Set Pro, Toys, Ultra, quality",Buy Ultra LEGO Set Pro online. Best price. Ultra trusted brand.
198,Natural Drone Max,natural-drone-max-198,Toys,High-quality Natural Drone Max. Perfect for everyday use with premium features.,63.72,79.83,78,products/toys_031.jpg,products/toys_031_2.jpg,products/toys_031_3.jpg,Natural,TOY-NAT-00198,True,False,"Natural Drone Max, Toys, Natural, quality",Buy Natural Drone Max online. Best price. Natural trusted brand.
199,Ultra Perfume Premium,ultra-perfume-premium-199,Beauty,High-quality Ultra Perfume Premium. Perfect for everyday use with premium features.,246.95,349.53,77,products/beauty_001.jpg,products/beauty_001_2.jpg,products/beauty_001_3.jpg,Ultra,BEA-ULT-00199,True,False,"Ultra Perfume Premium, Beauty, Ultra, quality",Buy Ultra Perfume Premium online. Best price. Ultra trusted brand.
200,BrandX Shampoo Max,brandx-shampoo-max-200,Beauty,High-quality BrandX Shampoo Max. Perfect for everyday use with premium features.,429.0,626.76,59,products/beauty_002.jpg,products/beauty_002_2.jpg,products/beauty_002_3.jpg,BrandX,BEA-BRA-00200,True,True,"BrandX Shampoo Max, Beauty, BrandX, quality",Buy BrandX Shampoo Max online. Best price. BrandX trusted brand.
201,BrandX Shampoo Standard,brandx-shampoo-standard-201,Beauty,High-quality BrandX Shampoo Standard. Perfect for everyday use with premium features.,49.85,66.14,46,products/beauty_003.jpg,products/beauty_003_2.jpg,products/beauty_003_3.jpg,BrandX,BEA-BRA-00201,True,True,"BrandX Shampoo Standard, Beauty, BrandX, quality",Buy BrandX Shampoo Standard online. Best price. BrandX trusted brand.
202,Elite Face Mask Premium,elite-face-mask-premium-202,Beauty,High-quality Elite Face Mask Premium. Perfect for everyday use with premium features.,494.57,654.88,37,products/beauty_004.jpg,products/beauty_004_2.jpg,products/beauty_004_3.jpg,Elite,BEA-ELI-00202,True,False,"Elite Face Mask Premium, Beauty, Elite, quality",Buy Elite Face Mask Premium online. Best price. Elite trusted brand.
203,Modern Serum Plus,modern-serum-plus-203,Beauty,High-quality Modern Serum Plus. Perfect for everyday use with premium features.,194.35,282.67,36,products/beauty_005.jpg,products/beauty_005_2.jpg,products/beauty_005_3.jpg,Modern,BEA-MOD-00203,True,False,"Modern Serum Plus, Beauty, Modern, quality",Buy Modern Serum Plus online. Best price. Modern trusted brand.
204,ProMax Lipstick Pro,promax-lipstick-pro-204,Beauty,High-quality ProMax Lipstick Pro. Perfect for everyday use with premium features.,404.7,577.65,92,products/beauty_006.jpg,products/beauty_006_2.jpg,products/beauty_006_3.jpg,ProMax,BEA-PRO-00204,True,True,"ProMax Lipstick Pro, Beauty, ProMax, quality",Buy ProMax Lipstick Pro online. Best price. ProMax trusted brand.
205,Ultra Conditioner,ultra-conditioner-205,Beauty,High-quality Ultra Conditioner. Perfect for everyday use with premium features.,357.88,419.15,62,products/beauty_007.jpg,products/beauty_007_2.jpg,products/beauty_007_3.jpg,Ultra,BEA-ULT-00205,True,False,"Ultra Conditioner, Beauty, Ultra, quality",Buy Ultra Conditioner online. Best price. Ultra trusted brand.
206,Ultra Face Mask,ultra-face-mask-206,Beauty,High-quality Ultra Face Mask. Perfect for everyday use with premium features.,306.17,455.14,8,products/beauty_008.jpg,products/beauty_008_2.jpg,products/beauty_008_3.jpg,Ultra,BEA-ULT-00206,True,True,"Ultra Face Mask, Beauty, Ultra, quality",Buy Ultra Face Mask online. Best price. Ultra trusted brand.
207,Modern Shampoo Max,modern-shampoo-max-207,Beauty,High-quality Modern Shampoo Max. Perfect for everyday use with premium features.,107.64,154.31,2,products/beauty_009.jpg,products/beauty_009_2.jpg,products/beauty_009_3.jpg,Modern,BEA-MOD-00207,True,False,"Modern Shampoo Max, Beauty, Modern, quality",Buy Modern Shampoo Max online. Best price. Modern trusted brand.
208,Classic Serum Pro,classic-serum-pro-208,Beauty,High-quality Classic Serum Pro. Perfect for everyday use with premium features.,294.74,329.95,65,products/beauty_010.jpg,products/beauty_010_2.jpg,products/beauty_010_3.jpg,Classic,BEA-CLA-00208,True,False,"Classic Serum Pro, Beauty, Classic, quality",Buy Classic Serum Pro online. Best price. Classic trusted brand.
209,Natural Sunscreen Lite,natural-sunscreen-lite-209,Beauty,High-quality Natural Sunscreen Lite. Perfect for everyday use with premium features.,412.48,522.32,7,products/beauty_011.jpg,products/beauty_011_2.jpg,products/beauty_011_3.jpg,Natural,BEA-NAT-00209,False,False,"Natural Sunscreen Lite, Beauty, Natural, quality",Buy Natural Sunscreen Lite online. Best price. Natural trusted brand.
210,Organic Lipstick Standard,organic-lipstick-standard-210,Beauty,High-quality Organic Lipstick Standard. Perfect for everyday use with premium features.,15.59,19.32,17,products/beauty_012.jpg,products/beauty_012_2.jpg,products/beauty_012_3.jpg,Organic,BEA-ORG-00210,True,False,"Organic Lipstick Standard, Beauty, Organic, quality",Buy Organic Lipstick Standard online. Best price. Organic trusted brand.
211,Natural Face Mask Premium,natural-face-mask-premium-211,Beauty,High-quality Natural Face Mask Premium. Perfect for everyday use with premium features.,361.99,454.93,86,products/beauty_013.jpg,products/beauty_013_2.jpg,products/beauty_013_3.jpg,Natural,BEA-NAT-00211,True,False,"Natural Face Mask Premium, Beauty, Natural, quality",Buy Natural Face Mask Premium online. Best price. Natural trusted brand.
212,Classic Shampoo Standard,classic-shampoo-standard-212,Beauty,High-quality Classic Shampoo Standard. Perfect for everyday use with premium features.,270.43,311.48,5,products/beauty_014.jpg,products/beauty_014_2.jpg,products/beauty_014_3.jpg,Classic,BEA-CLA-00212,True,False,"Classic Shampoo Standard, Beauty, Classic, quality",Buy Classic Shampoo Standard online. Best price. Classic trusted brand.
213,Modern Foundation Standard,modern-foundation-standard-213,Beauty,High-quality Modern Foundation Standard. Perfect for everyday use with premium features.,385.55,427.38,41,products/beauty_015.jpg,products/beauty_015_2.jpg,products/beauty_015_3.jpg,Modern,BEA-MOD-00213,True,True,"Modern Foundation Standard, Beauty, Modern, quality",Buy Modern Foundation Standard online. Best price. Modern trusted brand.
214,Smart Conditioner Standard,smart-conditioner-standard-214,Beauty,High-quality Smart Conditioner Standard. Perfect for everyday use with premium features.,263.18,345.52,78,products/beauty_016.jpg,products/beauty_016_2.jpg,products/beauty_016_3.jpg,Smart,BEA-SMA-00214,True,True,"Smart Conditioner Standard, Beauty, Smart, quality",Buy Smart Conditioner Standard online. Best price. Smart trusted brand.
215,Classic Foundation Plus,classic-foundation-plus-215,Beauty,High-quality Classic Foundation Plus. Perfect for everyday use with premium features.,215.7,271.59,83,products/beauty_017.jpg,products/beauty_017_2.jpg,products/beauty_017_3.jpg,Classic,BEA-CLA-00215,True,False,"Classic Foundation Plus, Beauty, Classic, quality",Buy Classic Foundation Plus online. Best price. Classic trusted brand.
216,Classic Sunscreen Plus,classic-sunscreen-plus-216,Beauty,High-quality Classic Sunscreen Plus. Perfect for everyday use with premium features.,132.84,158.59,86,products/beauty_018.jpg,products/beauty_018_2.jpg,products/beauty_018_3.jpg,Classic,BEA-CLA-00216,True,True,"Classic Sunscreen Plus, Beauty, Classic, quality",Buy Classic Sunscreen Plus online. Best price. Classic trusted brand.
217,ProMax Face Wash Standard,promax-face-wash-standard-217,Beauty,High-quality ProMax Face Wash Standard. Perfect for everyday use with premium features.,48.82,57.76,87,products/beauty_019.jpg,products/beauty_019_2.jpg,products/beauty_019_3.jpg,ProMax,BEA-PRO-00217,True,False,"ProMax Face Wash Standard, Beauty, ProMax, quality",Buy ProMax Face Wash Standard online. Best price. ProMax trusted brand.
218,Natural Moisturizer Lite,natural-moisturizer-lite-218,Beauty,High-quality Natural Moisturizer Lite. Perfect for everyday use with premium features.,318.17,422.77,92,products/beauty_020.jpg,products/beauty_020_2.jpg,products/beauty_020_3.jpg,Natural,BEA-NAT-00218,True,False,"Natural Moisturizer Lite, Beauty, Natural, quality",Buy Natural Moisturizer Lite online. Best price. Natural trusted brand.
219,BrandX Foundation Pro,brandx-foundation-pro-219,Beauty,High-quality BrandX Foundation Pro. Perfect for everyday use with premium features.,18.23,27.2,74,products/beauty_021.jpg,products/beauty_021_2.jpg,products/beauty_021_3.jpg,BrandX,BEA-BRA-00219,True,False,"BrandX Foundation Pro, Beauty, BrandX, quality",Buy BrandX Foundation Pro online. Best price. BrandX trusted brand.
220,Organic Perfume Premium,organic-perfume-premium-220,Beauty,High-quality Organic Perfume Premium. Perfect for everyday use with premium features.,184.61,271.51,14,products/beauty_022.jpg,products/beauty_022_2.jpg,products/beauty_022_3.jpg,Organic,BEA-ORG-00220,False,True,"Organic Perfume Premium, Beauty, Organic, quality",Buy Organic Perfume Premium online. Best price. Organic trusted brand.
221,Organic Perfume Plus,organic-perfume-plus-221,Beauty,High-quality Organic Perfume Plus. Perfect for everyday use with premium features.,210.73,249.27,44,products/beauty_023.jpg,products/beauty_023_2.jpg,products/beauty_023_3.jpg,Organic,BEA-ORG-00221,True,False,"Organic Perfume Plus, Beauty, Organic, quality",Buy Organic Perfume Plus online. Best price. Organic trusted brand.
222,BrandX Lipstick Standard,brandx-lipstick-standard-222,Beauty,High-quality BrandX Lipstick Standard. Perfect for everyday use with premium features.,224.93,315.99,3,products/beauty_024.jpg,products/beauty_024_2.jpg,products/beauty_024_3.jpg,BrandX,BEA-BRA-00222,False,False,"BrandX Lipstick Standard, Beauty, BrandX, quality",Buy BrandX Lipstick Standard online. Best price. BrandX trusted brand.
223,Classic Face Wash,classic-face-wash-223,Beauty,High-quality Classic Face Wash. Perfect for everyday use with premium features.,255.39,311.93,18,products/beauty_025.jpg,products/beauty_025_2.jpg,products/beauty_025_3.jpg,Classic,BEA-CLA-00223,False,False,"Classic Face Wash, Beauty, Classic, quality",Buy Classic Face Wash online. Best price. Classic trusted brand.
224,Smart Conditioner Plus,smart-conditioner-plus-224,Beauty,High-quality Smart Conditioner Plus. Perfect for everyday use with premium features.,78.71,105.4,30,products/beauty_026.jpg,products/beauty_026_2.jpg,products/beauty_026_3.jpg,Smart,BEA-SMA-00224,False,False,"Smart Conditioner Plus, Beauty, Smart, quality",Buy Smart Conditioner Plus online. Best price. Smart trusted brand.
225,Organic Conditioner,organic-conditioner-225,Beauty,High-quality Organic Conditioner. Perfect for everyday use with premium features.,388.6,434.27,100,products/beauty_027.jpg,products/beauty_027_2.jpg,products/beauty_027_3.jpg,Organic,BEA-ORG-00225,True,False,"Organic Conditioner, Beauty, Organic, quality",Buy Organic Conditioner online. Best price. Organic trusted brand.
226,Smart Shampoo Standard,smart-shampoo-standard-226,Beauty,High-quality Smart Shampoo Standard. Perfect for everyday use with premium features.,375.83,546.41,6,products/beauty_028.jpg,products/beauty_028_2.jpg,products/beauty_028_3.jpg,Smart,BEA-SMA-00226,True,False,"Smart Shampoo Standard, Beauty, Smart, quality",Buy Smart Shampoo Standard online. Best price. Smart trusted brand.
227,BrandX Perfume Pro,brandx-perfume-pro-227,Beauty,High-quality BrandX Perfume Pro. Perfect for everyday use with premium features.,124.82,162.76,79,products/beauty_029.jpg,products/beauty_029_2.jpg,products/beauty_029_3.jpg,BrandX,BEA-BRA-00227,True,False,"BrandX Perfume Pro, Beauty, BrandX, quality",Buy BrandX Perfume Pro online. Best price. BrandX trusted brand.
228,BrandX Shampoo Premium,brandx-shampoo-premium-228,Beauty,High-quality BrandX Shampoo Premium. Perfect for everyday use with premium features.,30.09,35.23,92,products/beauty_030.jpg,products/beauty_030_2.jpg,products/beauty_030_3.jpg,BrandX,BEA-BRA-00228,True,False,"BrandX Shampoo Premium, Beauty, BrandX, quality",Buy BrandX Shampoo Premium online. Best price. BrandX trusted brand.
229,Premium Shampoo,premium-shampoo-229,Beauty,High-quality Premium Shampoo. Perfect for everyday use with premium features.,393.46,552.54,80,products/beauty_031.jpg,products/beauty_031_2.jpg,products/beauty_031_3.jpg,Premium,BEA-PRE-00229,True,True,"Premium Shampoo, Beauty, Premium, quality",Buy Premium Shampoo online. Best price. Premium trusted brand.
230,Premium Face Mask Lite,premium-face-mask-lite-230,Beauty,High-quality Premium Face Mask Lite. Perfect for everyday use with premium features.,213.75,267.69,14,products/beauty_032.jpg,products/beauty_032_2.jpg,products/beauty_032_3.jpg,Premium,BEA-PRE-00230,True,False,"Premium Face Mask Lite, Beauty, Premium, quality",Buy Premium Face Mask Lite online. Best price. Premium trusted brand.
231,Elite Perfume Premium,elite-perfume-premium-231,Beauty,High-quality Elite Perfume Premium. Perfect for everyday use with premium features.,340.47,505.94,23,products/beauty_033.jpg,products/beauty_033_2.jpg,products/beauty_033_3.jpg,Elite,BEA-ELI-00231,True,False,"Elite Perfume Premium, Beauty, Elite, quality",Buy Elite Perfume Premium online. Best price. Elite trusted brand.
232,Organic Pain Relief Pro,organic-pain-relief-pro-232,Health,High-quality Organic Pain Relief Pro. Perfect for everyday use with premium features.,84.31,120.21,61,products/health_001.jpg,products/health_001_2.jpg,products/health_001_3.jpg,Organic,HEA-ORG-00232,True,False,"Organic Pain Relief Pro, Health, Organic, quality",Buy Organic Pain Relief Pro online. Best price. Organic trusted brand.
233,ProMax Vitamins,promax-vitamins-233,Health,High-quality ProMax Vitamins. Perfect for everyday use with premium features.,448.05,517.85,47,products/health_002.jpg,products/health_002_2.jpg,products/health_002_3.jpg,ProMax,HEA-PRO-00233,True,True,"ProMax Vitamins, Health, ProMax, quality",Buy ProMax Vitamins online. Best price. ProMax trusted brand.
234,Ultra Multivitamin Standard,ultra-multivitamin-standard-234,Health,High-quality Ultra Multivitamin Standard. Perfect for everyday use with premium features.,345.95,438.98,34,products/health_003.jpg,products/health_003_2.jpg,products/health_003_3.jpg,Ultra,HEA-ULT-00234,True,True,"Ultra Multivitamin Standard, Health, Ultra, quality",Buy Ultra Multivitamin Standard online. Best price. Ultra trusted brand.
235,Natural Vitamins Premium,natural-vitamins-premium-235,Health,High-quality Natural Vitamins Premium. Perfect for everyday use with premium features.,197.4,221.23,8,products/health_004.jpg,products/health_004_2.jpg,products/health_004_3.jpg,Natural,HEA-NAT-00235,False,False,"Natural Vitamins Premium, Health, Natural, quality",Buy Natural Vitamins Premium online. Best price. Natural trusted brand.
236,Premium Hand Sanitizer Max,premium-hand-sanitizer-max-236,Health,High-quality Premium Hand Sanitizer Max. Perfect for everyday use with premium features.,365.56,462.04,23,products/health_005.jpg,products/health_005_2.jpg,products/health_005_3.jpg,Premium,HEA-PRE-00236,True,True,"Premium Hand Sanitizer Max, Health, Premium, quality",Buy Premium Hand Sanitizer Max online. Best price. Premium trusted brand.
237,Premium Pain Relief Lite,premium-pain-relief-lite-237,Health,High-quality Premium Pain Relief Lite. Perfect for everyday use with premium features.,476.85,666.96,6,products/health_006.jpg,products/health_006_2.jpg,products/health_006_3.jpg,Premium,HEA-PRE-00237,False,True,"Premium Pain Relief Lite, Health, Premium, quality",Buy Premium Pain Relief Lite online. Best price. Premium trusted brand.
238,Smart Thermometer Standard,smart-thermometer-standard-238,Health,High-quality Smart Thermometer Standard. Perfect for everyday use with premium features.,135.31,201.58,44,products/health_007.jpg,products/health_007_2.jpg,products/health_007_3.jpg,Smart,HEA-SMA-00238,True,False,"Smart Thermometer Standard, Health, Smart, quality",Buy Smart Thermometer Standard online. Best price. Smart trusted brand.
239,Elite Thermometer,elite-thermometer-239,Health,High-quality Elite Thermometer. Perfect for everyday use with premium features.,185.66,242.4,61,products/health_008.jpg,products/health_008_2.jpg,products/health_008_3.jpg,Elite,HEA-ELI-00239,False,False,"Elite Thermometer, Health, Elite, quality",Buy Elite Thermometer online. Best price. Elite trusted brand.
240,Premium Pain Relief,premium-pain-relief-240,Health,High-quality Premium Pain Relief. Perfect for everyday use with premium features.,99.35,115.81,7,products/health_009.jpg,products/health_009_2.jpg,products/health_009_3.jpg,Premium,HEA-PRE-00240,True,True,"Premium Pain Relief, Health, Premium, quality",Buy Premium Pain Relief online. Best price. Premium trusted brand.
241,BrandX Face Masks Plus,brandx-face-masks-plus-241,Health,High-quality BrandX Face Masks Plus. Perfect for everyday use with premium features.,169.19,248.94,43,products/health_010.jpg,products/health_010_2.jpg,products/health_010_3.jpg,BrandX,HEA-BRA-00241,True,False,"BrandX Face Masks Plus, Health, BrandX, quality",Buy BrandX Face Masks Plus online. Best price. BrandX trusted brand.
242,Organic Thermometer Pro,organic-thermometer-pro-242,Health,High-quality Organic Thermometer Pro. Perfect for everyday use with premium features.,150.88,197.11,57,products/health_011.jpg,products/health_011_2.jpg,products/health_011_3.jpg,Organic,HEA-ORG-00242,True,True,"Organic Thermometer Pro, Health, Organic, quality",Buy Organic Thermometer Pro online. Best price. Organic trusted brand.
243,Natural Thermometer Pro,natural-thermometer-pro-243,Health,High-quality Natural Thermometer Pro. Perfect for everyday use with premium features.,356.99,525.48,18,products/health_012.jpg,products/health_012_2.jpg,products/health_012_3.jpg,Natural,HEA-NAT-00243,True,False,"Natural Thermometer Pro, Health, Natural, quality",Buy Natural Thermometer Pro online. Best price. Natural trusted brand.
244,Ultra Protein Powder Plus,ultra-protein-powder-plus-244,Health,High-quality Ultra Protein Powder Plus. Perfect for everyday use with premium features.,97.1,110.07,6,products/health_013.jpg,products/health_013_2.jpg,products/health_013_3.jpg,Ultra,HEA-ULT-00244,True,False,"Ultra Protein Powder Plus, Health, Ultra, quality",Buy Ultra Protein Powder Plus online. Best price. Ultra trusted brand.
245,Natural Hand Sanitizer,natural-hand-sanitizer-245,Health,High-quality Natural Hand Sanitizer. Perfect for everyday use with premium features.,491.88,702.21,72,products/health_014.jpg,products/health_014_2.jpg,products/health_014_3.jpg,Natural,HEA-NAT-00245,True,False,"Natural Hand Sanitizer, Health, Natural, quality",Buy Natural Hand Sanitizer online. Best price. Natural trusted brand.
246,Smart First Aid Kit,smart-first-aid-kit-246,Health,High-quality Smart First Aid Kit. Perfect for everyday use with premium features.,43.21,63.45,1,products/health_015.jpg,products/health_015_2.jpg,products/health_015_3.jpg,Smart,HEA-SMA-00246,True,False,"Smart First Aid Kit, Health, Smart, quality",Buy Smart First Aid Kit online. Best price. Smart trusted brand.
247,Modern Blood Pressure Monitor,modern-blood-pressure-monitor-247,Health,High-quality Modern Blood Pressure Monitor. Perfect for everyday use with premium features.,186.07,225.21,8,products/health_016.jpg,products/health_016_2.jpg,products/health_016_3.jpg,Modern,HEA-MOD-00247,True,True,"Modern Blood Pressure Monitor, Health, Modern, quality",Buy Modern Blood Pressure Monitor online. Best price. Modern trusted brand.
248,Smart Vitamins Plus,smart-vitamins-plus-248,Health,High-quality Smart Vitamins Plus. Perfect for everyday use with premium features.,310.32,352.93,77,products/health_017.jpg,products/health_017_2.jpg,products/health_017_3.jpg,Smart,HEA-SMA-00248,True,False,"Smart Vitamins Plus, Health, Smart, quality",Buy Smart Vitamins Plus online. Best price. Smart trusted brand.
249,Organic Thermometer Max,organic-thermometer-max-249,Health,High-quality Organic Thermometer Max. Perfect for everyday use with premium features.,268.55,385.17,83,products/health_018.jpg,products/health_018_2.jpg,products/health_018_3.jpg,Organic,HEA-ORG-00249,True,True,"Organic Thermometer Max, Health, Organic, quality",Buy Organic Thermometer Max online. Best price. Organic trusted brand.
250,Organic First Aid Kit Plus,organic-first-aid-kit-plus-250,Health,High-quality Organic First Aid Kit Plus. Perfect for everyday use with premium features.,388.44,548.58,46,products/health_019.jpg,products/health_019_2.jpg,products/health_019_3.jpg,Organic,HEA-ORG-00250,True,False,"Organic First Aid Kit Plus, Health, Organic, quality",Buy Organic First Aid Kit Plus online. Best price. Organic trusted brand.
251,BrandX Vitamins Lite,brandx-vitamins-lite-251,Health,High-quality BrandX Vitamins Lite. Perfect for everyday use with premium features.,61.01,83.78,93,products/health_020.jpg,products/health_020_2.jpg,products/health_020_3.jpg,BrandX,HEA-BRA-00251,True,True,"BrandX Vitamins Lite, Health, BrandX, quality",Buy BrandX Vitamins Lite online. Best price. BrandX trusted brand.
252,Ultra Multivitamin Standard,ultra-multivitamin-standard-252,Health,High-quality Ultra Multivitamin Standard. Perfect for everyday use with premium features.,102.86,148.74,29,products/health_021.jpg,products/health_021_2.jpg,products/health_021_3.jpg,Ultra,HEA-ULT-00252,True,True,"Ultra Multivitamin Standard, Health, Ultra, quality",Buy Ultra Multivitamin Standard online. Best price. Ultra trusted brand.
253,Premium Protein Powder Pro,premium-protein-powder-pro-253,Health,High-quality Premium Protein Powder Pro. Perfect for everyday use with premium features.,199.96,281.37,30,products/health_022.jpg,products/health_022_2.jpg,products/health_022_3.jpg,Premium,HEA-PRE-00253,False,False,"Premium Protein Powder Pro, Health, Premium, quality",Buy Premium Protein Powder Pro online. Best price. Premium trusted brand.
254,Smart First Aid Kit Max,smart-first-aid-kit-max-254,Health,High-quality Smart First Aid Kit Max. Perfect for everyday use with premium features.,30.36,37.28,93,products/health_023.jpg,products/health_023_2.jpg,products/health_023_3.jpg,Smart,HEA-SMA-00254,False,False,"Smart First Aid Kit Max, Health, Smart, quality",Buy Smart First Aid Kit Max online. Best price. Smart trusted brand.
255,Smart Thermometer Premium,smart-thermometer-premium-255,Health,High-quality Smart Thermometer Premium. Perfect for everyday use with premium features.,55.61,72.38,25,products/health_024.jpg,products/health_024_2.jpg,products/health_024_3.jpg,Smart,HEA-SMA-00255,False,False,"Smart Thermometer Premium, Health, Smart, quality",Buy Smart Thermometer Premium online. Best price. Smart trusted brand.
256,Organic Face Masks Lite,organic-face-masks-lite-256,Health,High-quality Organic Face Masks Lite. Perfect for everyday use with premium features.,306.24,441.48,37,products/health_025.jpg,products/health_025_2.jpg,products/health_025_3.jpg,Organic,HEA-ORG-00256,True,True,"Organic Face Masks Lite, Health, Organic, quality",Buy Organic Face Masks Lite online. Best price. Organic trusted brand.
257,Classic Face Masks Pro,classic-face-masks-pro-257,Health,High-quality Classic Face Masks Pro. Perfect for everyday use with premium features.,351.22,467.26,4,products/health_026.jpg,products/health_026_2.jpg,products/health_026_3.jpg,Classic,HEA-CLA-00257,False,True,"Classic Face Masks Pro, Health, Classic, quality",Buy Classic Face Masks Pro online. Best price. Classic trusted brand.
258,Ultra Pain Relief Lite,ultra-pain-relief-lite-258,Health,High-quality Ultra Pain Relief Lite. Perfect for everyday use with premium features.,304.86,345.37,58,products/health_027.jpg,products/health_027_2.jpg,products/health_027_3.jpg,Ultra,HEA-ULT-00258,True,True,"Ultra Pain Relief Lite, Health, Ultra, quality",Buy Ultra Pain Relief Lite online. Best price. Ultra trusted brand.
259,Organic First Aid Kit Max,organic-first-aid-kit-max-259,Health,High-quality Organic First Aid Kit Max. Perfect for everyday use with premium features.,499.87,636.25,83,products/health_028.jpg,products/health_028_2.jpg,products/health_028_3.jpg,Organic,HEA-ORG-00259,False,True,"Organic First Aid Kit Max, Health, Organic, quality",Buy Organic First Aid Kit Max online. Best price. Organic trusted brand.
261,Organic First Aid Kit Standard,organic-first-aid-kit-standard-261,Health,High-quality Organic First Aid Kit Standard. Perfect for everyday use with premium features.,341.44,425.41,46,products/health_029.jpg,products/health_029_2.jpg,products/health_029_3.jpg,Organic,HEA-ORG-00261,True,True,"Organic First Aid Kit Standard, Health, Organic, quality",Buy Organic First Aid Kit Standard online. Best price. Organic trusted brand.
262,Premium Blood Pressure Monitor,premium-blood-pressure-monitor-262,Health,High-quality Premium Blood Pressure Monitor. Perfect for everyday use with premium features.,466.85,548.99,5,products/health_030.jpg,products/health_030_2.jpg,products/health_030_3.jpg,Premium,HEA-PRE-00262,True,True,"Premium Blood Pressure Monitor, Health, Premium, quality",Buy Premium Blood Pressure Monitor online. Best price. Premium trusted brand.
263,Modern Hand Sanitizer Standard,modern-hand-sanitizer-standard-263,Health,High-quality Modern Hand Sanitizer Standard. Perfect for everyday use with premium features.,367.51,540.32,56,products/health_031.jpg,products/health_031_2.jpg,products/health_031_3.jpg,Modern,HEA-MOD-00263,True,False,"Modern Hand Sanitizer Standard, Health, Modern, quality",Buy Modern Hand Sanitizer Standard online. Best price. Modern trusted brand.
264,Natural Protein Powder,natural-protein-powder-264,Health,High-quality Natural Protein Powder. Perfect for everyday use with premium features.,74.5,92.13,71,products/health_032.jpg,products/health_032_2.jpg,products/health_032_3.jpg,Natural,HEA-NAT-00264,True,False,"Natural Protein Powder, Health, Natural, quality",Buy Natural Protein Powder online. Best price. Natural trusted brand.
265,Classic Ring,classic-ring-265,Accessories,High-quality Classic Ring. Perfect for everyday use with premium features.,420.71,517.1,65,products/accessories_001.jpg,products/accessories_001_2.jpg,products/accessories_001_3.jpg,Classic,ACC-CLA-00265,False,False,"Classic Ring, Accessories, Classic, quality",Buy Classic Ring online. Best price. Classic trusted brand.
266,Organic Belt Plus,organic-belt-plus-266,Accessories,High-quality Organic Belt Plus. Perfect for everyday use with premium features.,77.49,113.26,35,products/accessories_002.jpg,products/accessories_002_2.jpg,products/accessories_002_3.jpg,Organic,ACC-ORG-00266,True,False,"Organic Belt Plus, Accessories, Organic, quality",Buy Organic Belt Plus online. Best price. Organic trusted brand.
267,Modern Hat Standard,modern-hat-standard-267,Accessories,High-quality Modern Hat Standard. Perfect for everyday use with premium features.,376.69,526.91,24,products/accessories_003.jpg,products/accessories_003_2.jpg,products/accessories_003_3.jpg,Modern,ACC-MOD-00267,True,False,"Modern Hat Standard, Accessories, Modern, quality",Buy Modern Hat Standard online. Best price. Modern trusted brand.
268,BrandX Ring Lite,brandx-ring-lite-268,Accessories,High-quality BrandX Ring Lite. Perfect for everyday use with premium features.,113.19,150.51,92,products/accessories_004.jpg,products/accessories_004_2.jpg,products/accessories_004_3.jpg,BrandX,ACC-BRA-00268,True,False,"BrandX Ring Lite, Accessories, BrandX, quality",Buy BrandX Ring Lite online. Best price. BrandX trusted brand.
269,Smart Keychain Lite,smart-keychain-lite-269,Accessories,High-quality Smart Keychain Lite. Perfect for everyday use with premium features.,476.93,578.63,55,products/accessories_005.jpg,products/accessories_005_2.jpg,products/accessories_005_3.jpg,Smart,ACC-SMA-00269,True,False,"Smart Keychain Lite, Accessories, Smart, quality",Buy Smart Keychain Lite online. Best price. Smart trusted brand.
270,Classic Hat Plus,classic-hat-plus-270,Accessories,High-quality Classic Hat Plus. Perfect for everyday use with premium features.,19.46,25.03,44,products/accessories_006.jpg,products/accessories_006_2.jpg,products/accessories_006_3.jpg,Classic,ACC-CLA-00270,True,False,"Classic Hat Plus, Accessories, Classic, quality",Buy Classic Hat Plus online. Best price. Classic trusted brand.
271,BrandX Hat Plus,brandx-hat-plus-271,Accessories,High-quality BrandX Hat Plus. Perfect for everyday use with premium features.,117.73,164.69,28,products/accessories_007.jpg,products/accessories_007_2.jpg,products/accessories_007_3.jpg,BrandX,ACC-BRA-00271,False,False,"BrandX Hat Plus, Accessories, BrandX, quality",Buy BrandX Hat Plus online. Best price. BrandX trusted brand.
272,Smart Hat Plus,smart-hat-plus-272,Accessories,High-quality Smart Hat Plus. Perfect for everyday use with premium features.,416.01,478.39,68,products/accessories_008.jpg,products/accessories_008_2.jpg,products/accessories_008_3.jpg,Smart,ACC-SMA-00272,True,False,"Smart Hat Plus, Accessories, Smart, quality",Buy Smart Hat Plus online. Best price. Smart trusted brand.
273,Premium Ring Pro,premium-ring-pro-273,Accessories,High-quality Premium Ring Pro. Perfect for everyday use with premium features.,84.91,105.52,3,products/accessories_009.jpg,products/accessories_009_2.jpg,products/accessories_009_3.jpg,Premium,ACC-PRE-00273,False,True,"Premium Ring Pro, Accessories, Premium, quality",Buy Premium Ring Pro online. Best price. Premium trusted brand.
274,BrandX Belt Pro,brandx-belt-pro-274,Accessories,High-quality BrandX Belt Pro. Perfect for everyday use with premium features.,35.57,42.7,30,products/accessories_010.jpg,products/accessories_010_2.jpg,products/accessories_010_3.jpg,BrandX,ACC-BRA-00274,True,False,"BrandX Belt Pro, Accessories, BrandX, quality",Buy BrandX Belt Pro online. Best price. BrandX trusted brand.
275,Modern Bracelet Premium,modern-bracelet-premium-275,Accessories,High-quality Modern Bracelet Premium. Perfect for everyday use with premium features.,31.66,35.79,55,products/accessories_011.jpg,products/accessories_011_2.jpg,products/accessories_011_3.jpg,Modern,ACC-MOD-00275,True,False,"Modern Bracelet Premium, Accessories, Modern, quality",Buy Modern Bracelet Premium online. Best price. Modern trusted brand.
276,Ultra Earrings Standard,ultra-earrings-standard-276,Accessories,High-quality Ultra Earrings Standard. Perfect for everyday use with premium features.,428.43,599.72,1,products/accessories_012.jpg,products/accessories_012_2.jpg,products/accessories_012_3.jpg,Ultra,ACC-ULT-00276,True,False,"Ultra Earrings Standard, Accessories, Ultra, quality",Buy Ultra Earrings Standard online. Best price. Ultra trusted brand.
277,Organic Ring Max,organic-ring-max-277,Accessories,High-quality Organic Ring Max. Perfect for everyday use with premium features.,427.55,551.57,73,products/accessories_013.jpg,products/accessories_013_2.jpg,products/accessories_013_3.jpg,Organic,ACC-ORG-00277,True,True,"Organic Ring Max, Accessories, Organic, quality",Buy Organic Ring Max online. Best price. Organic trusted brand.
278,BrandX Scarf Standard,brandx-scarf-standard-278,Accessories,High-quality BrandX Scarf Standard. Perfect for everyday use with premium features.,462.63,509.1,5,products/accessories_014.jpg,products/accessories_014_2.jpg,products/accessories_014_3.jpg,BrandX,ACC-BRA-00278,True,False,"BrandX Scarf Standard, Accessories, BrandX, quality",Buy BrandX Scarf Standard online. Best price. BrandX trusted brand.
279,Premium Necklace Standard,premium-necklace-standard-279,Accessories,High-quality Premium Necklace Standard. Perfect for everyday use with premium features.,93.89,107.58,26,products/accessories_015.jpg,products/accessories_015_2.jpg,products/accessories_015_3.jpg,Premium,ACC-PRE-00279,True,False,"Premium Necklace Standard, Accessories, Premium, quality",Buy Premium Necklace Standard online. Best price. Premium trusted brand.
280,Classic Belt Max,classic-belt-max-280,Accessories,High-quality Classic Belt Max. Perfect for everyday use with premium features.,480.35,539.45,86,products/accessories_016.jpg,products/accessories_016_2.jpg,products/accessories_016_3.jpg,Classic,ACC-CLA-00280,True,False,"Classic Belt Max, Accessories, Classic, quality",Buy Classic Belt Max online. Best price. Classic trusted brand.
281,Classic Hat Max,classic-hat-max-281,Accessories,High-quality Classic Hat Max. Perfect for everyday use with premium features.,10.24,11.45,31,products/accessories_017.jpg,products/accessories_017_2.jpg,products/accessories_017_3.jpg,Classic,ACC-CLA-00281,False,False,"Classic Hat Max, Accessories, Classic, quality",Buy Classic Hat Max online. Best price. Classic trusted brand.
282,Premium Necklace Premium,premium-necklace-premium-282,Accessories,High-quality Premium Necklace Premium. Perfect for everyday use with premium features.,426.78,629.58,71,products/accessories_018.jpg,products/accessories_018_2.jpg,products/accessories_018_3.jpg,Premium,ACC-PRE-00282,True,False,"Premium Necklace Premium, Accessories, Premium, quality",Buy Premium Necklace Premium online. Best price. Premium trusted brand.
283,Modern Wallet Premium,modern-wallet-premium-283,Accessories,High-quality Modern Wallet Premium. Perfect for everyday use with premium features.,80.94,98.97,95,products/accessories_019.jpg,products/accessories_019_2.jpg,products/accessories_019_3.jpg,Modern,ACC-MOD-00283,False,False,"Modern Wallet Premium, Accessories, Modern, quality",Buy Modern Wallet Premium online. Best price. Modern trusted brand.
284,Premium Wallet Max,premium-wallet-max-284,Accessories,High-quality Premium Wallet Max. Perfect for everyday use with premium features.,220.21,270.41,81,products/accessories_020.jpg,products/accessories_020_2.jpg,products/accessories_020_3.jpg,Premium,ACC-PRE-00284,True,False,"Premium Wallet Max, Accessories, Premium, quality",Buy Premium Wallet Max online. Best price. Premium trusted brand.
285,ProMax Scarf Plus,promax-scarf-plus-285,Accessories,High-quality ProMax Scarf Plus. Perfect for everyday use with premium features.,141.8,158.52,61,products/accessories_021.jpg,products/accessories_021_2.jpg,products/accessories_021_3.jpg,ProMax,ACC-PRO-00285,True,True,"ProMax Scarf Plus, Accessories, ProMax, quality",Buy ProMax Scarf Plus online. Best price. ProMax trusted brand.
286,Premium Earrings Max,premium-earrings-max-286,Accessories,High-quality Premium Earrings Max. Perfect for everyday use with premium features.,472.83,569.17,25,products/accessories_022.jpg,products/accessories_022_2.jpg,products/accessories_022_3.jpg,Premium,ACC-PRE-00286,True,True,"Premium Earrings Max, Accessories, Premium, quality",Buy Premium Earrings Max online. Best price. Premium trusted brand.
287,Elite Keychain Plus,elite-keychain-plus-287,Accessories,High-quality Elite Keychain Plus. Perfect for everyday use with premium features.,267.88,323.64,15,products/accessories_023.jpg,products/accessories_023_2.jpg,products/accessories_023_3.jpg,Elite,ACC-ELI-00287,True,False,"Elite Keychain Plus, Accessories, Elite, quality",Buy Elite Keychain Plus online. Best price. Elite trusted brand.
289,Natural Sunglasses Plus,natural-sunglasses-plus-289,Accessories,High-quality Natural Sunglasses Plus. Perfect for everyday use with premium features.,438.72,508.91,70,products/accessories_024.jpg,products/accessories_024_2.jpg,products/accessories_024_3.jpg,Natural,ACC-NAT-00289,True,False,"Natural Sunglasses Plus, Accessories, Natural, quality",Buy Natural Sunglasses Plus online. Best price. Natural trusted brand.
290,Smart Bracelet Standard,smart-bracelet-standard-290,Accessories,High-quality Smart Bracelet Standard. Perfect for everyday use with premium features.,74.94,84.29,12,products/accessories_025.jpg,products/accessories_025_2.jpg,products/accessories_025_3.jpg,Smart,ACC-SMA-00290,True,False,"Smart Bracelet Standard, Accessories, Smart, quality",Buy Smart Bracelet Standard online. Best price. Smart trusted brand.
291,Elite Wallet Standard,elite-wallet-standard-291,Accessories,High-quality Elite Wallet Standard. Perfect for everyday use with premium features.,454.26,595.99,15,products/accessories_026.jpg,products/accessories_026_2.jpg,products/accessories_026_3.jpg,Elite,ACC-ELI-00291,True,True,"Elite Wallet Standard, Accessories, Elite, quality",Buy Elite Wallet Standard online. Best price. Elite trusted brand.
292,Organic Watch Pro,organic-watch-pro-292,Accessories,High-quality Organic Watch Pro. Perfect for everyday use with premium features.,348.07,440.05,15,products/accessories_027.jpg,products/accessories_027_2.jpg,products/accessories_027_3.jpg,Organic,ACC-ORG-00292,True,False,"Organic Watch Pro, Accessories, Organic, quality",Buy Organic Watch Pro online. Best price. Organic trusted brand.
293,ProMax Ring Max,promax-ring-max-293,Accessories,High-quality ProMax Ring Max. Perfect for everyday use with premium features.,125.83,188.08,92,products/accessories_028.jpg,products/accessories_028_2.jpg,products/accessories_028_3.jpg,ProMax,ACC-PRO-00293,True,False,"ProMax Ring Max, Accessories, ProMax, quality",Buy ProMax Ring Max online. Best price. ProMax trusted brand.
294,BrandX Bag Plus,brandx-bag-plus-294,Accessories,High-quality BrandX Bag Plus. Perfect for everyday use with premium features.,145.92,162.9,84,products/accessories_029.jpg,products/accessories_029_2.jpg,products/accessories_029_3.jpg,BrandX,ACC-BRA-00294,True,False,"BrandX Bag Plus, Accessories, BrandX, quality",Buy BrandX Bag Plus online. Best price. BrandX trusted brand.
295,Natural Sunglasses Plus,natural-sunglasses-plus-295,Accessories,High-quality Natural Sunglasses Plus. Perfect for everyday use with premium features.,341.78,434.78,47,products/accessories_030.jpg,products/accessories_030_2.jpg,products/accessories_030_3.jpg,Natural,ACC-NAT-00295,False,False,"Natural Sunglasses Plus, Accessories, Natural, quality",Buy Natural Sunglasses Plus online. Best price. Natural trusted brand.
296,Premium Sunglasses Plus,premium-sunglasses-plus-296,Accessories,High-quality Premium Sunglasses Plus. Perfect for everyday use with premium features.,122.31,149.35,34,products/accessories_031.jpg,products/accessories_031_2.jpg,products/accessories_031_3.jpg,Premium,ACC-PRE-00296,False,True,"Premium Sunglasses Plus, Accessories, Premium, quality",Buy Premium Sunglasses Plus online. Best price. Premium trusted brand.
297,ProMax Bag,promax-bag-297,Accessories,High-quality ProMax Bag. Perfect for everyday use with premium features.,32.36,40.67,29,products/accessories_032.jpg,products/accessories_032_2.jpg,products/accessories_032_3.jpg,ProMax,ACC-PRO-00297,False,True,"ProMax Bag, Accessories, ProMax, quality",Buy ProMax Bag online. Best price. ProMax trusted brand.
298,ProMax Coffee Table Standard,promax-coffee-table-standard-298,Furniture,High-quality ProMax Coffee Table Standard. Perfect for everyday use with premium features.,112.13,142.58,24,products/furniture_001.jpg,products/furniture_001_2.jpg,products/furniture_001_3.jpg,ProMax,FUR-PRO-00298,True,True,"ProMax Coffee Table Standard, Furniture, ProMax, quality",Buy ProMax Coffee Table Standard online. Best price. ProMax trusted brand.
299,Elite Shelving Unit Pro,elite-shelving-unit-pro-299,Furniture,High-quality Elite Shelving Unit Pro. Perfect for everyday use with premium features.,294.91,370.97,25,products/furniture_002.jpg,products/furniture_002_2.jpg,products/furniture_002_3.jpg,Elite,FUR-ELI-00299,True,False,"Elite Shelving Unit Pro, Furniture, Elite, quality",Buy Elite Shelving Unit Pro online. Best price. Elite trusted brand.
300,Ultra Office Desk Plus,ultra-office-desk-plus-300,Furniture,High-quality Ultra Office Desk Plus. Perfect for everyday use with premium features.,230.77,337.62,55,products/furniture_003.jpg,products/furniture_003_2.jpg,products/furniture_003_3.jpg,Ultra,FUR-ULT-00300,False,False,"Ultra Office Desk Plus, Furniture, Ultra, quality",Buy Ultra Office Desk Plus online. Best price. Ultra trusted brand.
301,Organic Shelving Unit Lite,organic-shelving-unit-lite-301,Furniture,High-quality Organic Shelving Unit Lite. Perfect for everyday use with premium features.,458.05,576.6,85,products/furniture_004.jpg,products/furniture_004_2.jpg,products/furniture_004_3.jpg,Organic,FUR-ORG-00301,False,True,"Organic Shelving Unit Lite, Furniture, Organic, quality",Buy Organic Shelving Unit Lite online. Best price. Organic trusted brand.
302,BrandX Wardrobe Lite,brandx-wardrobe-lite-302,Furniture,High-quality BrandX Wardrobe Lite. Perfect for everyday use with premium features.,435.33,645.99,57,products/furniture_005.jpg,products/furniture_005_2.jpg,products/furniture_005_3.jpg,BrandX,FUR-BRA-00302,True,False,"BrandX Wardrobe Lite, Furniture, BrandX, quality",Buy BrandX Wardrobe Lite online. Best price. BrandX trusted brand.
303,Natural Desk Chair Max,natural-desk-chair-max-303,Furniture,High-quality Natural Desk Chair Max. Perfect for everyday use with premium features.,24.48,29.11,57,products/furniture_006.jpg,products/furniture_006_2.jpg,products/furniture_006_3.jpg,Natural,FUR-NAT-00303,True,True,"Natural Desk Chair Max, Furniture, Natural, quality",Buy Natural Desk Chair Max online. Best price. Natural trusted brand.
304,Elite Office Desk Max,elite-office-desk-max-304,Furniture,High-quality Elite Office Desk Max. Perfect for everyday use with premium features.,496.99,734.49,1,products/furniture_007.jpg,products/furniture_007_2.jpg,products/furniture_007_3.jpg,Elite,FUR-ELI-00304,True,True,"Elite Office Desk Max, Furniture, Elite, quality",Buy Elite Office Desk Max online. Best price. Elite trusted brand.
305,Elite Bookshelf Pro,elite-bookshelf-pro-305,Furniture,High-quality Elite Bookshelf Pro. Perfect for everyday use with premium features.,383.36,535.18,13,products/furniture_008.jpg,products/furniture_008_2.jpg,products/furniture_008_3.jpg,Elite,FUR-ELI-00305,True,False,"Elite Bookshelf Pro, Furniture, Elite, quality",Buy Elite Bookshelf Pro online. Best price. Elite trusted brand.
306,Modern Side Table Pro,modern-side-table-pro-306,Furniture,High-quality Modern Side Table Pro. Perfect for everyday use with premium features.,342.89,469.1,62,products/furniture_009.jpg,products/furniture_009_2.jpg,products/furniture_009_3.jpg,Modern,FUR-MOD-00306,True,False,"Modern Side Table Pro, Furniture, Modern, quality",Buy Modern Side Table Pro online. Best price. Modern trusted brand.
307,ProMax Coffee Table,promax-coffee-table-307,Furniture,High-quality ProMax Coffee Table. Perfect for everyday use with premium features.,142.45,162.29,99,products/furniture_010.jpg,products/furniture_010_2.jpg,products/furniture_010_3.jpg,ProMax,FUR-PRO-00307,True,False,"ProMax Coffee Table, Furniture, ProMax, quality",Buy ProMax Coffee Table online. Best price. ProMax trusted brand.
308,Classic Bookshelf Plus,classic-bookshelf-plus-308,Furniture,High-quality Classic Bookshelf Plus. Perfect for everyday use with premium features.,265.7,354.45,31,products/furniture_011.jpg,products/furniture_011_2.jpg,products/furniture_011_3.jpg,Classic,FUR-CLA-00308,True,True,"Classic Bookshelf Plus, Furniture, Classic, quality",Buy Classic Bookshelf Plus online. Best price. Classic trusted brand.
309,ProMax Side Table Standard,promax-side-table-standard-309,Furniture,High-quality ProMax Side Table Standard. Perfect for everyday use with premium features.,242.48,269.19,13,products/furniture_012.jpg,products/furniture_012_2.jpg,products/furniture_012_3.jpg,ProMax,FUR-PRO-00309,True,False,"ProMax Side Table Standard, Furniture, ProMax, quality",Buy ProMax Side Table Standard online. Best price. ProMax trusted brand.
310,Natural Nightstand Premium,natural-nightstand-premium-310,Furniture,High-quality Natural Nightstand Premium. Perfect for everyday use with premium features.,81.2,113.02,37,products/furniture_013.jpg,products/furniture_013_2.jpg,products/furniture_013_3.jpg,Natural,FUR-NAT-00310,True,False,"Natural Nightstand Premium, Furniture, Natural, quality",Buy Natural Nightstand Premium online. Best price. Natural trusted brand.
311,Elite Bookshelf Standard,elite-bookshelf-standard-311,Furniture,High-quality Elite Bookshelf Standard. Perfect for everyday use with premium features.,479.86,570.93,17,products/furniture_014.jpg,products/furniture_014_2.jpg,products/furniture_014_3.jpg,Elite,FUR-ELI-00311,True,False,"Elite Bookshelf Standard, Furniture, Elite, quality",Buy Elite Bookshelf Standard online. Best price. Elite trusted brand.
312,Classic Bed Frame Plus,classic-bed-frame-plus-312,Furniture,High-quality Classic Bed Frame Plus. Perfect for everyday use with premium features.,299.47,416.31,42,products/furniture_015.jpg,products/furniture_015_2.jpg,products/furniture_015_3.jpg,Classic,FUR-CLA-00312,True,False,"Classic Bed Frame Plus, Furniture, Classic, quality",Buy Classic Bed Frame Plus online. Best price. Classic trusted brand.
313,Ultra Wardrobe Plus,ultra-wardrobe-plus-313,Furniture,High-quality Ultra Wardrobe Plus. Perfect for everyday use with premium features.,22.85,30.08,37,products/furniture_016.jpg,products/furniture_016_2.jpg,products/furniture_016_3.jpg,Ultra,FUR-ULT-00313,False,True,"Ultra Wardrobe Plus, Furniture, Ultra, quality",Buy Ultra Wardrobe Plus online. Best price. Ultra trusted brand.
314,Premium Coffee Table Standard,premium-coffee-table-standard-314,Furniture,High-quality Premium Coffee Table Standard. Perfect for everyday use with premium features.,91.95,109.58,64,products/furniture_017.jpg,products/furniture_017_2.jpg,products/furniture_017_3.jpg,Premium,FUR-PRE-00314,True,False,"Premium Coffee Table Standard, Furniture, Premium, quality",Buy Premium Coffee Table Standard online. Best price. Premium trusted brand.
315,Premium Bookshelf,premium-bookshelf-315,Furniture,High-quality Premium Bookshelf. Perfect for everyday use with premium features.,82.79,114.18,43,products/furniture_018.jpg,products/furniture_018_2.jpg,products/furniture_018_3.jpg,Premium,FUR-PRE-00315,True,False,"Premium Bookshelf, Furniture, Premium, quality",Buy Premium Bookshelf online. Best price. Premium trusted brand.
316,Elite Wardrobe Standard,elite-wardrobe-standard-316,Furniture,High-quality Elite Wardrobe Standard. Perfect for everyday use with premium features.,377.73,529.77,93,products/furniture_019.jpg,products/furniture_019_2.jpg,products/furniture_019_3.jpg,Elite,FUR-ELI-00316,True,False,"Elite Wardrobe Standard, Furniture, Elite, quality",Buy Elite Wardrobe Standard online. Best price. Elite trusted brand.
317,Organic Coffee Table Max,organic-coffee-table-max-317,Furniture,High-quality Organic Coffee Table Max. Perfect for everyday use with premium features.,294.27,370.8,46,products/furniture_020.jpg,products/furniture_020_2.jpg,products/furniture_020_3.jpg,Organic,FUR-ORG-00317,False,False,"Organic Coffee Table Max, Furniture, Organic, quality",Buy Organic Coffee Table Max online. Best price. Organic trusted brand.
318,Organic Bookshelf Plus,organic-bookshelf-plus-318,Furniture,High-quality Organic Bookshelf Plus. Perfect for everyday use with premium features.,351.5,492.3,25,products/furniture_021.jpg,products/furniture_021_2.jpg,products/furniture_021_3.jpg,Organic,FUR-ORG-00318,True,False,"Organic Bookshelf Plus, Furniture, Organic, quality",Buy Organic Bookshelf Plus online. Best price. Organic trusted brand.
319,Organic Shelving Unit Pro,organic-shelving-unit-pro-319,Furniture,High-quality Organic Shelving Unit Pro. Perfect for everyday use with premium features.,350.9,513.99,63,products/furniture_022.jpg,products/furniture_022_2.jpg,products/furniture_022_3.jpg,Organic,FUR-ORG-00319,True,False,"Organic Shelving Unit Pro, Furniture, Organic, quality",Buy Organic Shelving Unit Pro online. Best price. Organic trusted brand.
320,Organic Sofa Max,organic-sofa-max-320,Furniture,High-quality Organic Sofa Max. Perfect for everyday use with premium features.,341.41,499.2,73,products/furniture_023.jpg,products/furniture_023_2.jpg,products/furniture_023_3.jpg,Organic,FUR-ORG-00320,True,False,"Organic Sofa Max, Furniture, Organic, quality",Buy Organic Sofa Max online. Best price. Organic trusted brand.
321,Modern Side Table Premium,modern-side-table-premium-321,Furniture,High-quality Modern Side Table Premium. Perfect for everyday use with premium features.,95.22,124.36,16,products/furniture_024.jpg,products/furniture_024_2.jpg,products/furniture_024_3.jpg,Modern,FUR-MOD-00321,True,False,"Modern Side Table Premium, Furniture, Modern, quality",Buy Modern Side Table Premium online. Best price. Modern trusted brand.
322,Premium Side Table Standard,premium-side-table-standard-322,Furniture,High-quality Premium Side Table Standard. Perfect for everyday use with premium features.,226.93,257.47,25,products/furniture_025.jpg,products/furniture_025_2.jpg,products/furniture_025_3.jpg,Premium,FUR-PRE-00322,True,True,"Premium Side Table Standard, Furniture, Premium, quality",Buy Premium Side Table Standard online. Best price. Premium trusted brand.
323,BrandX Bed Frame Standard,brandx-bed-frame-standard-323,Furniture,High-quality BrandX Bed Frame Standard. Perfect for everyday use with premium features.,319.53,352.93,50,products/furniture_026.jpg,products/furniture_026_2.jpg,products/furniture_026_3.jpg,BrandX,FUR-BRA-00323,True,True,"BrandX Bed Frame Standard, Furniture, BrandX, quality",Buy BrandX Bed Frame Standard online. Best price. BrandX trusted brand.
324,Organic Sofa,organic-sofa-324,Furniture,High-quality Organic Sofa. Perfect for everyday use with premium features.,286.62,412.72,11,products/furniture_027.jpg,products/furniture_027_2.jpg,products/furniture_027_3.jpg,Organic,FUR-ORG-00324,False,True,"Organic Sofa, Furniture, Organic, quality",Buy Organic Sofa online. Best price. Organic trusted brand.
325,Modern Coffee Table Pro,modern-coffee-table-pro-325,Furniture,High-quality Modern Coffee Table Pro. Perfect for everyday use with premium features.,304.05,358.55,41,products/furniture_028.jpg,products/furniture_028_2.jpg,products/furniture_028_3.jpg,Modern,FUR-MOD-00325,True,False,"Modern Coffee Table Pro, Furniture, Modern, quality",Buy Modern Coffee Table Pro online. Best price. Modern trusted brand.
326,ProMax Coffee Table Lite,promax-coffee-table-lite-326,Furniture,High-quality ProMax Coffee Table Lite. Perfect for everyday use with premium features.,183.44,259.35,12,products/furniture_029.jpg,products/furniture_029_2.jpg,products/furniture_029_3.jpg,ProMax,FUR-PRO-00326,False,True,"ProMax Coffee Table Lite, Furniture, ProMax, quality",Buy ProMax Coffee Table Lite online. Best price. ProMax trusted brand.
327,Ultra Nightstand Premium,ultra-nightstand-premium-327,Furniture,High-quality Ultra Nightstand Premium. Perfect for everyday use with premium features.,449.14,510.79,53,products/furniture_030.jpg,products/furniture_030_2.jpg,products/furniture_030_3.jpg,Ultra,FUR-ULT-00327,True,False,"Ultra Nightstand Premium, Furniture, Ultra, quality",Buy Ultra Nightstand Premium online. Best price. Ultra trusted brand.
328,Classic Bookshelf,classic-bookshelf-328,Furniture,High-quality Classic Bookshelf. Perfect for everyday use with premium features.,126.11,176.87,92,products/furniture_031.jpg,products/furniture_031_2.jpg,products/furniture_031_3.jpg,Classic,FUR-CLA-00328,True,True,"Classic Bookshelf, Furniture, Classic, quality",Buy Classic Bookshelf online. Best price. Classic trusted brand.
329,Premium Nightstand,premium-nightstand-329,Furniture,High-quality Premium Nightstand. Perfect for everyday use with premium features.,25.44,29.97,12,products/furniture_032.jpg,products/furniture_032_2.jpg,products/furniture_032_3.jpg,Premium,FUR-PRE-00329,True,True,"Premium Nightstand, Furniture, Premium, quality",Buy Premium Nightstand online. Best price. Premium trusted brand.
330,Natural Nightstand Pro,natural-nightstand-pro-330,Furniture,High-quality Natural Nightstand Pro. Perfect for everyday use with premium features.,423.95,475.57,80,products/furniture_033.jpg,products/furniture_033_2.jpg,products/furniture_033_3.jpg,Natural,FUR-NAT-00330,True,False,"Natural Nightstand Pro, Furniture, Natural, quality",Buy Natural Nightstand Pro online. Best price. Natural trusted brand.
331,ProMax Steering Cover Plus,promax-steering-cover-plus-331,Automotive,High-quality ProMax Steering Cover Plus. Perfect for everyday use with premium features.,312.04,384.03,24,products/automotive_001.jpg,products/automotive_001_2.jpg,products/automotive_001_3.jpg,ProMax,AUT-PRO-00331,True,False,"ProMax Steering Cover Plus, Automotive, ProMax, quality",Buy ProMax Steering Cover Plus online. Best price. ProMax trusted brand.
332,Natural Dashboard Cam Plus,natural-dashboard-cam-plus-332,Automotive,High-quality Natural Dashboard Cam Plus. Perfect for everyday use with premium features.,45.81,56.91,47,products/automotive_002.jpg,products/automotive_002_2.jpg,products/automotive_002_3.jpg,Natural,AUT-NAT-00332,True,True,"Natural Dashboard Cam Plus, Automotive, Natural, quality",Buy Natural Dashboard Cam Plus online. Best price. Natural trusted brand.
333,Organic Steering Cover Premium,organic-steering-cover-premium-333,Automotive,High-quality Organic Steering Cover Premium. Perfect for everyday use with premium features.,359.5,502.86,13,products/automotive_003.jpg,products/automotive_003_2.jpg,products/automotive_003_3.jpg,Organic,AUT-ORG-00333,True,False,"Organic Steering Cover Premium, Automotive, Organic, quality",Buy Organic Steering Cover Premium online. Best price. Organic trusted brand.
334,Organic Car Mat Max,organic-car-mat-max-334,Automotive,High-quality Organic Car Mat Max. Perfect for everyday use with premium features.,231.3,287.06,72,products/automotive_004.jpg,products/automotive_004_2.jpg,products/automotive_004_3.jpg,Organic,AUT-ORG-00334,True,False,"Organic Car Mat Max, Automotive, Organic, quality",Buy Organic Car Mat Max online. Best price. Organic trusted brand.
335,Natural Dashboard Cam,natural-dashboard-cam-335,Automotive,High-quality Natural Dashboard Cam. Perfect for everyday use with premium features.,219.09,290.71,8,products/automotive_005.jpg,products/automotive_005_2.jpg,products/automotive_005_3.jpg,Natural,AUT-NAT-00335,True,False,"Natural Dashboard Cam, Automotive, Natural, quality",Buy Natural Dashboard Cam online. Best price. Natural trusted brand.
336,Elite Air Freshener Lite,elite-air-freshener-lite-336,Automotive,High-quality Elite Air Freshener Lite. Perfect for everyday use with premium features.,202.24,281.91,5,products/automotive_006.jpg,products/automotive_006_2.jpg,products/automotive_006_3.jpg,Elite,AUT-ELI-00336,True,True,"Elite Air Freshener Lite, Automotive, Elite, quality",Buy Elite Air Freshener Lite online. Best price. Elite trusted brand.
337,BrandX Window Shade Standard,brandx-window-shade-standard-337,Automotive,High-quality BrandX Window Shade Standard. Perfect for everyday use with premium features.,107.76,144.87,71,products/automotive_007.jpg,products/automotive_007_2.jpg,products/automotive_007_3.jpg,BrandX,AUT-BRA-00337,False,False,"BrandX Window Shade Standard, Automotive, BrandX, quality",Buy BrandX Window Shade Standard online. Best price. BrandX trusted brand.
338,Classic Seat Covers Max,classic-seat-covers-max-338,Automotive,High-quality Classic Seat Covers Max. Perfect for everyday use with premium features.,158.08,232.94,34,products/automotive_008.jpg,products/automotive_008_2.jpg,products/automotive_008_3.jpg,Classic,AUT-CLA-00338,False,True,"Classic Seat Covers Max, Automotive, Classic, quality",Buy Classic Seat Covers Max online. Best price. Classic trusted brand.
339,Modern Steering Cover Lite,modern-steering-cover-lite-339,Automotive,High-quality Modern Steering Cover Lite. Perfect for everyday use with premium features.,182.63,233.92,97,products/automotive_009.jpg,products/automotive_009_2.jpg,products/automotive_009_3.jpg,Modern,AUT-MOD-00339,False,True,"Modern Steering Cover Lite, Automotive, Modern, quality",Buy Modern Steering Cover Lite online. Best price. Modern trusted brand.
340,Smart Window Shade Pro,smart-window-shade-pro-340,Automotive,High-quality Smart Window Shade Pro. Perfect for everyday use with premium features.,110.87,160.94,81,products/automotive_010.jpg,products/automotive_010_2.jpg,products/automotive_010_3.jpg,Smart,AUT-SMA-00340,False,False,"Smart Window Shade Pro, Automotive, Smart, quality",Buy Smart Window Shade Pro online. Best price. Smart trusted brand.
341,Natural Steering Cover Standard,natural-steering-cover-standard-341,Automotive,High-quality Natural Steering Cover Standard. Perfect for everyday use with premium features.,179.17,224.9,16,products/automotive_011.jpg,products/automotive_011_2.jpg,products/automotive_011_3.jpg,Natural,AUT-NAT-00341,True,True,"Natural Steering Cover Standard, Automotive, Natural, quality",Buy Natural Steering Cover Standard online. Best price. Natural trusted brand.
342,Organic Phone Holder Lite,organic-phone-holder-lite-342,Automotive,High-quality Organic Phone Holder Lite. Perfect for everyday use with premium features.,454.41,629.19,31,products/automotive_012.jpg,products/automotive_012_2.jpg,products/automotive_012_3.jpg,Organic,AUT-ORG-00342,True,True,"Organic Phone Holder Lite, Automotive, Organic, quality",Buy Organic Phone Holder Lite online. Best price. Organic trusted brand.
343,Modern Car Mat Pro,modern-car-mat-pro-343,Automotive,High-quality Modern Car Mat Pro. Perfect for everyday use with premium features.,390.94,499.65,50,products/automotive_013.jpg,products/automotive_013_2.jpg,products/automotive_013_3.jpg,Modern,AUT-MOD-00343,False,False,"Modern Car Mat Pro, Automotive, Modern, quality",Buy Modern Car Mat Pro online. Best price. Modern trusted brand.
344,Ultra Steering Cover Max,ultra-steering-cover-max-344,Automotive,High-quality Ultra Steering Cover Max. Perfect for everyday use with premium features.,364.38,534.61,16,products/automotive_014.jpg,products/automotive_014_2.jpg,products/automotive_014_3.jpg,Ultra,AUT-ULT-00344,True,False,"Ultra Steering Cover Max, Automotive, Ultra, quality",Buy Ultra Steering Cover Max online. Best price. Ultra trusted brand.
345,Modern Seat Covers Max,modern-seat-covers-max-345,Automotive,High-quality Modern Seat Covers Max. Perfect for everyday use with premium features.,106.4,138.7,62,products/automotive_015.jpg,products/automotive_015_2.jpg,products/automotive_015_3.jpg,Modern,AUT-MOD-00345,False,False,"Modern Seat Covers Max, Automotive, Modern, quality",Buy Modern Seat Covers Max online. Best price. Modern trusted brand.
346,Elite Dashboard Cam Plus,elite-dashboard-cam-plus-346,Automotive,High-quality Elite Dashboard Cam Plus. Perfect for everyday use with premium features.,282.53,342.36,92,products/automotive_016.jpg,products/automotive_016_2.jpg,products/automotive_016_3.jpg,Elite,AUT-ELI-00346,True,False,"Elite Dashboard Cam Plus, Automotive, Elite, quality",Buy Elite Dashboard Cam Plus online. Best price. Elite trusted brand.
349,Natural Window Shade,natural-window-shade-349,Automotive,High-quality Natural Window Shade. Perfect for everyday use with premium features.,28.24,32.5,32,products/automotive_017.jpg,products/automotive_017_2.jpg,products/automotive_017_3.jpg,Natural,AUT-NAT-00349,True,False,"Natural Window Shade, Automotive, Natural, quality",Buy Natural Window Shade online. Best price. Natural trusted brand.
350,Organic Steering Cover Lite,organic-steering-cover-lite-350,Automotive,High-quality Organic Steering Cover Lite. Perfect for everyday use with premium features.,355.26,531.67,58,products/automotive_018.jpg,products/automotive_018_2.jpg,products/automotive_018_3.jpg,Organic,AUT-ORG-00350,True,False,"Organic Steering Cover Lite, Automotive, Organic, quality",Buy Organic Steering Cover Lite online. Best price. Organic trusted brand.
351,Natural Phone Holder Plus,natural-phone-holder-plus-351,Automotive,High-quality Natural Phone Holder Plus. Perfect for everyday use with premium features.,377.67,471.78,67,products/automotive_019.jpg,products/automotive_019_2.jpg,products/automotive_019_3.jpg,Natural,AUT-NAT-00351,False,True,"Natural Phone Holder Plus, Automotive, Natural, quality",Buy Natural Phone Holder Plus online. Best price. Natural trusted brand.
352,Classic Car Mat Plus,classic-car-mat-plus-352,Automotive,High-quality Classic Car Mat Plus. Perfect for everyday use with premium features.,455.79,635.25,17,products/automotive_020.jpg,products/automotive_020_2.jpg,products/automotive_020_3.jpg,Classic,AUT-CLA-00352,False,False,"Classic Car Mat Plus, Automotive, Classic, quality",Buy Classic Car Mat Plus online. Best price. Classic trusted brand.
353,Natural Seat Covers Standard,natural-seat-covers-standard-353,Automotive,High-quality Natural Seat Covers Standard. Perfect for everyday use with premium features.,13.81,15.58,52,products/automotive_021.jpg,products/automotive_021_2.jpg,products/automotive_021_3.jpg,Natural,AUT-NAT-00353,True,False,"Natural Seat Covers Standard, Automotive, Natural, quality",Buy Natural Seat Covers Standard online. Best price. Natural trusted brand.
354,Modern Cleaning Kit Lite,modern-cleaning-kit-lite-354,Automotive,High-quality Modern Cleaning Kit Lite. Perfect for everyday use with premium features.,497.1,730.63,10,products/automotive_022.jpg,products/automotive_022_2.jpg,products/automotive_022_3.jpg,Modern,AUT-MOD-00354,True,True,"Modern Cleaning Kit Lite, Automotive, Modern, quality",Buy Modern Cleaning Kit Lite online. Best price. Modern trusted brand.
355,Organic Phone Holder Lite,organic-phone-holder-lite-355,Automotive,High-quality Organic Phone Holder Lite. Perfect for everyday use with premium features.,371.62,552.68,94,products/automotive_023.jpg,products/automotive_023_2.jpg,products/automotive_023_3.jpg,Organic,AUT-ORG-00355,True,False,"Organic Phone Holder Lite, Automotive, Organic, quality",Buy Organic Phone Holder Lite online. Best price. Organic trusted brand.
356,Smart Window Shade Pro,smart-window-shade-pro-356,Automotive,High-quality Smart Window Shade Pro. Perfect for everyday use with premium features.,141.11,194.88,93,products/automotive_024.jpg,products/automotive_024_2.jpg,products/automotive_024_3.jpg,Smart,AUT-SMA-00356,True,False,"Smart Window Shade Pro, Automotive, Smart, quality",Buy Smart Window Shade Pro online. Best price. Smart trusted brand.
357,Smart Cleaning Kit Premium,smart-cleaning-kit-premium-357,Automotive,High-quality Smart Cleaning Kit Premium. Perfect for everyday use with premium features.,185.22,234.55,77,products/automotive_025.jpg,products/automotive_025_2.jpg,products/automotive_025_3.jpg,Smart,AUT-SMA-00357,True,False,"Smart Cleaning Kit Premium, Automotive, Smart, quality",Buy Smart Cleaning Kit Premium online. Best price. Smart trusted brand.
358,Premium Car Mat Lite,premium-car-mat-lite-358,Automotive,High-quality Premium Car Mat Lite. Perfect for everyday use with premium features.,22.44,28.67,63,products/automotive_026.jpg,products/automotive_026_2.jpg,products/automotive_026_3.jpg,Premium,AUT-PRE-00358,True,False,"Premium Car Mat Lite, Automotive, Premium, quality",Buy Premium Car Mat Lite online. Best price. Premium trusted brand.
359,Natural Dashboard Cam,natural-dashboard-cam-359,Automotive,High-quality Natural Dashboard Cam. Perfect for everyday use with premium features.,486.97,554.8,9,products/automotive_027.jpg,products/automotive_027_2.jpg,products/automotive_027_3.jpg,Natural,AUT-NAT-00359,True,False,"Natural Dashboard Cam, Automotive, Natural, quality",Buy Natural Dashboard Cam online. Best price. Natural trusted brand.
360,BrandX Dashboard Cam Lite,brandx-dashboard-cam-lite-360,Automotive,High-quality BrandX Dashboard Cam Lite. Perfect for everyday use with premium features.,267.16,297.48,88,products/automotive_028.jpg,products/automotive_028_2.jpg,products/automotive_028_3.jpg,BrandX,AUT-BRA-00360,False,False,"BrandX Dashboard Cam Lite, Automotive, BrandX, quality",Buy BrandX Dashboard Cam Lite online. Best price. BrandX trusted brand.
361,Classic Steering Cover Plus,classic-steering-cover-plus-361,Automotive,High-quality Classic Steering Cover Plus. Perfect for everyday use with premium features.,432.56,485.42,96,products/automotive_029.jpg,products/automotive_029_2.jpg,products/automotive_029_3.jpg,Classic,AUT-CLA-00361,False,True,"Classic Steering Cover Plus, Automotive, Classic, quality",Buy Classic Steering Cover Plus online. Best price. Classic trusted brand.
362,Elite Dashboard Cam Standard,elite-dashboard-cam-standard-362,Automotive,High-quality Elite Dashboard Cam Standard. Perfect for everyday use with premium features.,199.39,260.2,31,products/automotive_030.jpg,products/automotive_030_2.jpg,products/automotive_030_3.jpg,Elite,AUT-ELI-00362,True,True,"Elite Dashboard Cam Standard, Automotive, Elite, quality",Buy Elite Dashboard Cam Standard online. Best price. Elite trusted brand.
363,Modern Phone Holder Pro,modern-phone-holder-pro-363,Automotive,High-quality Modern Phone Holder Pro. Perfect for everyday use with premium features.,339.35,393.88,62,products/automotive_031.jpg,products/automotive_031_2.jpg,products/automotive_031_3.jpg,Modern,AUT-MOD-00363,True,True,"Modern Phone Holder Pro, Automotive, Modern, quality",Buy Modern Phone Holder Pro online. Best price. Modern trusted brand.
364,Ultra Rake Lite,ultra-rake-lite-364,Garden,High-quality Ultra Rake Lite. Perfect for everyday use with premium features.,290.13,322.89,21,products/garden_001.jpg,products/garden_001_2.jpg,products/garden_001_3.jpg,Ultra,GAR-ULT-00364,True,True,"Ultra Rake Lite, Garden, Ultra, quality",Buy Ultra Rake Lite online. Best price. Ultra trusted brand.
365,Smart Plant Stand Pro,smart-plant-stand-pro-365,Garden,High-quality Smart Plant Stand Pro. Perfect for everyday use with premium features.,82.28,107.09,14,products/garden_002.jpg,products/garden_002_2.jpg,products/garden_002_3.jpg,Smart,GAR-SMA-00365,True,False,"Smart Plant Stand Pro, Garden, Smart, quality",Buy Smart Plant Stand Pro online. Best price. Smart trusted brand.
366,Elite Spade Premium,elite-spade-premium-366,Garden,High-quality Elite Spade Premium. Perfect for everyday use with premium features.,393.25,520.95,35,products/garden_003.jpg,products/garden_003_2.jpg,products/garden_003_3.jpg,Elite,GAR-ELI-00366,True,False,"Elite Spade Premium, Garden, Elite, quality",Buy Elite Spade Premium online. Best price. Elite trusted brand.
367,Ultra Pruning Shears Pro,ultra-pruning-shears-pro-367,Garden,High-quality Ultra Pruning Shears Pro. Perfect for everyday use with premium features.,186.88,259.35,21,products/garden_004.jpg,products/garden_004_2.jpg,products/garden_004_3.jpg,Ultra,GAR-ULT-00367,False,False,"Ultra Pruning Shears Pro, Garden, Ultra, quality",Buy Ultra Pruning Shears Pro online. Best price. Ultra trusted brand.
368,Smart Plant Stand Pro,smart-plant-stand-pro-368,Garden,High-quality Smart Plant Stand Pro. Perfect for everyday use with premium features.,30.04,40.8,4,products/garden_005.jpg,products/garden_005_2.jpg,products/garden_005_3.jpg,Smart,GAR-SMA-00368,False,False,"Smart Plant Stand Pro, Garden, Smart, quality",Buy Smart Plant Stand Pro online. Best price. Smart trusted brand.
369,Classic Compost Bin,classic-compost-bin-369,Garden,High-quality Classic Compost Bin. Perfect for everyday use with premium features.,490.33,699.73,66,products/garden_006.jpg,products/garden_006_2.jpg,products/garden_006_3.jpg,Classic,GAR-CLA-00369,False,False,"Classic Compost Bin, Garden, Classic, quality",Buy Classic Compost Bin online. Best price. Classic trusted brand.
370,BrandX Plant Pot Standard,brandx-plant-pot-standard-370,Garden,High-quality BrandX Plant Pot Standard. Perfect for everyday use with premium features.,44.11,59.76,77,products/garden_007.jpg,products/garden_007_2.jpg,products/garden_007_3.jpg,BrandX,GAR-BRA-00370,True,False,"BrandX Plant Pot Standard, Garden, BrandX, quality",Buy BrandX Plant Pot Standard online. Best price. BrandX trusted brand.
371,Organic Spade Lite,organic-spade-lite-371,Garden,High-quality Organic Spade Lite. Perfect for everyday use with premium features.,52.11,64.86,53,products/garden_008.jpg,products/garden_008_2.jpg,products/garden_008_3.jpg,Organic,GAR-ORG-00371,False,False,"Organic Spade Lite, Garden, Organic, quality",Buy Organic Spade Lite online. Best price. Organic trusted brand.
372,Ultra Rake Lite,ultra-rake-lite-372,Garden,High-quality Ultra Rake Lite. Perfect for everyday use with premium features.,24.16,33.83,56,products/garden_009.jpg,products/garden_009_2.jpg,products/garden_009_3.jpg,Ultra,GAR-ULT-00372,False,False,"Ultra Rake Lite, Garden, Ultra, quality",Buy Ultra Rake Lite online. Best price. Ultra trusted brand.
373,Ultra Seeds Pro,ultra-seeds-pro-373,Garden,High-quality Ultra Seeds Pro. Perfect for everyday use with premium features.,293.54,362.55,56,products/garden_010.jpg,products/garden_010_2.jpg,products/garden_010_3.jpg,Ultra,GAR-ULT-00373,False,False,"Ultra Seeds Pro, Garden, Ultra, quality",Buy Ultra Seeds Pro online. Best price. Ultra trusted brand.
374,Premium Spade Plus,premium-spade-plus-374,Garden,High-quality Premium Spade Plus. Perfect for everyday use with premium features.,412.66,535.36,67,products/garden_011.jpg,products/garden_011_2.jpg,products/garden_011_3.jpg,Premium,GAR-PRE-00374,True,False,"Premium Spade Plus, Garden, Premium, quality",Buy Premium Spade Plus online. Best price. Premium trusted brand.
375,ProMax Plant Pot Standard,promax-plant-pot-standard-375,Garden,High-quality ProMax Plant Pot Standard. Perfect for everyday use with premium features.,365.07,519.16,30,products/garden_012.jpg,products/garden_012_2.jpg,products/garden_012_3.jpg,ProMax,GAR-PRO-00375,False,False,"ProMax Plant Pot Standard, Garden, ProMax, quality",Buy ProMax Plant Pot Standard online. Best price. ProMax trusted brand.
376,Classic Watering Can Lite,classic-watering-can-lite-376,Garden,High-quality Classic Watering Can Lite. Perfect for everyday use with premium features.,287.76,349.91,69,products/garden_013.jpg,products/garden_013_2.jpg,products/garden_013_3.jpg,Classic,GAR-CLA-00376,True,False,"Classic Watering Can Lite, Garden, Classic, quality",Buy Classic Watering Can Lite online. Best price. Classic trusted brand.
377,Smart Rake,smart-rake-377,Garden,High-quality Smart Rake. Perfect for everyday use with premium features.,486.7,609.52,100,products/garden_014.jpg,products/garden_014_2.jpg,products/garden_014_3.jpg,Smart,GAR-SMA-00377,True,False,"Smart Rake, Garden, Smart, quality",Buy Smart Rake online. Best price. Smart trusted brand.
378,ProMax Plant Pot Pro,promax-plant-pot-pro-378,Garden,High-quality ProMax Plant Pot Pro. Perfect for everyday use with premium features.,474.07,563.9,72,products/garden_015.jpg,products/garden_015_2.jpg,products/garden_015_3.jpg,ProMax,GAR-PRO-00378,True,True,"ProMax Plant Pot Pro, Garden, ProMax, quality",Buy ProMax Plant Pot Pro online. Best price. ProMax trusted brand.
379,Elite Garden Tool Set Premium,elite-garden-tool-set-premium-379,Garden,High-quality Elite Garden Tool Set Premium. Perfect for everyday use with premium features.,319.65,467.25,99,products/garden_016.jpg,products/garden_016_2.jpg,products/garden_016_3.jpg,Elite,GAR-ELI-00379,False,True,"Elite Garden Tool Set Premium, Garden, Elite, quality",Buy Elite Garden Tool Set Premium online. Best price. Elite trusted brand.
380,Premium Watering Can Max,premium-watering-can-max-380,Garden,High-quality Premium Watering Can Max. Perfect for everyday use with premium features.,28.21,31.08,46,products/garden_017.jpg,products/garden_017_2.jpg,products/garden_017_3.jpg,Premium,GAR-PRE-00380,True,False,"Premium Watering Can Max, Garden, Premium, quality",Buy Premium Watering Can Max online. Best price. Premium trusted brand.
381,Natural Pruning Shears Max,natural-pruning-shears-max-381,Garden,High-quality Natural Pruning Shears Max. Perfect for everyday use with premium features.,211.05,247.39,81,products/garden_018.jpg,products/garden_018_2.jpg,products/garden_018_3.jpg,Natural,GAR-NAT-00381,True,False,"Natural Pruning Shears Max, Garden, Natural, quality",Buy Natural Pruning Shears Max online. Best price. Natural trusted brand.
382,Modern Gardening Gloves Pro,modern-gardening-gloves-pro-382,Garden,High-quality Modern Gardening Gloves Pro. Perfect for everyday use with premium features.,403.74,536.82,39,products/garden_019.jpg,products/garden_019_2.jpg,products/garden_019_3.jpg,Modern,GAR-MOD-00382,True,True,"Modern Gardening Gloves Pro, Garden, Modern, quality",Buy Modern Gardening Gloves Pro online. Best price. Modern trusted brand.
383,Smart Compost Bin Plus,smart-compost-bin-plus-383,Garden,High-quality Smart Compost Bin Plus. Perfect for everyday use with premium features.,271.37,383.72,56,products/garden_020.jpg,products/garden_020_2.jpg,products/garden_020_3.jpg,Smart,GAR-SMA-00383,True,False,"Smart Compost Bin Plus, Garden, Smart, quality",Buy Smart Compost Bin Plus online. Best price. Smart trusted brand.
384,Elite Plant Pot Standard,elite-plant-pot-standard-384,Garden,High-quality Elite Plant Pot Standard. Perfect for everyday use with premium features.,58.63,69.24,12,products/garden_021.jpg,products/garden_021_2.jpg,products/garden_021_3.jpg,Elite,GAR-ELI-00384,True,False,"Elite Plant Pot Standard, Garden, Elite, quality",Buy Elite Plant Pot Standard online. Best price. Elite trusted brand.
385,BrandX Plant Stand Standard,brandx-plant-stand-standard-385,Garden,High-quality BrandX Plant Stand Standard. Perfect for everyday use with premium features.,131.85,173.99,79,products/garden_022.jpg,products/garden_022_2.jpg,products/garden_022_3.jpg,BrandX,GAR-BRA-00385,True,False,"BrandX Plant Stand Standard, Garden, BrandX, quality",Buy BrandX Plant Stand Standard online. Best price. BrandX trusted brand.
386,Natural Garden Tool Set,natural-garden-tool-set-386,Garden,High-quality Natural Garden Tool Set. Perfect for everyday use with premium features.,71.99,86.53,22,products/garden_023.jpg,products/garden_023_2.jpg,products/garden_023_3.jpg,Natural,GAR-NAT-00386,False,False,"Natural Garden Tool Set, Garden, Natural, quality",Buy Natural Garden Tool Set online. Best price. Natural trusted brand.
387,ProMax Plant Stand Max,promax-plant-stand-max-387,Garden,High-quality ProMax Plant Stand Max. Perfect for everyday use with premium features.,221.65,258.83,63,products/garden_024.jpg,products/garden_024_2.jpg,products/garden_024_3.jpg,ProMax,GAR-PRO-00387,False,False,"ProMax Plant Stand Max, Garden, ProMax, quality",Buy ProMax Plant Stand Max online. Best price. ProMax trusted brand.
388,Natural Spade Pro,natural-spade-pro-388,Garden,High-quality Natural Spade Pro. Perfect for everyday use with premium features.,222.94,268.83,72,products/garden_025.jpg,products/garden_025_2.jpg,products/garden_025_3.jpg,Natural,GAR-NAT-00388,True,True,"Natural Spade Pro, Garden, Natural, quality",Buy Natural Spade Pro online. Best price. Natural trusted brand.
389,Elite Plant Stand Max,elite-plant-stand-max-389,Garden,High-quality Elite Plant Stand Max. Perfect for everyday use with premium features.,291.87,364.1,30,products/garden_026.jpg,products/garden_026_2.jpg,products/garden_026_3.jpg,Elite,GAR-ELI-00389,True,False,"Elite Plant Stand Max, Garden, Elite, quality",Buy Elite Plant Stand Max online. Best price. Elite trusted brand.
390,Organic Watering Can Max,organic-watering-can-max-390,Garden,High-quality Organic Watering Can Max. Perfect for everyday use with premium features.,280.7,420.53,69,products/garden_027.jpg,products/garden_027_2.jpg,products/garden_027_3.jpg,Organic,GAR-ORG-00390,False,True,"Organic Watering Can Max, Garden, Organic, quality",Buy Organic Watering Can Max online. Best price. Organic trusted brand.
391,Modern Spade Lite,modern-spade-lite-391,Garden,High-quality Modern Spade Lite. Perfect for everyday use with premium features.,255.54,318.0,55,products/garden_028.jpg,products/garden_028_2.jpg,products/garden_028_3.jpg,Modern,GAR-MOD-00391,False,True,"Modern Spade Lite, Garden, Modern, quality",Buy Modern Spade Lite online. Best price. Modern trusted brand.
392,Smart Spade Max,smart-spade-max-392,Garden,High-quality Smart Spade Max. Perfect for everyday use with premium features.,314.28,426.46,79,products/garden_029.jpg,products/garden_029_2.jpg,products/garden_029_3.jpg,Smart,GAR-SMA-00392,False,False,"Smart Spade Max, Garden, Smart, quality",Buy Smart Spade Max online. Best price. Smart trusted brand.
393,Natural Rake Pro,natural-rake-pro-393,Garden,High-quality Natural Rake Pro. Perfect for everyday use with premium features.,126.32,165.9,62,products/garden_030.jpg,products/garden_030_2.jpg,products/garden_030_3.jpg,Natural,GAR-NAT-00393,True,False,"Natural Rake Pro, Garden, Natural, quality",Buy Natural Rake Pro online. Best price. Natural trusted brand.
394,ProMax Gardening Gloves Premium,promax-gardening-gloves-premium-394,Garden,High-quality ProMax Gardening Gloves Premium. Perfect for everyday use with premium features.,113.82,145.82,98,products/garden_031.jpg,products/garden_031_2.jpg,products/garden_031_3.jpg,ProMax,GAR-PRO-00394,False,False,"ProMax Gardening Gloves Premium, Garden, ProMax, quality",Buy ProMax Gardening Gloves Premium online. Best price. ProMax trusted brand.
395,BrandX Pruning Shears Lite,brandx-pruning-shears-lite-395,Garden,High-quality BrandX Pruning Shears Lite. Perfect for everyday use with premium features.,200.39,236.04,89,products/garden_032.jpg,products/garden_032_2.jpg,products/garden_032_3.jpg,BrandX,GAR-BRA-00395,False,False,"BrandX Pruning Shears Lite, Garden, BrandX, quality",Buy BrandX Pruning Shears Lite online. Best price. BrandX trusted brand.
396,Natural Garden Tool Set Plus,natural-garden-tool-set-plus-396,Garden,High-quality Natural Garden Tool Set Plus. Perfect for everyday use with premium features.,418.65,461.46,0,products/garden_033.jpg,products/garden_033_2.jpg,products/garden_033_3.jpg,Natural,GAR-NAT-00396,True,False,"Natural Garden Tool Set Plus, Garden, Natural, quality",Buy Natural Garden Tool Set Plus online. Best price. Natural trusted brand.
397,Elite Markers Lite,elite-markers-lite-397,Office Supplies,High-quality Elite Markers Lite. Perfect for everyday use with premium features.,10.81,12.39,23,products/office_supplies_001.jpg,products/office_supplies_001_2.jpg,products/office_supplies_001_3.jpg,Elite,OFF-ELI-00397,False,True,"Elite Markers Lite, Office Supplies, Elite, quality",Buy Elite Markers Lite online. Best price. Elite trusted brand.
398,Smart Paper Clips Premium,smart-paper-clips-premium-398,Office Supplies,High-quality Smart Paper Clips Premium. Perfect for everyday use with premium features.,274.83,310.49,11,products/office_supplies_002.jpg,products/office_supplies_002_2.jpg,products/office_supplies_002_3.jpg,Smart,OFF-SMA-00398,False,False,"Smart Paper Clips Premium, Office Supplies, Smart, quality",Buy Smart Paper Clips Premium online. Best price. Smart trusted brand.
399,Classic Stapler Lite,classic-stapler-lite-399,Office Supplies,High-quality Classic Stapler Lite. Perfect for everyday use with premium features.,18.93,27.94,22,products/office_supplies_003.jpg,products/office_supplies_003_2.jpg,products/office_supplies_003_3.jpg,Classic,OFF-CLA-00399,True,True,"Classic Stapler Lite, Office Supplies, Classic, quality",Buy Classic Stapler Lite online. Best price. Classic trusted brand.
400,Smart Pencil Max,smart-pencil-max-400,Office Supplies,High-quality Smart Pencil Max. Perfect for everyday use with premium features.,150.91,175.18,75,products/office_supplies_004.jpg,products/office_supplies_004_2.jpg,products/office_supplies_004_3.jpg,Smart,OFF-SMA-00400,True,True,"Smart Pencil Max, Office Supplies, Smart, quality",Buy Smart Pencil Max online. Best price. Smart trusted brand.
401,ProMax Notebook,promax-notebook-401,Office Supplies,High-quality ProMax Notebook. Perfect for everyday use with premium features.,442.16,649.65,86,products/office_supplies_005.jpg,products/office_supplies_005_2.jpg,products/office_supplies_005_3.jpg,ProMax,OFF-PRO-00401,True,False,"ProMax Notebook, Office Supplies, ProMax, quality",Buy ProMax Notebook online. Best price. ProMax trusted brand.
402,Ultra Pencil Premium,ultra-pencil-premium-402,Office Supplies,High-quality Ultra Pencil Premium. Perfect for everyday use with premium features.,481.25,717.9,19,products/office_supplies_006.jpg,products/office_supplies_006_2.jpg,products/office_supplies_006_3.jpg,Ultra,OFF-ULT-00402,False,False,"Ultra Pencil Premium, Office Supplies, Ultra, quality",Buy Ultra Pencil Premium online. Best price. Ultra trusted brand.
403,ProMax Desk Organizer Standard,promax-desk-organizer-standard-403,Office Supplies,High-quality ProMax Desk Organizer Standard. Perfect for everyday use with premium features.,171.01,235.97,47,products/office_supplies_007.jpg,products/office_supplies_007_2.jpg,products/office_supplies_007_3.jpg,ProMax,OFF-PRO-00403,False,True,"ProMax Desk Organizer Standard, Office Supplies, ProMax, quality",Buy ProMax Desk Organizer Standard online. Best price. ProMax trusted brand.
404,BrandX Tape Plus,brandx-tape-plus-404,Office Supplies,High-quality BrandX Tape Plus. Perfect for everyday use with premium features.,364.39,443.15,94,products/office_supplies_008.jpg,products/office_supplies_008_2.jpg,products/office_supplies_008_3.jpg,BrandX,OFF-BRA-00404,False,True,"BrandX Tape Plus, Office Supplies, BrandX, quality",Buy BrandX Tape Plus online. Best price. BrandX trusted brand.
405,Modern Pencil Max,modern-pencil-max-405,Office Supplies,High-quality Modern Pencil Max. Perfect for everyday use with premium features.,206.76,307.13,60,products/office_supplies_009.jpg,products/office_supplies_009_2.jpg,products/office_supplies_009_3.jpg,Modern,OFF-MOD-00405,True,False,"Modern Pencil Max, Office Supplies, Modern, quality",Buy Modern Pencil Max online. Best price. Modern trusted brand.
406,Ultra Folder Max,ultra-folder-max-406,Office Supplies,High-quality Ultra Folder Max. Perfect for everyday use with premium features.,243.75,273.66,91,products/office_supplies_010.jpg,products/office_supplies_010_2.jpg,products/office_supplies_010_3.jpg,Ultra,OFF-ULT-00406,True,False,"Ultra Folder Max, Office Supplies, Ultra, quality",Buy Ultra Folder Max online. Best price. Ultra trusted brand.
407,Modern File Organizer Lite,modern-file-organizer-lite-407,Office Supplies,High-quality Modern File Organizer Lite. Perfect for everyday use with premium features.,485.7,628.12,9,products/office_supplies_011.jpg,products/office_supplies_011_2.jpg,products/office_supplies_011_3.jpg,Modern,OFF-MOD-00407,False,False,"Modern File Organizer Lite, Office Supplies, Modern, quality",Buy Modern File Organizer Lite online. Best price. Modern trusted brand.
408,Classic Pencil Lite,classic-pencil-lite-408,Office Supplies,High-quality Classic Pencil Lite. Perfect for everyday use with premium features.,422.97,575.27,63,products/office_supplies_012.jpg,products/office_supplies_012_2.jpg,products/office_supplies_012_3.jpg,Classic,OFF-CLA-00408,True,False,"Classic Pencil Lite, Office Supplies, Classic, quality",Buy Classic Pencil Lite online. Best price. Classic trusted brand.
409,Natural File Organizer Standard,natural-file-organizer-standard-409,Office Supplies,High-quality Natural File Organizer Standard. Perfect for everyday use with premium features.,488.22,710.1,4,products/office_supplies_013.jpg,products/office_supplies_013_2.jpg,products/office_supplies_013_3.jpg,Natural,OFF-NAT-00409,True,False,"Natural File Organizer Standard, Office Supplies, Natural, quality",Buy Natural File Organizer Standard online. Best price. Natural trusted brand.
410,ProMax Markers Max,promax-markers-max-410,Office Supplies,High-quality ProMax Markers Max. Perfect for everyday use with premium features.,208.31,295.92,32,products/office_supplies_014.jpg,products/office_supplies_014_2.jpg,products/office_supplies_014_3.jpg,ProMax,OFF-PRO-00410,True,False,"ProMax Markers Max, Office Supplies, ProMax, quality",Buy ProMax Markers Max online. Best price. ProMax trusted brand.
411,Premium Tape Premium,premium-tape-premium-411,Office Supplies,High-quality Premium Tape Premium. Perfect for everyday use with premium features.,326.82,477.21,15,products/office_supplies_015.jpg,products/office_supplies_015_2.jpg,products/office_supplies_015_3.jpg,Premium,OFF-PRE-00411,True,False,"Premium Tape Premium, Office Supplies, Premium, quality",Buy Premium Tape Premium online. Best price. Premium trusted brand.
412,Natural Paper Clips Standard,natural-paper-clips-standard-412,Office Supplies,High-quality Natural Paper Clips Standard. Perfect for everyday use with premium features.,429.07,582.68,83,products/office_supplies_016.jpg,products/office_supplies_016_2.jpg,products/office_supplies_016_3.jpg,Natural,OFF-NAT-00412,True,False,"Natural Paper Clips Standard, Office Supplies, Natural, quality",Buy Natural Paper Clips Standard online. Best price. Natural trusted brand.
413,Premium Pen Set Plus,premium-pen-set-plus-413,Office Supplies,High-quality Premium Pen Set Plus. Perfect for everyday use with premium features.,412.59,600.75,29,products/office_supplies_017.jpg,products/office_supplies_017_2.jpg,products/office_supplies_017_3.jpg,Premium,OFF-PRE-00413,True,False,"Premium Pen Set Plus, Office Supplies, Premium, quality",Buy Premium Pen Set Plus online. Best price. Premium trusted brand.
414,Organic Notebook Pro,organic-notebook-pro-414,Office Supplies,High-quality Organic Notebook Pro. Perfect for everyday use with premium features.,436.43,643.83,62,products/office_supplies_018.jpg,products/office_supplies_018_2.jpg,products/office_supplies_018_3.jpg,Organic,OFF-ORG-00414,True,False,"Organic Notebook Pro, Office Supplies, Organic, quality",Buy Organic Notebook Pro online. Best price. Organic trusted brand.
415,Modern Pen Set Standard,modern-pen-set-standard-415,Office Supplies,High-quality Modern Pen Set Standard. Perfect for everyday use with premium features.,11.13,15.51,22,products/office_supplies_019.jpg,products/office_supplies_019_2.jpg,products/office_supplies_019_3.jpg,Modern,OFF-MOD-00415,False,False,"Modern Pen Set Standard, Office Supplies, Modern, quality",Buy Modern Pen Set Standard online. Best price. Modern trusted brand.
416,Modern Stapler Premium,modern-stapler-premium-416,Office Supplies,High-quality Modern Stapler Premium. Perfect for everyday use with premium features.,166.8,222.67,40,products/office_supplies_020.jpg,products/office_supplies_020_2.jpg,products/office_supplies_020_3.jpg,Modern,OFF-MOD-00416,False,False,"Modern Stapler Premium, Office Supplies, Modern, quality",Buy Modern Stapler Premium online. Best price. Modern trusted brand.
417,Ultra Folder Standard,ultra-folder-standard-417,Office Supplies,High-quality Ultra Folder Standard. Perfect for everyday use with premium features.,230.18,273.68,80,products/office_supplies_021.jpg,products/office_supplies_021_2.jpg,products/office_supplies_021_3.jpg,Ultra,OFF-ULT-00417,True,False,"Ultra Folder Standard, Office Supplies, Ultra, quality",Buy Ultra Folder Standard online. Best price. Ultra trusted brand.
418,ProMax Desk Organizer Premium,promax-desk-organizer-premium-418,Office Supplies,High-quality ProMax Desk Organizer Premium. Perfect for everyday use with premium features.,446.73,548.2,58,products/office_supplies_022.jpg,products/office_supplies_022_2.jpg,products/office_supplies_022_3.jpg,ProMax,OFF-PRO-00418,True,False,"ProMax Desk Organizer Premium, Office Supplies, ProMax, quality",Buy ProMax Desk Organizer Premium online. Best price. ProMax trusted brand.
419,Organic Tape Lite,organic-tape-lite-419,Office Supplies,High-quality Organic Tape Lite. Perfect for everyday use with premium features.,414.15,521.25,5,products/office_supplies_023.jpg,products/office_supplies_023_2.jpg,products/office_supplies_023_3.jpg,Organic,OFF-ORG-00419,True,False,"Organic Tape Lite, Office Supplies, Organic, quality",Buy Organic Tape Lite online. Best price. Organic trusted brand.
420,Classic Pencil Pro,classic-pencil-pro-420,Office Supplies,High-quality Classic Pencil Pro. Perfect for everyday use with premium features.,57.46,65.21,93,products/office_supplies_024.jpg,products/office_supplies_024_2.jpg,products/office_supplies_024_3.jpg,Classic,OFF-CLA-00420,False,True,"Classic Pencil Pro, Office Supplies, Classic, quality",Buy Classic Pencil Pro online. Best price. Classic trusted brand.
421,Classic Stapler Max,classic-stapler-max-421,Office Supplies,High-quality Classic Stapler Max. Perfect for everyday use with premium features.,216.26,271.86,56,products/office_supplies_025.jpg,products/office_supplies_025_2.jpg,products/office_supplies_025_3.jpg,Classic,OFF-CLA-00421,True,False,"Classic Stapler Max, Office Supplies, Classic, quality",Buy Classic Stapler Max online. Best price. Classic trusted brand.
422,BrandX File Organizer,brandx-file-organizer-422,Office Supplies,High-quality BrandX File Organizer. Perfect for everyday use with premium features.,318.85,431.21,60,products/office_supplies_026.jpg,products/office_supplies_026_2.jpg,products/office_supplies_026_3.jpg,BrandX,OFF-BRA-00422,True,False,"BrandX File Organizer, Office Supplies, BrandX, quality",Buy BrandX File Organizer online. Best price. BrandX trusted brand.
423,Modern Paper Clips,modern-paper-clips-423,Office Supplies,High-quality Modern Paper Clips. Perfect for everyday use with premium features.,401.01,492.75,42,products/office_supplies_027.jpg,products/office_supplies_027_2.jpg,products/office_supplies_027_3.jpg,Modern,OFF-MOD-00423,True,False,"Modern Paper Clips, Office Supplies, Modern, quality",Buy Modern Paper Clips online. Best price. Modern trusted brand.
424,Elite File Organizer Lite,elite-file-organizer-lite-424,Office Supplies,High-quality Elite File Organizer Lite. Perfect for everyday use with premium features.,249.65,332.06,55,products/office_supplies_028.jpg,products/office_supplies_028_2.jpg,products/office_supplies_028_3.jpg,Elite,OFF-ELI-00424,True,False,"Elite File Organizer Lite, Office Supplies, Elite, quality",Buy Elite File Organizer Lite online. Best price. Elite trusted brand.
425,Classic Tape Standard,classic-tape-standard-425,Office Supplies,High-quality Classic Tape Standard. Perfect for everyday use with premium features.,129.69,173.26,55,products/office_supplies_029.jpg,products/office_supplies_029_2.jpg,products/office_supplies_029_3.jpg,Classic,OFF-CLA-00425,True,False,"Classic Tape Standard, Office Supplies, Classic, quality",Buy Classic Tape Standard online. Best price. Classic trusted brand.
426,Natural File Organizer Premium,natural-file-organizer-premium-426,Office Supplies,High-quality Natural File Organizer Premium. Perfect for everyday use with premium features.,497.16,581.83,61,products/office_supplies_030.jpg,products/office_supplies_030_2.jpg,products/office_supplies_030_3.jpg,Natural,OFF-NAT-00426,True,True,"Natural File Organizer Premium, Office Supplies, Natural, quality",Buy Natural File Organizer Premium online. Best price. Natural trusted brand.
427,Premium Tape Pro,premium-tape-pro-427,Office Supplies,High-quality Premium Tape Pro. Perfect for everyday use with premium features.,155.47,203.06,99,products/office_supplies_031.jpg,products/office_supplies_031_2.jpg,products/office_supplies_031_3.jpg,Premium,OFF-PRE-00427,True,False,"Premium Tape Pro, Office Supplies, Premium, quality",Buy Premium Tape Pro online. Best price. Premium trusted brand.
428,BrandX Pencil Max,brandx-pencil-max-428,Office Supplies,High-quality BrandX Pencil Max. Perfect for everyday use with premium features.,231.58,293.75,52,products/office_supplies_032.jpg,products/office_supplies_032_2.jpg,products/office_supplies_032_3.jpg,BrandX,OFF-BRA-00428,True,True,"BrandX Pencil Max, Office Supplies, BrandX, quality",Buy BrandX Pencil Max online. Best price. BrandX trusted brand.
429,Smart Markers Plus,smart-markers-plus-429,Office Supplies,High-quality Smart Markers Plus. Perfect for everyday use with premium features.,134.88,155.93,0,products/office_supplies_033.jpg,products/office_supplies_033_2.jpg,products/office_supplies_033_3.jpg,Smart,OFF-SMA-00429,False,False,"Smart Markers Plus, Office Supplies, Smart, quality",Buy Smart Markers Plus online. Best price. Smart trusted brand.
430,Modern Pet Bed,modern-pet-bed-430,Pet Supplies,High-quality Modern Pet Bed. Perfect for everyday use with premium features.,293.6,405.43,45,products/pet_supplies_001.jpg,products/pet_supplies_001_2.jpg,products/pet_supplies_001_3.jpg,Modern,PET-MOD-00430,True,False,"Modern Pet Bed, Pet Supplies, Modern, quality",Buy Modern Pet Bed online. Best price. Modern trusted brand.
431,Premium Brush,premium-brush-431,Pet Supplies,High-quality Premium Brush. Perfect for everyday use with premium features.,60.14,71.25,29,products/pet_supplies_002.jpg,products/pet_supplies_002_2.jpg,products/pet_supplies_002_3.jpg,Premium,PET-PRE-00431,True,False,"Premium Brush, Pet Supplies, Premium, quality",Buy Premium Brush online. Best price. Premium trusted brand.
432,ProMax Water Bowl Pro,promax-water-bowl-pro-432,Pet Supplies,High-quality ProMax Water Bowl Pro. Perfect for everyday use with premium features.,13.64,17.76,75,products/pet_supplies_003.jpg,products/pet_supplies_003_2.jpg,products/pet_supplies_003_3.jpg,ProMax,PET-PRO-00432,True,False,"ProMax Water Bowl Pro, Pet Supplies, ProMax, quality",Buy ProMax Water Bowl Pro online. Best price. ProMax trusted brand.
433,Smart Cat Food Premium,smart-cat-food-premium-433,Pet Supplies,High-quality Smart Cat Food Premium. Perfect for everyday use with premium features.,160.38,236.31,17,products/pet_supplies_004.jpg,products/pet_supplies_004_2.jpg,products/pet_supplies_004_3.jpg,Smart,PET-SMA-00433,False,False,"Smart Cat Food Premium, Pet Supplies, Smart, quality",Buy Smart Cat Food Premium online. Best price. Smart trusted brand.
434,Premium Brush Standard,premium-brush-standard-434,Pet Supplies,High-quality Premium Brush Standard. Perfect for everyday use with premium features.,181.0,248.91,2,products/pet_supplies_005.jpg,products/pet_supplies_005_2.jpg,products/pet_supplies_005_3.jpg,Premium,PET-PRE-00434,True,False,"Premium Brush Standard, Pet Supplies, Premium, quality",Buy Premium Brush Standard online. Best price. Premium trusted brand.
435,Modern Leash Lite,modern-leash-lite-435,Pet Supplies,High-quality Modern Leash Lite. Perfect for everyday use with premium features.,254.39,335.34,38,products/pet_supplies_006.jpg,products/pet_supplies_006_2.jpg,products/pet_supplies_006_3.jpg,Modern,PET-MOD-00435,False,True,"Modern Leash Lite, Pet Supplies, Modern, quality",Buy Modern Leash Lite online. Best price. Modern trusted brand.
436,Ultra Toy Ball Standard,ultra-toy-ball-standard-436,Pet Supplies,High-quality Ultra Toy Ball Standard. Perfect for everyday use with premium features.,210.63,275.4,19,products/pet_supplies_007.jpg,products/pet_supplies_007_2.jpg,products/pet_supplies_007_3.jpg,Ultra,PET-ULT-00436,True,True,"Ultra Toy Ball Standard, Pet Supplies, Ultra, quality",Buy Ultra Toy Ball Standard online. Best price. Ultra trusted brand.
437,Natural Toy Ball,natural-toy-ball-437,Pet Supplies,High-quality Natural Toy Ball. Perfect for everyday use with premium features.,124.01,162.93,81,products/pet_supplies_008.jpg,products/pet_supplies_008_2.jpg,products/pet_supplies_008_3.jpg,Natural,PET-NAT-00437,True,False,"Natural Toy Ball, Pet Supplies, Natural, quality",Buy Natural Toy Ball online. Best price. Natural trusted brand.
438,Natural Leash,natural-leash-438,Pet Supplies,High-quality Natural Leash. Perfect for everyday use with premium features.,24.71,28.28,23,products/pet_supplies_009.jpg,products/pet_supplies_009_2.jpg,products/pet_supplies_009_3.jpg,Natural,PET-NAT-00438,True,False,"Natural Leash, Pet Supplies, Natural, quality",Buy Natural Leash online. Best price. Natural trusted brand.
439,BrandX Leash Standard,brandx-leash-standard-439,Pet Supplies,High-quality BrandX Leash Standard. Perfect for everyday use with premium features.,428.22,594.93,90,products/pet_supplies_010.jpg,products/pet_supplies_010_2.jpg,products/pet_supplies_010_3.jpg,BrandX,PET-BRA-00439,True,False,"BrandX Leash Standard, Pet Supplies, BrandX, quality",Buy BrandX Leash Standard online. Best price. BrandX trusted brand.
440,Classic Treats Max,classic-treats-max-440,Pet Supplies,High-quality Classic Treats Max. Perfect for everyday use with premium features.,330.55,365.71,15,products/pet_supplies_011.jpg,products/pet_supplies_011_2.jpg,products/pet_supplies_011_3.jpg,Classic,PET-CLA-00440,False,False,"Classic Treats Max, Pet Supplies, Classic, quality",Buy Classic Treats Max online. Best price. Classic trusted brand.
441,ProMax Food Bowl Standard,promax-food-bowl-standard-441,Pet Supplies,High-quality ProMax Food Bowl Standard. Perfect for everyday use with premium features.,310.37,354.6,22,products/pet_supplies_012.jpg,products/pet_supplies_012_2.jpg,products/pet_supplies_012_3.jpg,ProMax,PET-PRO-00441,True,False,"ProMax Food Bowl Standard, Pet Supplies, ProMax, quality",Buy ProMax Food Bowl Standard online. Best price. ProMax trusted brand.
442,Natural Food Bowl Lite,natural-food-bowl-lite-442,Pet Supplies,High-quality Natural Food Bowl Lite. Perfect for everyday use with premium features.,162.76,215.59,3,products/pet_supplies_013.jpg,products/pet_supplies_013_2.jpg,products/pet_supplies_013_3.jpg,Natural,PET-NAT-00442,True,False,"Natural Food Bowl Lite, Pet Supplies, Natural, quality",Buy Natural Food Bowl Lite online. Best price. Natural trusted brand.
443,Ultra Dog Food Standard,ultra-dog-food-standard-443,Pet Supplies,High-quality Ultra Dog Food Standard. Perfect for everyday use with premium features.,413.93,606.59,68,products/pet_supplies_014.jpg,products/pet_supplies_014_2.jpg,products/pet_supplies_014_3.jpg,Ultra,PET-ULT-00443,True,False,"Ultra Dog Food Standard, Pet Supplies, Ultra, quality",Buy Ultra Dog Food Standard online. Best price. Ultra trusted brand.
444,Modern Leash Premium,modern-leash-premium-444,Pet Supplies,High-quality Modern Leash Premium. Perfect for everyday use with premium features.,99.68,112.56,50,products/pet_supplies_015.jpg,products/pet_supplies_015_2.jpg,products/pet_supplies_015_3.jpg,Modern,PET-MOD-00444,True,False,"Modern Leash Premium, Pet Supplies, Modern, quality",Buy Modern Leash Premium online. Best price. Modern trusted brand.
445,Elite Toy Ball Premium,elite-toy-ball-premium-445,Pet Supplies,High-quality Elite Toy Ball Premium. Perfect for everyday use with premium features.,474.21,589.58,43,products/pet_supplies_016.jpg,products/pet_supplies_016_2.jpg,products/pet_supplies_016_3.jpg,Elite,PET-ELI-00445,True,True,"Elite Toy Ball Premium, Pet Supplies, Elite, quality",Buy Elite Toy Ball Premium online. Best price. Elite trusted brand.
446,Elite Pet Shampoo Premium,elite-pet-shampoo-premium-446,Pet Supplies,High-quality Elite Pet Shampoo Premium. Perfect for everyday use with premium features.,92.1,125.1,81,products/pet_supplies_017.jpg,products/pet_supplies_017_2.jpg,products/pet_supplies_017_3.jpg,Elite,PET-ELI-00446,True,False,"Elite Pet Shampoo Premium, Pet Supplies, Elite, quality",Buy Elite Pet Shampoo Premium online. Best price. Elite trusted brand.
447,Natural Treats Lite,natural-treats-lite-447,Pet Supplies,High-quality Natural Treats Lite. Perfect for everyday use with premium features.,121.44,171.52,54,products/pet_supplies_018.jpg,products/pet_supplies_018_2.jpg,products/pet_supplies_018_3.jpg,Natural,PET-NAT-00447,True,False,"Natural Treats Lite, Pet Supplies, Natural, quality",Buy Natural Treats Lite online. Best price. Natural trusted brand.
448,Natural Cat Food Lite,natural-cat-food-lite-448,Pet Supplies,High-quality Natural Cat Food Lite. Perfect for everyday use with premium features.,272.06,332.86,33,products/pet_supplies_019.jpg,products/pet_supplies_019_2.jpg,products/pet_supplies_019_3.jpg,Natural,PET-NAT-00448,False,True,"Natural Cat Food Lite, Pet Supplies, Natural, quality",Buy Natural Cat Food Lite online. Best price. Natural trusted brand.
449,BrandX Pet Shampoo Premium,brandx-pet-shampoo-premium-449,Pet Supplies,High-quality BrandX Pet Shampoo Premium. Perfect for everyday use with premium features.,180.45,204.28,98,products/pet_supplies_020.jpg,products/pet_supplies_020_2.jpg,products/pet_supplies_020_3.jpg,BrandX,PET-BRA-00449,True,False,"BrandX Pet Shampoo Premium, Pet Supplies, BrandX, quality",Buy BrandX Pet Shampoo Premium online. Best price. BrandX trusted brand.
450,Ultra Leash Premium,ultra-leash-premium-450,Pet Supplies,High-quality Ultra Leash Premium. Perfect for everyday use with premium features.,234.47,319.5,0,products/pet_supplies_021.jpg,products/pet_supplies_021_2.jpg,products/pet_supplies_021_3.jpg,Ultra,PET-ULT-00450,True,True,"Ultra Leash Premium, Pet Supplies, Ultra, quality",Buy Ultra Leash Premium online. Best price. Ultra trusted brand.
451,ProMax Brush Plus,promax-brush-plus-451,Pet Supplies,High-quality ProMax Brush Plus. Perfect for everyday use with premium features.,234.02,347.56,89,products/pet_supplies_022.jpg,products/pet_supplies_022_2.jpg,products/pet_supplies_022_3.jpg,ProMax,PET-PRO-00451,True,False,"ProMax Brush Plus, Pet Supplies, ProMax, quality",Buy ProMax Brush Plus online. Best price. ProMax trusted brand.
452,Elite Cat Food Plus,elite-cat-food-plus-452,Pet Supplies,High-quality Elite Cat Food Plus. Perfect for everyday use with premium features.,154.91,222.2,15,products/pet_supplies_023.jpg,products/pet_supplies_023_2.jpg,products/pet_supplies_023_3.jpg,Elite,PET-ELI-00452,True,False,"Elite Cat Food Plus, Pet Supplies, Elite, quality",Buy Elite Cat Food Plus online. Best price. Elite trusted brand.
453,BrandX Brush Premium,brandx-brush-premium-453,Pet Supplies,High-quality BrandX Brush Premium. Perfect for everyday use with premium features.,453.82,616.54,53,products/pet_supplies_024.jpg,products/pet_supplies_024_2.jpg,products/pet_supplies_024_3.jpg,BrandX,PET-BRA-00453,True,False,"BrandX Brush Premium, Pet Supplies, BrandX, quality",Buy BrandX Brush Premium online. Best price. BrandX trusted brand.
454,Natural Dog Food Plus,natural-dog-food-plus-454,Pet Supplies,High-quality Natural Dog Food Plus. Perfect for everyday use with premium features.,441.02,585.43,80,products/pet_supplies_025.jpg,products/pet_supplies_025_2.jpg,products/pet_supplies_025_3.jpg,Natural,PET-NAT-00454,True,False,"Natural Dog Food Plus, Pet Supplies, Natural, quality",Buy Natural Dog Food Plus online. Best price. Natural trusted brand.
455,Classic Brush Lite,classic-brush-lite-455,Pet Supplies,High-quality Classic Brush Lite. Perfect for everyday use with premium features.,476.59,639.63,76,products/pet_supplies_026.jpg,products/pet_supplies_026_2.jpg,products/pet_supplies_026_3.jpg,Classic,PET-CLA-00455,True,False,"Classic Brush Lite, Pet Supplies, Classic, quality",Buy Classic Brush Lite online. Best price. Classic trusted brand.
456,Organic Pet Shampoo,organic-pet-shampoo-456,Pet Supplies,High-quality Organic Pet Shampoo. Perfect for everyday use with premium features.,166.21,186.59,37,products/pet_supplies_027.jpg,products/pet_supplies_027_2.jpg,products/pet_supplies_027_3.jpg,Organic,PET-ORG-00456,True,False,"Organic Pet Shampoo, Pet Supplies, Organic, quality",Buy Organic Pet Shampoo online. Best price. Organic trusted brand.
457,Classic Water Bowl,classic-water-bowl-457,Pet Supplies,High-quality Classic Water Bowl. Perfect for everyday use with premium features.,437.49,531.59,50,products/pet_supplies_028.jpg,products/pet_supplies_028_2.jpg,products/pet_supplies_028_3.jpg,Classic,PET-CLA-00457,True,False,"Classic Water Bowl, Pet Supplies, Classic, quality",Buy Classic Water Bowl online. Best price. Classic trusted brand.
458,Natural Cat Food Max,natural-cat-food-max-458,Pet Supplies,High-quality Natural Cat Food Max. Perfect for everyday use with premium features.,465.23,576.07,78,products/pet_supplies_029.jpg,products/pet_supplies_029_2.jpg,products/pet_supplies_029_3.jpg,Natural,PET-NAT-00458,True,False,"Natural Cat Food Max, Pet Supplies, Natural, quality",Buy Natural Cat Food Max online. Best price. Natural trusted brand.
459,Classic Collar Lite,classic-collar-lite-459,Pet Supplies,High-quality Classic Collar Lite. Perfect for everyday use with premium features.,483.89,714.32,48,products/pet_supplies_030.jpg,products/pet_supplies_030_2.jpg,products/pet_supplies_030_3.jpg,Classic,PET-CLA-00459,True,False,"Classic Collar Lite, Pet Supplies, Classic, quality",Buy Classic Collar Lite online. Best price. Classic trusted brand.
461,Smart Treats Max,smart-treats-max-461,Pet Supplies,High-quality Smart Treats Max. Perfect for everyday use with premium features.,487.51,560.35,23,products/pet_supplies_031.jpg,products/pet_supplies_031_2.jpg,products/pet_supplies_031_3.jpg,Smart,PET-SMA-00461,True,False,"Smart Treats Max, Pet Supplies, Smart, quality",Buy Smart Treats Max online. Best price. Smart trusted brand.
462,Natural Pet Shampoo Standard,natural-pet-shampoo-standard-462,Pet Supplies,High-quality Natural Pet Shampoo Standard. Perfect for everyday use with premium features.,341.48,447.42,3,products/pet_supplies_032.jpg,products/pet_supplies_032_2.jpg,products/pet_supplies_032_3.jpg,Natural,PET-NAT-00462,True,True,"Natural Pet Shampoo Standard, Pet Supplies, Natural, quality",Buy Natural Pet Shampoo Standard online. Best price. Natural trusted brand.
463,Natural Hat Pro,natural-hat-pro-463,Fashion,High-quality Natural Hat Pro. Perfect for everyday use with premium features.,330.58,377.75,76,products/fashion_001.jpg,products/fashion_001_2.jpg,products/fashion_001_3.jpg,Natural,FAS-NAT-00463,True,False,"Natural Hat Pro, Fashion, Natural, quality",Buy Natural Hat Pro online. Best price. Natural trusted brand.
464,Premium Socks Premium,premium-socks-premium-464,Fashion,High-quality Premium Socks Premium. Perfect for everyday use with premium features.,152.09,188.63,66,products/fashion_002.jpg,products/fashion_002_2.jpg,products/fashion_002_3.jpg,Premium,FAS-PRE-00464,False,False,"Premium Socks Premium, Fashion, Premium, quality",Buy Premium Socks Premium online. Best price. Premium trusted brand.
466,Smart Gloves Standard,smart-gloves-standard-466,Fashion,High-quality Smart Gloves Standard. Perfect for everyday use with premium features.,20.66,30.19,41,products/fashion_003.jpg,products/fashion_003_2.jpg,products/fashion_003_3.jpg,Smart,FAS-SMA-00466,False,False,"Smart Gloves Standard, Fashion, Smart, quality",Buy Smart Gloves Standard online. Best price. Smart trusted brand.
467,Ultra Hat Max,ultra-hat-max-467,Fashion,High-quality Ultra Hat Max. Perfect for everyday use with premium features.,293.7,370.45,76,products/fashion_004.jpg,products/fashion_004_2.jpg,products/fashion_004_3.jpg,Ultra,FAS-ULT-00467,True,False,"Ultra Hat Max, Fashion, Ultra, quality",Buy Ultra Hat Max online. Best price. Ultra trusted brand.
468,Classic Scarf Max,classic-scarf-max-468,Fashion,High-quality Classic Scarf Max. Perfect for everyday use with premium features.,305.58,372.35,85,products/fashion_005.jpg,products/fashion_005_2.jpg,products/fashion_005_3.jpg,Classic,FAS-CLA-00468,False,False,"Classic Scarf Max, Fashion, Classic, quality",Buy Classic Scarf Max online. Best price. Classic trusted brand.
469,Premium Gloves Premium,premium-gloves-premium-469,Fashion,High-quality Premium Gloves Premium. Perfect for everyday use with premium features.,472.93,626.01,28,products/fashion_006.jpg,products/fashion_006_2.jpg,products/fashion_006_3.jpg,Premium,FAS-PRE-00469,False,False,"Premium Gloves Premium, Fashion, Premium, quality",Buy Premium Gloves Premium online. Best price. Premium trusted brand.
470,ProMax Formal Shoes Premium,promax-formal-shoes-premium-470,Fashion,High-quality ProMax Formal Shoes Premium. Perfect for everyday use with premium features.,458.51,582.79,54,products/fashion_007.jpg,products/fashion_007_2.jpg,products/fashion_007_3.jpg,ProMax,FAS-PRO-00470,True,False,"ProMax Formal Shoes Premium, Fashion, ProMax, quality",Buy ProMax Formal Shoes Premium online. Best price. ProMax trusted brand.
471,Ultra Sneakers,ultra-sneakers-471,Fashion,High-quality Ultra Sneakers. Perfect for everyday use with premium features.,478.37,540.26,65,products/fashion_008.jpg,products/fashion_008_2.jpg,products/fashion_008_3.jpg,Ultra,FAS-ULT-00471,False,False,"Ultra Sneakers, Fashion, Ultra, quality",Buy Ultra Sneakers online. Best price. Ultra trusted brand.
472,Premium Loafers Standard,premium-loafers-standard-472,Fashion,High-quality Premium Loafers Standard. Perfect for everyday use with premium features.,37.64,42.67,43,products/fashion_009.jpg,products/fashion_009_2.jpg,products/fashion_009_3.jpg,Premium,FAS-PRE-00472,True,False,"Premium Loafers Standard, Fashion, Premium, quality",Buy Premium Loafers Standard online. Best price. Premium trusted brand.
473,Elite Hat Lite,elite-hat-lite-473,Fashion,High-quality Elite Hat Lite. Perfect for everyday use with premium features.,46.55,63.48,68,products/fashion_010.jpg,products/fashion_010_2.jpg,products/fashion_010_3.jpg,Elite,FAS-ELI-00473,False,False,"Elite Hat Lite, Fashion, Elite, quality",Buy Elite Hat Lite online. Best price. Elite trusted brand.
474,Modern Heels Lite,modern-heels-lite-474,Fashion,High-quality Modern Heels Lite. Perfect for everyday use with premium features.,14.29,19.92,64,products/fashion_011.jpg,products/fashion_011_2.jpg,products/fashion_011_3.jpg,Modern,FAS-MOD-00474,True,False,"Modern Heels Lite, Fashion, Modern, quality",Buy Modern Heels Lite online. Best price. Modern trusted brand.
475,Natural Hat Plus,natural-hat-plus-475,Fashion,High-quality Natural Hat Plus. Perfect for everyday use with premium features.,183.56,228.7,55,products/fashion_012.jpg,products/fashion_012_2.jpg,products/fashion_012_3.jpg,Natural,FAS-NAT-00475,True,False,"Natural Hat Plus, Fashion, Natural, quality",Buy Natural Hat Plus online. Best price. Natural trusted brand.
476,Natural Hat Plus,natural-hat-plus-476,Fashion,High-quality Natural Hat Plus. Perfect for everyday use with premium features.,130.9,145.2,59,products/fashion_013.jpg,products/fashion_013_2.jpg,products/fashion_013_3.jpg,Natural,FAS-NAT-00476,False,True,"Natural Hat Plus, Fashion, Natural, quality",Buy Natural Hat Plus online. Best price. Natural trusted brand.
477,Premium Hat Premium,premium-hat-premium-477,Fashion,High-quality Premium Hat Premium. Perfect for everyday use with premium features.,147.94,199.84,39,products/fashion_014.jpg,products/fashion_014_2.jpg,products/fashion_014_3.jpg,Premium,FAS-PRE-00477,True,True,"Premium Hat Premium, Fashion, Premium, quality",Buy Premium Hat Premium online. Best price. Premium trusted brand.
478,Natural Boots,natural-boots-478,Fashion,High-quality Natural Boots. Perfect for everyday use with premium features.,471.1,691.08,85,products/fashion_015.jpg,products/fashion_015_2.jpg,products/fashion_015_3.jpg,Natural,FAS-NAT-00478,False,False,"Natural Boots, Fashion, Natural, quality",Buy Natural Boots online. Best price. Natural trusted brand.
479,Organic Sneakers Plus,organic-sneakers-plus-479,Fashion,High-quality Organic Sneakers Plus. Perfect for everyday use with premium features.,67.24,86.53,88,products/fashion_016.jpg,products/fashion_016_2.jpg,products/fashion_016_3.jpg,Organic,FAS-ORG-00479,True,False,"Organic Sneakers Plus, Fashion, Organic, quality",Buy Organic Sneakers Plus online. Best price. Organic trusted brand.
480,Elite Scarf,elite-scarf-480,Fashion,High-quality Elite Scarf. Perfect for everyday use with premium features.,154.19,221.55,71,products/fashion_017.jpg,products/fashion_017_2.jpg,products/fashion_017_3.jpg,Elite,FAS-ELI-00480,True,False,"Elite Scarf, Fashion, Elite, quality",Buy Elite Scarf online. Best price. Elite trusted brand.
481,BrandX Socks Pro,brandx-socks-pro-481,Fashion,High-quality BrandX Socks Pro. Perfect for everyday use with premium features.,123.42,180.47,76,products/fashion_018.jpg,products/fashion_018_2.jpg,products/fashion_018_3.jpg,BrandX,FAS-BRA-00481,True,True,"BrandX Socks Pro, Fashion, BrandX, quality",Buy BrandX Socks Pro online. Best price. BrandX trusted brand.
482,Ultra Socks,ultra-socks-482,Fashion,High-quality Ultra Socks. Perfect for everyday use with premium features.,26.81,36.08,95,products/fashion_019.jpg,products/fashion_019_2.jpg,products/fashion_019_3.jpg,Ultra,FAS-ULT-00482,True,True,"Ultra Socks, Fashion, Ultra, quality",Buy Ultra Socks online. Best price. Ultra trusted brand.
483,Premium Gloves Premium,premium-gloves-premium-483,Fashion,High-quality Premium Gloves Premium. Perfect for everyday use with premium features.,455.75,525.95,47,products/fashion_020.jpg,products/fashion_020_2.jpg,products/fashion_020_3.jpg,Premium,FAS-PRE-00483,False,False,"Premium Gloves Premium, Fashion, Premium, quality",Buy Premium Gloves Premium online. Best price. Premium trusted brand.
484,Ultra Loafers Plus,ultra-loafers-plus-484,Fashion,High-quality Ultra Loafers Plus. Perfect for everyday use with premium features.,95.04,130.48,43,products/fashion_021.jpg,products/fashion_021_2.jpg,products/fashion_021_3.jpg,Ultra,FAS-ULT-00484,True,True,"Ultra Loafers Plus, Fashion, Ultra, quality",Buy Ultra Loafers Plus online. Best price. Ultra trusted brand.
485,Natural Scarf Premium,natural-scarf-premium-485,Fashion,High-quality Natural Scarf Premium. Perfect for everyday use with premium features.,94.14,134.38,65,products/fashion_022.jpg,products/fashion_022_2.jpg,products/fashion_022_3.jpg,Natural,FAS-NAT-00485,False,True,"Natural Scarf Premium, Fashion, Natural, quality",Buy Natural Scarf Premium online. Best price. Natural trusted brand.
486,Natural Boots Lite,natural-boots-lite-486,Fashion,High-quality Natural Boots Lite. Perfect for everyday use with premium features.,189.1,246.93,68,products/fashion_023.jpg,products/fashion_023_2.jpg,products/fashion_023_3.jpg,Natural,FAS-NAT-00486,True,False,"Natural Boots Lite, Fashion, Natural, quality",Buy Natural Boots Lite online. Best price. Natural trusted brand.
487,Ultra Sneakers Premium,ultra-sneakers-premium-487,Fashion,High-quality Ultra Sneakers Premium. Perfect for everyday use with premium features.,428.88,622.97,46,products/fashion_024.jpg,products/fashion_024_2.jpg,products/fashion_024_3.jpg,Ultra,FAS-ULT-00487,False,False,"Ultra Sneakers Premium, Fashion, Ultra, quality",Buy Ultra Sneakers Premium online. Best price. Ultra trusted brand.
488,Classic Gloves Pro,classic-gloves-pro-488,Fashion,High-quality Classic Gloves Pro. Perfect for everyday use with premium features.,241.22,287.72,11,products/fashion_025.jpg,products/fashion_025_2.jpg,products/fashion_025_3.jpg,Classic,FAS-CLA-00488,False,True,"Classic Gloves Pro, Fashion, Classic, quality",Buy Classic Gloves Pro online. Best price. Classic trusted brand.
490,BrandX Socks Plus,brandx-socks-plus-490,Fashion,High-quality BrandX Socks Plus. Perfect for everyday use with premium features.,465.95,640.83,54,products/fashion_026.jpg,products/fashion_026_2.jpg,products/fashion_026_3.jpg,BrandX,FAS-BRA-00490,True,False,"BrandX Socks Plus, Fashion, BrandX, quality",Buy BrandX Socks Plus online. Best price. BrandX trusted brand.
491,Natural Loafers Max,natural-loafers-max-491,Fashion,High-quality Natural Loafers Max. Perfect for everyday use with premium features.,450.04,576.04,85,products/fashion_027.jpg,products/fashion_027_2.jpg,products/fashion_027_3.jpg,Natural,FAS-NAT-00491,True,False,"Natural Loafers Max, Fashion, Natural, quality",Buy Natural Loafers Max online. Best price. Natural trusted brand.
492,Modern Gloves Plus,modern-gloves-plus-492,Fashion,High-quality Modern Gloves Plus. Perfect for everyday use with premium features.,136.81,150.9,47,products/fashion_028.jpg,products/fashion_028_2.jpg,products/fashion_028_3.jpg,Modern,FAS-MOD-00492,True,False,"Modern Gloves Plus, Fashion, Modern, quality",Buy Modern Gloves Plus online. Best price. Modern trusted brand.
493,BrandX Sandals Pro,brandx-sandals-pro-493,Fashion,High-quality BrandX Sandals Pro. Perfect for everyday use with premium features.,55.15,67.0,94,products/fashion_029.jpg,products/fashion_029_2.jpg,products/fashion_029_3.jpg,BrandX,FAS-BRA-00493,True,False,"BrandX Sandals Pro, Fashion, BrandX, quality",Buy BrandX Sandals Pro online. Best price. BrandX trusted brand.
494,Premium Heels Standard,premium-heels-standard-494,Fashion,High-quality Premium Heels Standard. Perfect for everyday use with premium features.,436.3,621.31,85,products/fashion_030.jpg,products/fashion_030_2.jpg,products/fashion_030_3.jpg,Premium,FAS-PRE-00494,True,False,"Premium Heels Standard, Fashion, Premium, quality",Buy Premium Heels Standard online. Best price. Premium trusted brand.
495,Smart Boots Plus,smart-boots-plus-495,Fashion,High-quality Smart Boots Plus. Perfect for everyday use with premium features.,361.94,416.35,34,products/fashion_031.jpg,products/fashion_031_2.jpg,products/fashion_031_3.jpg,Smart,FAS-SMA-00495,False,False,"Smart Boots Plus, Fashion, Smart, quality",Buy Smart Boots Plus online. Best price. Smart trusted brand.
